track_key,red_observations,complete_miss_count,complete_miss_rate,red_to_green_count,red_to_green_rate,longest_complete_miss_frames,longest_complete_miss_seconds,model,condition
Essen/Essen2/2015-04-22_11-54-56/Trafficlight_1,16,1,0.0625,0,0.0,1,0.0,yolov8n,clean
Essen/Essen2/2015-04-22_11-54-56/Trafficlight_2,12,0,0.0,0,0.0,0,0.0,yolov8n,clean
Essen/Essen2/2015-04-22_11-55-29/Trafficlight_1,22,2,0.09090909090909091,0,0.0,1,0.0,yolov8n,clean
Essen/Essen2/2015-04-22_11-55-29/Trafficlight_2,15,1,0.06666666666666667,0,0.0,1,0.0,yolov8n,clean
Essen/Essen2/2015-04-22_11-55-29/Trafficlight_3,21,1,0.047619047619047616,0,0.0,1,0.0,yolov8n,clean
Essen/Essen2/2015-04-22_11-58-40/Trafficlight_1,1,0,0.0,0,0.0,0,0.0,yolov8n,clean
Essen/Essen2/2015-04-22_11-58-40/Trafficlight_2,1,0,0.0,0,0.0,0,0.0,yolov8n,clean
Essen/Essen2/2015-04-22_11-59-47/Trafficlight_1,14,7,0.5,0,0.0,7,6.333770036697388,yolov8n,clean
Essen/Essen2/2015-04-22_11-59-47/Trafficlight_2,18,0,0.0,0,0.0,0,0.0,yolov8n,clean
Essen/Essen2/2015-04-22_11-59-47/Trafficlight_3,21,11,0.5238095238095238,0,0.0,2,0.5335609912872314,yolov8n,clean
Essen/Essen2/2015-04-22_12-00-12/Trafficlight_1,12,3,0.25,0,0.0,2,0.27016210556030273,yolov8n,clean
Essen/Essen2/2015-04-22_12-00-12/Trafficlight_2,12,7,0.5833333333333334,0,0.0,7,1.602142095565796,yolov8n,clean
Essen/Essen2/2015-04-22_12-00-12/Trafficlight_3,18,5,0.2777777777777778,0,0.0,4,0.8018250465393066,yolov8n,clean
Essen/Essen2/2015-04-22_12-00-50/Trafficlight_1,8,3,0.375,0,0.0,3,3.466460943222046,yolov8n,clean
Essen/Essen2/2015-04-22_12-00-50/Trafficlight_2,4,0,0.0,0,0.0,0,0.0,yolov8n,clean
Essen/Essen2/2015-04-22_12-00-50/Trafficlight_3,7,2,0.2857142857142857,0,0.0,2,1.73030686378479,yolov8n,clean
Essen/Essen2/2015-04-22_12-03-07/Trafficlight_7,1,1,1.0,0,0.0,1,0.0,yolov8n,clean
Essen/Essen2/2015-04-22_12-03-07/Trafficlight_8,1,1,1.0,0,0.0,1,0.0,yolov8n,clean
Essen/Essen2/2015-04-22_12-03-17/Trafficlight_1,11,10,0.9090909090909091,0,0.0,10,3.064750909805298,yolov8n,clean
Essen/Essen2/2015-04-22_12-03-17/Trafficlight_2,11,9,0.8181818181818182,0,0.0,9,2.731131076812744,yolov8n,clean
Essen/Essen2/2015-04-22_12-03-17/Trafficlight_3,10,7,0.7,0,0.0,5,1.400094985961914,yolov8n,clean
Essen/Essen2/2015-04-22_12-03-17/Trafficlight_4,2,2,1.0,0,0.0,2,0.33318114280700684,yolov8n,clean
Essen/Essen2/2015-04-22_12-04-52/Trafficlight_1,18,11,0.6111111111111112,0,0.0,5,1.3328280448913574,yolov8n,clean
Essen/Essen2/2015-04-22_12-04-52/Trafficlight_5,6,6,1.0,0,0.0,6,1.664518117904663,yolov8n,clean
Essen/Essen2/2015-04-22_12-07-48/Trafficlight_1,7,5,0.7142857142857143,0,0.0,3,0.6662139892578125,yolov8n,clean
Essen/Essen2/2015-04-22_12-07-48/Trafficlight_2,7,2,0.2857142857142857,0,0.0,1,0.0,yolov8n,clean
Essen/Essen2/2015-04-22_12-07-48/Trafficlight_3,7,7,1.0,0,0.0,7,1.999337911605835,yolov8n,clean
Essen/Essen2/2015-04-22_12-10-46/Trafficlight_2,10,0,0.0,1,0.1,0,0.0,yolov8n,clean
Essen/Essen2/2015-04-22_12-10-46/Trafficlight_3,16,2,0.125,0,0.0,2,1.0018799304962158,yolov8n,clean
Essen/Essen2/2015-04-22_12-10-46/Trafficlight_1,13,6,0.46153846153846156,0,0.0,4,3.0016729831695557,yolov8n,clean
Essen/Essen2/2015-04-22_12-12-38/Trafficlight_1,14,6,0.42857142857142855,0,0.0,5,1.464158058166504,yolov8n,clean
Essen/Essen2/2015-04-22_12-12-38/Trafficlight_2,16,4,0.25,0,0.0,3,0.7303791046142578,yolov8n,clean
Essen/Essen2/2015-04-22_12-14-33/Trafficlight_1,5,1,0.2,0,0.0,1,0.0,yolov8n,clean
Essen/Essen2/2015-04-22_12-14-33/Trafficlight_2,4,0,0.0,0,0.0,0,0.0,yolov8n,clean
Essen/Essen2/2015-04-22_12-14-33/Trafficlight_3,5,1,0.2,0,0.0,1,0.0,yolov8n,clean
Essen/Essen2/2015-04-22_12-16-21/Trafficlight_1,16,1,0.0625,0,0.0,1,0.0,yolov8n,clean
Essen/Essen2/2015-04-22_12-16-21/Trafficlight_2,12,4,0.3333333333333333,0,0.0,3,0.7985739707946777,yolov8n,clean
Essen/Essen2/2015-04-22_12-17-10/Trafficlight_2,9,9,1.0,0,0.0,9,5.531995058059692,yolov8n,clean
Essen/Essen2/2015-04-22_12-17-10/Trafficlight_1,17,7,0.4117647058823529,0,0.0,6,3.3997910022735596,yolov8n,clean
Essen/Essen2/2015-04-22_12-17-10/Trafficlight_3,13,7,0.5384615384615384,0,0.0,6,3.4670660495758057,yolov8n,clean
Essen/Essen3/2015-04-22_12-21-40/Trafficlight_2,20,12,0.6,0,0.0,12,2.201457977294922,yolov8n,clean
Essen/Essen3/2015-04-22_12-21-40/Trafficlight_3,1,0,0.0,0,0.0,0,0.0,yolov8n,clean
Essen/Essen3/2015-04-22_12-22-11/Trafficlight_2,4,4,1.0,0,0.0,4,2.125485897064209,yolov8n,clean
Essen/Essen3/2015-04-22_12-22-11/Trafficlight_3,6,0,0.0,0,0.0,0,0.0,yolov8n,clean
Essen/Essen3/2015-04-22_12-22-11/Trafficlight_4,11,0,0.0,0,0.0,0,0.0,yolov8n,clean
Essen/Essen3/2015-04-22_12-24-28/Trafficlight_1,5,3,0.6,0,0.0,2,1.0009028911590576,yolov8n,clean
Essen/Essen3/2015-04-22_12-24-28/Trafficlight_2,5,2,0.4,0,0.0,1,0.0,yolov8n,clean
Essen/Essen3/2015-04-22_12-24-28/Trafficlight_3,2,0,0.0,0,0.0,0,0.0,yolov8n,clean
Essen/Essen3/2015-04-22_12-28-48/Trafficlight_1,20,6,0.3,0,0.0,4,1.5982048511505127,yolov8n,clean
Essen/Essen3/2015-04-22_12-28-48/Trafficlight_5,10,6,0.6,0,0.0,4,1.5991549491882324,yolov8n,clean
Essen/Essen3/2015-04-22_12-31-21/Trafficlight_4,1,1,1.0,0,0.0,1,0.0,yolov8n,clean
Essen/Essen3/2015-04-22_12-31-56/Trafficlight_1,8,5,0.625,0,0.0,3,0.2619669437408447,yolov8n,clean
Essen/Essen3/2015-04-22_12-31-56/Trafficlight_2,19,3,0.15789473684210525,0,0.0,3,0.2619669437408447,yolov8n,clean
Essen/Essen3/2015-04-22_12-31-56/Trafficlight_3,9,5,0.5555555555555556,0,0.0,4,3.8662109375,yolov8n,clean
Essen/Essen3/2015-04-22_12-31-56/Trafficlight_4,9,2,0.2222222222222222,0,0.0,2,1.2657849788665771,yolov8n,clean
Essen/Essen3/2015-04-22_12-31-56/Trafficlight_16,8,0,0.0,0,0.0,0,0.0,yolov8n,clean
Essen/Essen3/2015-04-22_12-31-56/Trafficlight_17,6,0,0.0,0,0.0,0,0.0,yolov8n,clean
Essen/Essen3/2015-04-22_12-31-56/Trafficlight_18,10,0,0.0,0,0.0,0,0.0,yolov8n,clean
Fulda/Fulda2/2015-05-15_18-00-09/Trafficlight_1,10,0,0.0,0,0.0,0,0.0,yolov8n,clean
Fulda/Fulda2/2015-05-15_18-00-09/Trafficlight_7,3,0,0.0,0,0.0,0,0.0,yolov8n,clean
Fulda/Fulda2/2015-05-15_18-00-57/Trafficlight_1,14,2,0.14285714285714285,0,0.0,2,0.5875608921051025,yolov8n,clean
Fulda/Fulda2/2015-05-15_18-00-57/Trafficlight_2,10,1,0.1,0,0.0,1,0.0,yolov8n,clean
Fulda/Fulda2/2015-05-15_18-00-57/Trafficlight_3,10,0,0.0,2,0.2,0,0.0,yolov8n,clean
Fulda/Fulda2/2015-05-15_18-01-58/Trafficlight_14,3,3,1.0,0,0.0,3,1.1750850677490234,yolov8n,clean
Fulda/Fulda2/2015-05-15_18-03-39/Trafficlight_5,11,2,0.18181818181818182,0,0.0,1,0.0,yolov8n,clean
Fulda/Fulda2/2015-05-15_18-03-39/Trafficlight_6,7,0,0.0,0,0.0,0,0.0,yolov8n,clean
Fulda/Fulda2/2015-05-15_18-03-39/Trafficlight_7,11,0,0.0,0,0.0,0,0.0,yolov8n,clean
Fulda/Fulda2/2015-05-15_18-04-24/Trafficlight_2,15,4,0.26666666666666666,0,0.0,2,0.5911819934844971,yolov8n,clean
Fulda/Fulda2/2015-05-15_18-05-38/Trafficlight_1,16,0,0.0,0,0.0,0,0.0,yolov8n,clean
Fulda/Fulda2/2015-05-15_18-05-38/Trafficlight_7,14,3,0.21428571428571427,0,0.0,3,1.176785945892334,yolov8n,clean
Fulda/Fulda2/2015-05-15_18-05-38/Trafficlight_12,7,7,1.0,0,0.0,4,1.763545036315918,yolov8n,clean
Fulda/Fulda2/2015-05-15_18-07-04/Trafficlight_2,7,2,0.2857142857142857,0,0.0,2,0.5888309478759766,yolov8n,clean
Fulda/Fulda2/2015-05-15_18-07-04/Trafficlight_3,10,1,0.1,0,0.0,1,0.0,yolov8n,clean
Fulda/Fulda2/2015-05-15_18-07-04/Trafficlight_14,2,2,1.0,0,0.0,2,0.5877358913421631,yolov8n,clean
Fulda/Fulda2/2015-05-15_18-07-37/Trafficlight_2,2,0,0.0,0,0.0,0,0.0,yolov8n,clean
Fulda/Fulda2/2015-05-15_18-07-37/Trafficlight_3,3,0,0.0,0,0.0,0,0.0,yolov8n,clean
Fulda/Fulda2/2015-05-15_18-08-11/Trafficlight_1,8,0,0.0,0,0.0,0,0.0,yolov8n,clean
Fulda/Fulda2/2015-05-15_18-08-11/Trafficlight_2,8,0,0.0,0,0.0,0,0.0,yolov8n,clean
Fulda/Fulda2/2015-05-15_18-09-21/Trafficlight_1,14,8,0.5714285714285714,0,0.0,3,1.176116943359375,yolov8n,clean
Fulda/Fulda2/2015-05-15_18-09-21/Trafficlight_2,5,0,0.0,0,0.0,0,0.0,yolov8n,clean
Fulda/Fulda2/2015-05-15_18-11-25/Trafficlight_1,14,0,0.0,0,0.0,0,0.0,yolov8n,clean
Fulda/Fulda2/2015-05-15_18-11-25/Trafficlight_2,9,0,0.0,0,0.0,0,0.0,yolov8n,clean
Fulda/Fulda2/2015-05-15_18-11-25/Trafficlight_3,12,0,0.0,0,0.0,0,0.0,yolov8n,clean
Fulda/Fulda2/2015-05-15_18-12-26/Trafficlight_12,1,1,1.0,0,0.0,1,0.0,yolov8n,clean
Fulda/Fulda2/2015-05-15_18-12-26/Trafficlight_13,1,0,0.0,0,0.0,0,0.0,yolov8n,clean
Fulda/Fulda2/2015-05-15_18-13-56/Trafficlight_2,3,1,0.3333333333333333,0,0.0,1,0.0,yolov8n,clean
Fulda/Fulda2/2015-05-15_18-13-56/Trafficlight_3,3,1,0.3333333333333333,0,0.0,1,0.0,yolov8n,clean
Fulda/Fulda2/2015-05-15_18-13-56/Trafficlight_4,4,4,1.0,0,0.0,4,1.76487398147583,yolov8n,clean
Hannover/Hannover4/2015-04-20_13-51-29/Trafficlight_7,20,20,1.0,0,0.0,20,5.936743974685669,yolov8n,clean
Hannover/Hannover4/2015-04-20_13-51-36/Trafficlight_4,20,20,1.0,0,0.0,20,1.467405080795288,yolov8n,clean
Hannover/Hannover4/2015-04-20_13-51-36/Trafficlight_6,10,10,1.0,0,0.0,10,0.6674211025238037,yolov8n,clean
Hannover/Hannover4/2015-04-20_13-51-40/Trafficlight_2,20,9,0.45,0,0.0,4,1.865178108215332,yolov8n,clean
Hannover/Hannover4/2015-04-20_13-51-40/Trafficlight_1,18,15,0.8333333333333334,0,0.0,15,9.93589997291565,yolov8n,clean
Hannover/Hannover4/2015-04-20_13-51-40/Trafficlight_3,19,13,0.6842105263157895,0,0.0,7,3.73987078666687,yolov8n,clean
Hannover/Hannover4/2015-04-20_13-54-28/Trafficlight_2,4,0,0.0,0,0.0,0,0.0,yolov8n,clean
Hannover/Hannover4/2015-04-20_13-54-28/Trafficlight_3,13,5,0.38461538461538464,0,0.0,2,1.8680229187011719,yolov8n,clean
Hannover/Hannover4/2015-04-20_13-54-28/Trafficlight_7,5,5,1.0,0,0.0,5,3.7315638065338135,yolov8n,clean
Hannover/Hannover4/2015-04-20_13-56-44/Trafficlight_3,12,0,0.0,0,0.0,0,0.0,yolov8n,clean
Hannover/Hannover4/2015-04-20_13-56-44/Trafficlight_4,19,2,0.10526315789473684,0,0.0,1,0.0,yolov8n,clean
Hannover/Hannover4/2015-04-20_13-57-56/Trafficlight_4,19,19,1.0,0,0.0,19,1.1975510120391846,yolov8n,clean
Hannover/Hannover4/2015-04-20_13-58-03/Trafficlight_3,16,1,0.0625,0,0.0,1,0.0,yolov8n,clean
Hannover/Hannover4/2015-04-20_13-58-03/Trafficlight_4,23,7,0.30434782608695654,0,0.0,4,2.0670831203460693,yolov8n,clean
Hannover/Hannover4/2015-04-20_13-59-27/Trafficlight_1,20,4,0.2,0,0.0,1,0.0,yolov8n,clean
Hannover/Hannover4/2015-04-20_14-00-12/Trafficlight_1,26,12,0.46153846153846156,0,0.0,7,3.5343780517578125,yolov8n,clean
Hannover/Hannover4/2015-04-20_14-00-12/Trafficlight_2,29,0,0.0,0,0.0,0,0.0,yolov8n,clean
Hannover/Hannover4/2015-04-20_14-00-12/Trafficlight_3,9,0,0.0,0,0.0,0,0.0,yolov8n,clean
Hannover/Hannover4/2015-04-20_14-01-01/Trafficlight_2,20,0,0.0,0,0.0,0,0.0,yolov8n,clean
Hannover/Hannover4/2015-04-20_14-01-01/Trafficlight_1,20,5,0.25,0,0.0,3,1.733983039855957,yolov8n,clean
Hannover/Hannover4/2015-04-20_14-02-07/Trafficlight_4,20,20,1.0,0,0.0,20,5.469353914260864,yolov8n,clean
Hannover/Hannover4/2015-04-20_14-02-24/Trafficlight_2,8,0,0.0,0,0.0,0,0.0,yolov8n,clean
Hannover/Hannover4/2015-04-20_14-02-24/Trafficlight_3,10,7,0.7,0,0.0,3,0.6020488739013672,yolov8n,clean
Hannover/Hannover4/2015-04-20_14-02-24/Trafficlight_1,9,2,0.2222222222222222,0,0.0,2,0.26640796661376953,yolov8n,clean
Hannover/Hannover4/2015-04-20_14-02-24/Trafficlight_5,1,1,1.0,0,0.0,1,0.0,yolov8n,clean
Hannover/Hannover4/2015-04-20_14-04-24/Trafficlight_3,6,4,0.6666666666666666,0,0.0,4,1.6685810089111328,yolov8n,clean
Hannover/Hannover4/2015-04-20_14-04-24/Trafficlight_4,4,0,0.0,0,0.0,0,0.0,yolov8n,clean
Hannover/Hannover4/2015-04-20_14-04-24/Trafficlight_5,14,7,0.5,0,0.0,6,2.8010809421539307,yolov8n,clean
Hannover/Hannover4/2015-04-20_14-05-57/Trafficlight_2,12,0,0.0,0,0.0,0,0.0,yolov8n,clean
Hannover/Hannover4/2015-04-20_14-05-57/Trafficlight_1,7,4,0.5714285714285714,0,0.0,3,1.7996389865875244,yolov8n,clean
Hannover/Hannover4/2015-04-20_14-05-57/Trafficlight_3,17,2,0.11764705882352941,0,0.0,2,0.8647990226745605,yolov8n,clean
Hannover/Hannover4/2015-04-20_14-06-51/Trafficlight_2,15,1,0.06666666666666667,0,0.0,1,0.0,yolov8n,clean
Hannover/Hannover4/2015-04-20_14-06-51/Trafficlight_1,18,0,0.0,0,0.0,0,0.0,yolov8n,clean
Hannover/Hannover4/2015-04-20_14-06-51/Trafficlight_3,18,3,0.16666666666666666,0,0.0,2,0.5323829650878906,yolov8n,clean
Hannover/Hannover4/2015-04-20_14-08-36/Trafficlight_4,10,0,0.0,0,0.0,0,0.0,yolov8n,clean
Hannover/Hannover4/2015-04-20_14-08-36/Trafficlight_5,20,0,0.0,0,0.0,0,0.0,yolov8n,clean
Hannover/Hannover4/2015-04-20_14-08-36/Trafficlight_3,9,5,0.5555555555555556,0,0.0,4,1.0020370483398438,yolov8n,clean
Hannover/Hannover4/2015-04-20_14-09-52/Trafficlight_1,20,2,0.1,0,0.0,1,0.0,yolov8n,clean
Hannover/Hannover4/2015-04-20_14-09-52/Trafficlight_2,20,2,0.1,0,0.0,1,0.0,yolov8n,clean
Hannover/Hannover4/2015-04-20_14-11-20/Trafficlight_1,12,1,0.08333333333333333,0,0.0,1,0.0,yolov8n,clean
Hannover/Hannover4/2015-04-20_14-11-20/Trafficlight_3,3,1,0.3333333333333333,0,0.0,1,0.0,yolov8n,clean
Hannover/Hannover4/2015-04-20_14-12-16/Trafficlight_4,7,7,1.0,0,0.0,7,2.398069143295288,yolov8n,clean
Hannover/Hannover4/2015-04-20_14-12-16/Trafficlight_5,7,7,1.0,0,0.0,7,2.398069143295288,yolov8n,clean
Hannover/Hannover4/2015-04-20_14-12-16/Trafficlight_6,20,20,1.0,0,0.0,20,7.598844051361084,yolov8n,clean
Hannover/Hannover4/2015-04-20_14-16-02/Trafficlight_2,14,1,0.07142857142857142,0,0.0,1,0.0,yolov8n,clean
Hannover/Hannover4/2015-04-20_14-16-02/Trafficlight_3,19,4,0.21052631578947367,0,0.0,2,0.6013720035552979,yolov8n,clean
Hannover/Hannover4/2015-04-20_14-16-02/Trafficlight_1,8,5,0.625,0,0.0,4,1.8674218654632568,yolov8n,clean
Hannover/Hannover4/2015-04-20_14-17-12/Trafficlight_2,20,2,0.1,0,0.0,2,0.33080101013183594,yolov8n,clean
Hannover/Hannover4/2015-04-20_14-17-12/TrafficLight_6,20,13,0.65,0,0.0,7,1.9302921295166016,yolov8n,clean
Hannover/Hannover4/2015-04-20_14-31-46/Trafficlight_3,4,0,0.0,0,0.0,0,0.0,yolov8n,clean
Hannover/Hannover4/2015-04-20_14-31-46/Trafficlight_4,8,0,0.0,0,0.0,0,0.0,yolov8n,clean
Hannover/Hannover4/2015-04-20_14-31-46/Trafficlight_2,9,5,0.5555555555555556,0,0.0,4,1.935487985610962,yolov8n,clean
Hannover/Hannover4/2015-04-20_14-32-25/Trafficlight_3,14,0,0.0,0,0.0,0,0.0,yolov8n,clean
Hannover/Hannover4/2015-04-20_14-32-25/Trafficlight_4,20,4,0.2,0,0.0,2,0.5329439640045166,yolov8n,clean
Hannover/Hannover4/2015-04-20_14-33-38/Trafficlight_2,6,1,0.16666666666666666,0,0.0,1,0.0,yolov8n,clean
Hannover/Hannover4/2015-04-20_14-33-38/Trafficlight_3,20,0,0.0,0,0.0,0,0.0,yolov8n,clean
Koeln/Koeln2/2015-04-23_12-31-31/Trafficlight_1,2,0,0.0,0,0.0,0,0.0,yolov8n,clean
Koeln/Koeln2/2015-04-23_12-31-31/Trafficlight_2,2,1,0.5,0,0.0,1,0.0,yolov8n,clean
Koeln/Koeln2/2015-04-23_12-31-31/Trafficlight_3,2,2,1.0,0,0.0,2,0.47226786613464355,yolov8n,clean
Koeln/Koeln2/2015-04-23_12-33-22/Trafficlight_19,1,1,1.0,0,0.0,1,0.0,yolov8n,clean
Koeln/Koeln2/2015-04-23_12-54-40/Trafficlight_3,9,5,0.5555555555555556,0,0.0,4,2.531008005142212,yolov8n,clean
Koeln/Koeln2/2015-04-23_12-54-40/Trafficlight_4,9,7,0.7777777777777778,3,0.3333333333333333,6,4.289169073104858,yolov8n,clean
Koeln/Koeln2/2015-04-23_12-55-44/Trafficlight_3,8,4,0.5,0,0.0,3,1.5286929607391357,yolov8n,clean
Koeln/Koeln2/2015-04-23_12-55-44/Trafficlight_1,8,4,0.5,0,0.0,3,1.5271339416503906,yolov8n,clean
Koeln/Koeln2/2015-04-23_12-55-44/Trafficlight_2,7,6,0.8571428571428571,0,0.0,6,3.821012020111084,yolov8n,clean
Koeln/Koeln2/2015-04-23_12-56-08/Trafficlight_2,11,0,0.0,0,0.0,0,0.0,yolov8n,clean
Koeln/Koeln2/2015-04-23_12-56-08/Trafficlight_1,20,7,0.35,0,0.0,7,5.290742874145508,yolov8n,clean
Koeln/Koeln2/2015-04-23_12-56-08/Trafficlight_3,15,1,0.06666666666666667,0,0.0,1,0.0,yolov8n,clean
Koeln/Koeln2/2015-04-23_12-58-12/Trafficlight_1,20,13,0.65,0,0.0,6,4.880644083023071,yolov8n,clean
Koeln/Koeln2/2015-04-23_12-58-12/Trafficlight_2,20,0,0.0,0,0.0,0,0.0,yolov8n,clean
Koeln/Koeln2/2015-04-23_13-03-59/Trafficlight_2,5,5,1.0,0,0.0,5,2.116795063018799,yolov8n,clean
Koeln/Koeln2/2015-04-23_13-03-59/Trafficlight_3,7,3,0.42857142857142855,0,0.0,3,1.3537070751190186,yolov8n,clean
Koeln/Koeln2/2015-04-23_13-05-35/Trafficlight_4,3,0,0.0,0,0.0,0,0.0,yolov8n,clean
Koeln/Koeln2/2015-04-23_13-05-35/Trafficlight_5,4,0,0.0,0,0.0,0,0.0,yolov8n,clean
Koeln/Koeln2/2015-04-23_13-10-19/Trafficlight_1,3,0,0.0,0,0.0,0,0.0,yolov8n,clean
Koeln/Koeln2/2015-04-23_13-10-19/Trafficlight_3,5,0,0.0,0,0.0,0,0.0,yolov8n,clean
Koeln/Koeln2/2015-04-23_13-10-19/Trafficlight_7,6,6,1.0,0,0.0,4,2.4686670303344727,yolov8n,clean
Koeln/Koeln2/2015-04-23_13-10-19/Trafficlight_8,6,6,1.0,0,0.0,4,2.4686670303344727,yolov8n,clean
Koeln/Koeln2/2015-04-23_13-11-46/Trafficlight_1,5,5,1.0,0,0.0,5,4.520406007766724,yolov8n,clean
Koeln/Koeln2/2015-04-23_13-11-46/Trafficlight_3,7,4,0.5714285714285714,0,0.0,3,2.4709131717681885,yolov8n,clean
Koeln/Koeln2/2015-04-23_13-15-36/Trafficlight_4,13,13,1.0,0,0.0,13,6.585233926773071,yolov8n,clean
Koeln/Koeln2/2015-04-23_13-15-36/Trafficlight_5,2,2,1.0,0,0.0,2,0.7070450782775879,yolov8n,clean
Koeln/Koeln2/2015-04-23_13-15-59/Trafficlight_4,15,0,0.0,0,0.0,0,0.0,yolov8n,clean
Koeln/Koeln2/2015-04-23_13-15-59/Trafficlight_3,7,0,0.0,0,0.0,0,0.0,yolov8n,clean
Koeln/Koeln2/2015-04-23_13-16-45/Trafficlight_5,2,0,0.0,0,0.0,0,0.0,yolov8n,clean
Koeln/Koeln2/2015-04-23_13-18-13/Trafficlight_4,7,6,0.8571428571428571,0,0.0,3,0.704395055770874,yolov8n,clean
Koeln/Koeln2/2015-04-23_13-18-13/Trafficlight_5,12,10,0.8333333333333334,0,0.0,9,2.8230080604553223,yolov8n,clean
Koeln/Koeln2/2015-04-23_13-18-13/Trafficlight_6,13,2,0.15384615384615385,0,0.0,2,0.3517429828643799,yolov8n,clean
Koeln/Koeln2/2015-04-23_13-18-13/Trafficlight_7,19,1,0.05263157894736842,0,0.0,1,0.0,yolov8n,clean
Koeln/Koeln2/2015-04-23_13-19-07/Trafficlight_1,12,0,0.0,0,0.0,0,0.0,yolov8n,clean
Koeln/Koeln2/2015-04-23_13-19-07/Trafficlight_2,4,0,0.0,0,0.0,0,0.0,yolov8n,clean
Koeln/Koeln2/2015-04-23_13-19-07/Trafficlight_3,5,1,0.2,0,0.0,1,0.0,yolov8n,clean
Koeln/Koeln2/2015-04-23_13-19-07/Trafficlight_6,12,3,0.25,0,0.0,1,0.0,yolov8n,clean
Koeln/Koeln2/2015-04-23_13-19-07/Trafficlight_7,5,0,0.0,0,0.0,0,0.0,yolov8n,clean
Koeln/Koeln2/2015-04-23_13-19-07/Trafficlight_8,6,1,0.16666666666666666,0,0.0,1,0.0,yolov8n,clean
Koeln/Koeln2/2015-04-23_13-22-16/Trafficlight_5,16,7,0.4375,0,0.0,3,1.704421043395996,yolov8n,clean
Koeln/Koeln2/2015-04-23_13-22-16/Trafficlight_6,14,3,0.21428571428571427,0,0.0,3,1.7008659839630127,yolov8n,clean
Koeln/Koeln2/2015-04-23_13-26-00/Trafficlight_1,5,5,1.0,0,0.0,5,0.23670387268066406,yolov8n,clean
Koeln/Koeln2/2015-04-23_13-26-00/Trafficlight_2,11,5,0.45454545454545453,1,0.09090909090909091,2,0.05543088912963867,yolov8n,clean
Koeln/Koeln2/2015-04-23_13-27-52/Trafficlight_2,9,1,0.1111111111111111,0,0.0,1,0.0,yolov8n,clean
Koeln/Koeln2/2015-04-23_13-27-52/Trafficlight_3,9,0,0.0,0,0.0,0,0.0,yolov8n,clean
Koeln/Koeln2/2015-04-23_13-28-56/Trafficlight_1,1,0,0.0,0,0.0,0,0.0,yolov8n,clean
Koeln/Koeln2/2015-04-23_13-28-56/Trafficlight_3,1,0,0.0,0,0.0,0,0.0,yolov8n,clean
Koeln/Koeln2/2015-04-23_13-29-48/Trafficlight_1,17,1,0.058823529411764705,0,0.0,1,0.0,yolov8n,clean
Koeln/Koeln2/2015-04-23_13-29-48/Trafficlight_2,13,1,0.07692307692307693,0,0.0,1,0.0,yolov8n,clean
Koeln/Koeln2/2015-04-23_13-29-48/Trafficlight_3,17,7,0.4117647058823529,0,0.0,7,2.2319469451904297,yolov8n,clean
Koeln/Koeln2/2015-04-23_13-30-07/Trafficlight_2,11,0,0.0,0,0.0,0,0.0,yolov8n,clean
Koeln/Koeln2/2015-04-23_13-30-07/Trafficlight_3,14,0,0.0,0,0.0,0,0.0,yolov8n,clean
Koeln/Koeln2/2015-04-23_13-30-57/Trafficlight_3,10,0,0.0,0,0.0,0,0.0,yolov8n,clean
Koeln/Koeln2/2015-04-23_13-30-57/Trafficlight_4,12,1,0.08333333333333333,0,0.0,1,0.0,yolov8n,clean
Essen/Essen2/2015-04-22_11-54-56/Trafficlight_1,16,0,0.0,0,0.0,0,0.0,yolo11n,clean
Essen/Essen2/2015-04-22_11-54-56/Trafficlight_2,12,0,0.0,0,0.0,0,0.0,yolo11n,clean
Essen/Essen2/2015-04-22_11-55-29/Trafficlight_1,22,3,0.13636363636363635,0,0.0,3,0.7990820407867432,yolo11n,clean
Essen/Essen2/2015-04-22_11-55-29/Trafficlight_2,15,2,0.13333333333333333,0,0.0,2,0.3983139991760254,yolo11n,clean
Essen/Essen2/2015-04-22_11-55-29/Trafficlight_3,21,1,0.047619047619047616,0,0.0,1,0.0,yolo11n,clean
Essen/Essen2/2015-04-22_11-58-40/Trafficlight_1,1,0,0.0,0,0.0,0,0.0,yolo11n,clean
Essen/Essen2/2015-04-22_11-58-40/Trafficlight_2,1,0,0.0,0,0.0,0,0.0,yolo11n,clean
Essen/Essen2/2015-04-22_11-59-47/Trafficlight_1,14,8,0.5714285714285714,0,0.0,7,6.333770036697388,yolo11n,clean
Essen/Essen2/2015-04-22_11-59-47/Trafficlight_2,18,0,0.0,0,0.0,0,0.0,yolo11n,clean
Essen/Essen2/2015-04-22_11-59-47/Trafficlight_3,21,7,0.3333333333333333,0,0.0,2,0.5352718830108643,yolo11n,clean
Essen/Essen2/2015-04-22_12-00-12/Trafficlight_1,12,5,0.4166666666666667,0,0.0,3,0.5360829830169678,yolo11n,clean
Essen/Essen2/2015-04-22_12-00-12/Trafficlight_2,12,6,0.5,0,0.0,6,1.33628511428833,yolo11n,clean
Essen/Essen2/2015-04-22_12-00-12/Trafficlight_3,18,1,0.05555555555555555,0,0.0,1,0.0,yolo11n,clean
Essen/Essen2/2015-04-22_12-00-50/Trafficlight_1,8,0,0.0,0,0.0,0,0.0,yolo11n,clean
Essen/Essen2/2015-04-22_12-00-50/Trafficlight_2,4,0,0.0,0,0.0,0,0.0,yolo11n,clean
Essen/Essen2/2015-04-22_12-00-50/Trafficlight_3,7,3,0.42857142857142855,0,0.0,3,3.466460943222046,yolo11n,clean
Essen/Essen2/2015-04-22_12-03-07/Trafficlight_7,1,1,1.0,0,0.0,1,0.0,yolo11n,clean
Essen/Essen2/2015-04-22_12-03-07/Trafficlight_8,1,1,1.0,0,0.0,1,0.0,yolo11n,clean
Essen/Essen2/2015-04-22_12-03-17/Trafficlight_1,11,11,1.0,0,0.0,11,3.3990509510040283,yolo11n,clean
Essen/Essen2/2015-04-22_12-03-17/Trafficlight_2,11,7,0.6363636363636364,0,0.0,3,0.733691930770874,yolo11n,clean
Essen/Essen2/2015-04-22_12-03-17/Trafficlight_3,10,1,0.1,0,0.0,1,0.0,yolo11n,clean
Essen/Essen2/2015-04-22_12-03-17/Trafficlight_4,2,2,1.0,0,0.0,2,0.33318114280700684,yolo11n,clean
Essen/Essen2/2015-04-22_12-04-52/Trafficlight_1,18,12,0.6666666666666666,0,0.0,7,1.9981029033660889,yolo11n,clean
Essen/Essen2/2015-04-22_12-04-52/Trafficlight_5,6,6,1.0,0,0.0,6,1.664518117904663,yolo11n,clean
Essen/Essen2/2015-04-22_12-07-48/Trafficlight_1,7,7,1.0,0,0.0,7,1.999337911605835,yolo11n,clean
Essen/Essen2/2015-04-22_12-07-48/Trafficlight_2,7,0,0.0,0,0.0,0,0.0,yolo11n,clean
Essen/Essen2/2015-04-22_12-07-48/Trafficlight_3,7,5,0.7142857142857143,0,0.0,5,1.3302381038665771,yolo11n,clean
Essen/Essen2/2015-04-22_12-10-46/Trafficlight_2,10,0,0.0,0,0.0,0,0.0,yolo11n,clean
Essen/Essen2/2015-04-22_12-10-46/Trafficlight_3,16,4,0.25,0,0.0,4,3.0016729831695557,yolo11n,clean
Essen/Essen2/2015-04-22_12-10-46/Trafficlight_1,13,6,0.46153846153846156,0,0.0,4,3.0016729831695557,yolo11n,clean
Essen/Essen2/2015-04-22_12-12-38/Trafficlight_1,14,7,0.5,0,0.0,5,1.46451997756958,yolo11n,clean
Essen/Essen2/2015-04-22_12-12-38/Trafficlight_2,16,1,0.0625,0,0.0,1,0.0,yolo11n,clean
Essen/Essen2/2015-04-22_12-14-33/Trafficlight_1,5,4,0.8,0,0.0,4,1.4003589153289795,yolo11n,clean
Essen/Essen2/2015-04-22_12-14-33/Trafficlight_2,4,0,0.0,0,0.0,0,0.0,yolo11n,clean
Essen/Essen2/2015-04-22_12-14-33/Trafficlight_3,5,4,0.8,0,0.0,3,0.8670551776885986,yolo11n,clean
Essen/Essen2/2015-04-22_12-16-21/Trafficlight_1,16,0,0.0,0,0.0,0,0.0,yolo11n,clean
Essen/Essen2/2015-04-22_12-16-21/Trafficlight_2,12,3,0.25,0,0.0,3,0.7985739707946777,yolo11n,clean
Essen/Essen2/2015-04-22_12-17-10/Trafficlight_2,9,3,0.3333333333333333,0,0.0,2,0.6669800281524658,yolo11n,clean
Essen/Essen2/2015-04-22_12-17-10/Trafficlight_1,17,6,0.35294117647058826,0,0.0,6,3.3997910022735596,yolo11n,clean
Essen/Essen2/2015-04-22_12-17-10/Trafficlight_3,13,5,0.38461538461538464,0,0.0,2,0.6658668518066406,yolo11n,clean
Essen/Essen3/2015-04-22_12-21-40/Trafficlight_2,20,7,0.35,0,0.0,6,1.000154972076416,yolo11n,clean
Essen/Essen3/2015-04-22_12-21-40/Trafficlight_3,1,0,0.0,0,0.0,0,0.0,yolo11n,clean
Essen/Essen3/2015-04-22_12-22-11/Trafficlight_2,4,3,0.75,0,0.0,2,0.7975540161132812,yolo11n,clean
Essen/Essen3/2015-04-22_12-22-11/Trafficlight_3,6,1,0.16666666666666666,0,0.0,1,0.0,yolo11n,clean
Essen/Essen3/2015-04-22_12-22-11/Trafficlight_4,11,1,0.09090909090909091,0,0.0,1,0.0,yolo11n,clean
Essen/Essen3/2015-04-22_12-24-28/Trafficlight_1,5,5,1.0,0,0.0,5,3.932101011276245,yolo11n,clean
Essen/Essen3/2015-04-22_12-24-28/Trafficlight_2,5,1,0.2,0,0.0,1,0.0,yolo11n,clean
Essen/Essen3/2015-04-22_12-24-28/Trafficlight_3,2,0,0.0,0,0.0,0,0.0,yolo11n,clean
Essen/Essen3/2015-04-22_12-28-48/Trafficlight_1,20,1,0.05,0,0.0,1,0.0,yolo11n,clean
Essen/Essen3/2015-04-22_12-28-48/Trafficlight_5,10,4,0.4,0,0.0,3,1.0639839172363281,yolo11n,clean
Essen/Essen3/2015-04-22_12-31-21/Trafficlight_4,1,1,1.0,0,0.0,1,0.0,yolo11n,clean
Essen/Essen3/2015-04-22_12-31-56/Trafficlight_1,8,4,0.5,0,0.0,3,0.26650500297546387,yolo11n,clean
Essen/Essen3/2015-04-22_12-31-56/Trafficlight_2,19,1,0.05263157894736842,0,0.0,1,0.0,yolo11n,clean
Essen/Essen3/2015-04-22_12-31-56/Trafficlight_3,9,6,0.6666666666666666,0,0.0,6,6.46475887298584,yolo11n,clean
Essen/Essen3/2015-04-22_12-31-56/Trafficlight_4,9,2,0.2222222222222222,0,0.0,2,1.2657849788665771,yolo11n,clean
Essen/Essen3/2015-04-22_12-31-56/Trafficlight_16,8,0,0.0,0,0.0,0,0.0,yolo11n,clean
Essen/Essen3/2015-04-22_12-31-56/Trafficlight_17,6,0,0.0,0,0.0,0,0.0,yolo11n,clean
Essen/Essen3/2015-04-22_12-31-56/Trafficlight_18,10,0,0.0,0,0.0,0,0.0,yolo11n,clean
Fulda/Fulda2/2015-05-15_18-00-09/Trafficlight_1,10,0,0.0,0,0.0,0,0.0,yolo11n,clean
Fulda/Fulda2/2015-05-15_18-00-09/Trafficlight_7,3,0,0.0,0,0.0,0,0.0,yolo11n,clean
Fulda/Fulda2/2015-05-15_18-00-57/Trafficlight_1,14,0,0.0,0,0.0,0,0.0,yolo11n,clean
Fulda/Fulda2/2015-05-15_18-00-57/Trafficlight_2,10,1,0.1,0,0.0,1,0.0,yolo11n,clean
Fulda/Fulda2/2015-05-15_18-00-57/Trafficlight_3,10,0,0.0,0,0.0,0,0.0,yolo11n,clean
Fulda/Fulda2/2015-05-15_18-01-58/Trafficlight_14,3,3,1.0,0,0.0,3,1.1750850677490234,yolo11n,clean
Fulda/Fulda2/2015-05-15_18-03-39/Trafficlight_5,11,1,0.09090909090909091,0,0.0,1,0.0,yolo11n,clean
Fulda/Fulda2/2015-05-15_18-03-39/Trafficlight_6,7,0,0.0,0,0.0,0,0.0,yolo11n,clean
Fulda/Fulda2/2015-05-15_18-03-39/Trafficlight_7,11,0,0.0,0,0.0,0,0.0,yolo11n,clean
Fulda/Fulda2/2015-05-15_18-04-24/Trafficlight_2,15,4,0.26666666666666666,1,0.06666666666666667,2,0.5911819934844971,yolo11n,clean
Fulda/Fulda2/2015-05-15_18-05-38/Trafficlight_1,16,0,0.0,0,0.0,0,0.0,yolo11n,clean
Fulda/Fulda2/2015-05-15_18-05-38/Trafficlight_7,14,2,0.14285714285714285,0,0.0,1,0.0,yolo11n,clean
Fulda/Fulda2/2015-05-15_18-05-38/Trafficlight_12,7,7,1.0,0,0.0,4,1.763545036315918,yolo11n,clean
Fulda/Fulda2/2015-05-15_18-07-04/Trafficlight_2,7,3,0.42857142857142855,0,0.0,2,0.5856060981750488,yolo11n,clean
Fulda/Fulda2/2015-05-15_18-07-04/Trafficlight_3,10,3,0.3,0,0.0,1,0.0,yolo11n,clean
Fulda/Fulda2/2015-05-15_18-07-04/Trafficlight_14,2,2,1.0,0,0.0,2,0.5877358913421631,yolo11n,clean
Fulda/Fulda2/2015-05-15_18-07-37/Trafficlight_2,2,0,0.0,0,0.0,0,0.0,yolo11n,clean
Fulda/Fulda2/2015-05-15_18-07-37/Trafficlight_3,3,1,0.3333333333333333,0,0.0,1,0.0,yolo11n,clean
Fulda/Fulda2/2015-05-15_18-08-11/Trafficlight_1,8,0,0.0,0,0.0,0,0.0,yolo11n,clean
Fulda/Fulda2/2015-05-15_18-08-11/Trafficlight_2,8,0,0.0,0,0.0,0,0.0,yolo11n,clean
Fulda/Fulda2/2015-05-15_18-09-21/Trafficlight_1,14,6,0.42857142857142855,0,0.0,5,2.3477139472961426,yolo11n,clean
Fulda/Fulda2/2015-05-15_18-09-21/Trafficlight_2,5,1,0.2,0,0.0,1,0.0,yolo11n,clean
Fulda/Fulda2/2015-05-15_18-11-25/Trafficlight_1,14,2,0.14285714285714285,0,0.0,1,0.0,yolo11n,clean
Fulda/Fulda2/2015-05-15_18-11-25/Trafficlight_2,9,0,0.0,0,0.0,0,0.0,yolo11n,clean
Fulda/Fulda2/2015-05-15_18-11-25/Trafficlight_3,12,0,0.0,0,0.0,0,0.0,yolo11n,clean
Fulda/Fulda2/2015-05-15_18-12-26/Trafficlight_12,1,1,1.0,0,0.0,1,0.0,yolo11n,clean
Fulda/Fulda2/2015-05-15_18-12-26/Trafficlight_13,1,1,1.0,0,0.0,1,0.0,yolo11n,clean
Fulda/Fulda2/2015-05-15_18-13-56/Trafficlight_2,3,2,0.6666666666666666,0,0.0,2,0.5888731479644775,yolo11n,clean
Fulda/Fulda2/2015-05-15_18-13-56/Trafficlight_3,3,1,0.3333333333333333,0,0.0,1,0.0,yolo11n,clean
Fulda/Fulda2/2015-05-15_18-13-56/Trafficlight_4,4,4,1.0,0,0.0,4,1.76487398147583,yolo11n,clean
Hannover/Hannover4/2015-04-20_13-51-29/Trafficlight_7,20,20,1.0,0,0.0,20,5.936743974685669,yolo11n,clean
Hannover/Hannover4/2015-04-20_13-51-36/Trafficlight_4,20,20,1.0,0,0.0,20,1.467405080795288,yolo11n,clean
Hannover/Hannover4/2015-04-20_13-51-36/Trafficlight_6,10,10,1.0,0,0.0,10,0.6674211025238037,yolo11n,clean
Hannover/Hannover4/2015-04-20_13-51-40/Trafficlight_2,20,4,0.2,0,0.0,3,1.2651090621948242,yolo11n,clean
Hannover/Hannover4/2015-04-20_13-51-40/Trafficlight_1,18,17,0.9444444444444444,0,0.0,13,8.66636610031128,yolo11n,clean
Hannover/Hannover4/2015-04-20_13-51-40/Trafficlight_3,19,8,0.42105263157894735,0,0.0,3,1.201606035232544,yolo11n,clean
Hannover/Hannover4/2015-04-20_13-54-28/Trafficlight_2,4,0,0.0,0,0.0,0,0.0,yolo11n,clean
Hannover/Hannover4/2015-04-20_13-54-28/Trafficlight_3,13,2,0.15384615384615385,0,0.0,2,1.8680229187011719,yolo11n,clean
Hannover/Hannover4/2015-04-20_13-54-28/Trafficlight_7,5,5,1.0,0,0.0,5,3.7315638065338135,yolo11n,clean
Hannover/Hannover4/2015-04-20_13-56-44/Trafficlight_3,12,0,0.0,0,0.0,0,0.0,yolo11n,clean
Hannover/Hannover4/2015-04-20_13-56-44/Trafficlight_4,19,3,0.15789473684210525,0,0.0,2,0.6693699359893799,yolo11n,clean
Hannover/Hannover4/2015-04-20_13-57-56/Trafficlight_4,19,19,1.0,0,0.0,19,1.1975510120391846,yolo11n,clean
Hannover/Hannover4/2015-04-20_13-58-03/Trafficlight_3,16,1,0.0625,0,0.0,1,0.0,yolo11n,clean
Hannover/Hannover4/2015-04-20_13-58-03/Trafficlight_4,23,9,0.391304347826087,0,0.0,5,2.730855941772461,yolo11n,clean
Hannover/Hannover4/2015-04-20_13-59-27/Trafficlight_1,20,1,0.05,0,0.0,1,0.0,yolo11n,clean
Hannover/Hannover4/2015-04-20_14-00-12/Trafficlight_1,26,23,0.8846153846153846,1,0.038461538461538464,12,6.397797107696533,yolo11n,clean
Hannover/Hannover4/2015-04-20_14-00-12/Trafficlight_2,29,2,0.06896551724137931,0,0.0,2,0.5995829105377197,yolo11n,clean
Hannover/Hannover4/2015-04-20_14-00-12/Trafficlight_3,9,0,0.0,0,0.0,0,0.0,yolo11n,clean
Hannover/Hannover4/2015-04-20_14-01-01/Trafficlight_2,20,0,0.0,0,0.0,0,0.0,yolo11n,clean
Hannover/Hannover4/2015-04-20_14-01-01/Trafficlight_1,20,7,0.35,0,0.0,4,2.601433038711548,yolo11n,clean
Hannover/Hannover4/2015-04-20_14-02-07/Trafficlight_4,20,20,1.0,0,0.0,20,5.469353914260864,yolo11n,clean
Hannover/Hannover4/2015-04-20_14-02-24/Trafficlight_2,8,0,0.0,0,0.0,0,0.0,yolo11n,clean
Hannover/Hannover4/2015-04-20_14-02-24/Trafficlight_3,10,6,0.6,0,0.0,2,0.33057594299316406,yolo11n,clean
Hannover/Hannover4/2015-04-20_14-02-24/Trafficlight_1,9,5,0.5555555555555556,0,0.0,5,1.2645549774169922,yolo11n,clean
Hannover/Hannover4/2015-04-20_14-02-24/Trafficlight_5,1,1,1.0,0,0.0,1,0.0,yolo11n,clean
Hannover/Hannover4/2015-04-20_14-04-24/Trafficlight_3,6,6,1.0,0,0.0,4,1.6685810089111328,yolo11n,clean
Hannover/Hannover4/2015-04-20_14-04-24/Trafficlight_4,4,1,0.25,0,0.0,1,0.0,yolo11n,clean
Hannover/Hannover4/2015-04-20_14-04-24/Trafficlight_5,14,3,0.21428571428571427,0,0.0,1,0.0,yolo11n,clean
Hannover/Hannover4/2015-04-20_14-05-57/Trafficlight_2,12,1,0.08333333333333333,0,0.0,1,0.0,yolo11n,clean
Hannover/Hannover4/2015-04-20_14-05-57/Trafficlight_1,7,5,0.7142857142857143,0,0.0,4,2.668240785598755,yolo11n,clean
Hannover/Hannover4/2015-04-20_14-05-57/Trafficlight_3,17,2,0.11764705882352941,0,0.0,2,0.8647990226745605,yolo11n,clean
Hannover/Hannover4/2015-04-20_14-06-51/Trafficlight_2,15,2,0.13333333333333333,0,0.0,1,0.0,yolo11n,clean
Hannover/Hannover4/2015-04-20_14-06-51/Trafficlight_1,18,2,0.1111111111111111,0,0.0,1,0.0,yolo11n,clean
Hannover/Hannover4/2015-04-20_14-06-51/Trafficlight_3,18,3,0.16666666666666666,0,0.0,1,0.0,yolo11n,clean
Hannover/Hannover4/2015-04-20_14-08-36/Trafficlight_4,10,0,0.0,0,0.0,0,0.0,yolo11n,clean
Hannover/Hannover4/2015-04-20_14-08-36/Trafficlight_5,20,0,0.0,0,0.0,0,0.0,yolo11n,clean
Hannover/Hannover4/2015-04-20_14-08-36/Trafficlight_3,9,6,0.6666666666666666,0,0.0,4,1.0020370483398438,yolo11n,clean
Hannover/Hannover4/2015-04-20_14-09-52/Trafficlight_1,20,1,0.05,0,0.0,1,0.0,yolo11n,clean
Hannover/Hannover4/2015-04-20_14-09-52/Trafficlight_2,20,3,0.15,0,0.0,1,0.0,yolo11n,clean
Hannover/Hannover4/2015-04-20_14-11-20/Trafficlight_1,12,0,0.0,0,0.0,0,0.0,yolo11n,clean
Hannover/Hannover4/2015-04-20_14-11-20/Trafficlight_3,3,0,0.0,0,0.0,0,0.0,yolo11n,clean
Hannover/Hannover4/2015-04-20_14-12-16/Trafficlight_4,7,7,1.0,0,0.0,7,2.398069143295288,yolo11n,clean
Hannover/Hannover4/2015-04-20_14-12-16/Trafficlight_5,7,7,1.0,0,0.0,7,2.398069143295288,yolo11n,clean
Hannover/Hannover4/2015-04-20_14-12-16/Trafficlight_6,20,20,1.0,0,0.0,20,7.598844051361084,yolo11n,clean
Hannover/Hannover4/2015-04-20_14-16-02/Trafficlight_2,14,3,0.21428571428571427,0,0.0,1,0.0,yolo11n,clean
Hannover/Hannover4/2015-04-20_14-16-02/Trafficlight_3,19,4,0.21052631578947367,0,0.0,2,0.6013720035552979,yolo11n,clean
Hannover/Hannover4/2015-04-20_14-16-02/Trafficlight_1,8,7,0.875,0,0.0,6,3.069628953933716,yolo11n,clean
Hannover/Hannover4/2015-04-20_14-17-12/Trafficlight_2,20,1,0.05,0,0.0,1,0.0,yolo11n,clean
Hannover/Hannover4/2015-04-20_14-17-12/TrafficLight_6,20,11,0.55,0,0.0,2,0.336989164352417,yolo11n,clean
Hannover/Hannover4/2015-04-20_14-31-46/Trafficlight_3,4,0,0.0,0,0.0,0,0.0,yolo11n,clean
Hannover/Hannover4/2015-04-20_14-31-46/Trafficlight_4,8,0,0.0,0,0.0,0,0.0,yolo11n,clean
Hannover/Hannover4/2015-04-20_14-31-46/Trafficlight_2,9,2,0.2222222222222222,0,0.0,1,0.0,yolo11n,clean
Hannover/Hannover4/2015-04-20_14-32-25/Trafficlight_3,14,0,0.0,0,0.0,0,0.0,yolo11n,clean
Hannover/Hannover4/2015-04-20_14-32-25/Trafficlight_4,20,4,0.2,0,0.0,2,0.5329439640045166,yolo11n,clean
Hannover/Hannover4/2015-04-20_14-33-38/Trafficlight_2,6,1,0.16666666666666666,0,0.0,1,0.0,yolo11n,clean
Hannover/Hannover4/2015-04-20_14-33-38/Trafficlight_3,20,0,0.0,0,0.0,0,0.0,yolo11n,clean
Koeln/Koeln2/2015-04-23_12-31-31/Trafficlight_1,2,1,0.5,0,0.0,1,0.0,yolo11n,clean
Koeln/Koeln2/2015-04-23_12-31-31/Trafficlight_2,2,0,0.0,0,0.0,0,0.0,yolo11n,clean
Koeln/Koeln2/2015-04-23_12-31-31/Trafficlight_3,2,2,1.0,0,0.0,2,0.47226786613464355,yolo11n,clean
Koeln/Koeln2/2015-04-23_12-33-22/Trafficlight_19,1,1,1.0,0,0.0,1,0.0,yolo11n,clean
Koeln/Koeln2/2015-04-23_12-54-40/Trafficlight_3,9,5,0.5555555555555556,0,0.0,4,2.531008005142212,yolo11n,clean
Koeln/Koeln2/2015-04-23_12-54-40/Trafficlight_4,9,4,0.4444444444444444,4,0.4444444444444444,3,1.7067279815673828,yolo11n,clean
Koeln/Koeln2/2015-04-23_12-55-44/Trafficlight_3,8,6,0.75,0,0.0,6,3.821012020111084,yolo11n,clean
Koeln/Koeln2/2015-04-23_12-55-44/Trafficlight_1,8,2,0.25,0,0.0,2,0.765064001083374,yolo11n,clean
Koeln/Koeln2/2015-04-23_12-55-44/Trafficlight_2,7,5,0.7142857142857143,0,0.0,4,2.2923190593719482,yolo11n,clean
Koeln/Koeln2/2015-04-23_12-56-08/Trafficlight_2,11,0,0.0,0,0.0,0,0.0,yolo11n,clean
Koeln/Koeln2/2015-04-23_12-56-08/Trafficlight_1,20,7,0.35,0,0.0,4,2.6465489864349365,yolo11n,clean
Koeln/Koeln2/2015-04-23_12-56-08/Trafficlight_3,15,1,0.06666666666666667,0,0.0,1,0.0,yolo11n,clean
Koeln/Koeln2/2015-04-23_12-58-12/Trafficlight_1,20,8,0.4,0,0.0,5,3.8825581073760986,yolo11n,clean
Koeln/Koeln2/2015-04-23_12-58-12/Trafficlight_2,20,0,0.0,0,0.0,0,0.0,yolo11n,clean
Koeln/Koeln2/2015-04-23_13-03-59/Trafficlight_2,5,5,1.0,0,0.0,5,2.116795063018799,yolo11n,clean
Koeln/Koeln2/2015-04-23_13-03-59/Trafficlight_3,7,2,0.2857142857142857,0,0.0,2,0.8248739242553711,yolo11n,clean
Koeln/Koeln2/2015-04-23_13-05-35/Trafficlight_4,3,0,0.0,0,0.0,0,0.0,yolo11n,clean
Koeln/Koeln2/2015-04-23_13-05-35/Trafficlight_5,4,0,0.0,0,0.0,0,0.0,yolo11n,clean
Koeln/Koeln2/2015-04-23_13-10-19/Trafficlight_1,3,0,0.0,0,0.0,0,0.0,yolo11n,clean
Koeln/Koeln2/2015-04-23_13-10-19/Trafficlight_3,5,0,0.0,0,0.0,0,0.0,yolo11n,clean
Koeln/Koeln2/2015-04-23_13-10-19/Trafficlight_7,6,6,1.0,0,0.0,4,2.4686670303344727,yolo11n,clean
Koeln/Koeln2/2015-04-23_13-10-19/Trafficlight_8,6,6,1.0,0,0.0,4,2.4686670303344727,yolo11n,clean
Koeln/Koeln2/2015-04-23_13-11-46/Trafficlight_1,5,5,1.0,0,0.0,5,4.520406007766724,yolo11n,clean
Koeln/Koeln2/2015-04-23_13-11-46/Trafficlight_3,7,3,0.42857142857142855,0,0.0,2,1.3504002094268799,yolo11n,clean
Koeln/Koeln2/2015-04-23_13-15-36/Trafficlight_4,13,13,1.0,2,0.15384615384615385,13,6.585233926773071,yolo11n,clean
Koeln/Koeln2/2015-04-23_13-15-36/Trafficlight_5,2,2,1.0,0,0.0,2,0.7070450782775879,yolo11n,clean
Koeln/Koeln2/2015-04-23_13-15-59/Trafficlight_4,15,0,0.0,0,0.0,0,0.0,yolo11n,clean
Koeln/Koeln2/2015-04-23_13-15-59/Trafficlight_3,7,0,0.0,0,0.0,0,0.0,yolo11n,clean
Koeln/Koeln2/2015-04-23_13-16-45/Trafficlight_5,2,0,0.0,0,0.0,0,0.0,yolo11n,clean
Koeln/Koeln2/2015-04-23_13-18-13/Trafficlight_4,7,7,1.0,0,0.0,5,1.4128310680389404,yolo11n,clean
Koeln/Koeln2/2015-04-23_13-18-13/Trafficlight_5,12,4,0.3333333333333333,0,0.0,2,0.351215124130249,yolo11n,clean
Koeln/Koeln2/2015-04-23_13-18-13/Trafficlight_6,13,0,0.0,0,0.0,0,0.0,yolo11n,clean
Koeln/Koeln2/2015-04-23_13-18-13/Trafficlight_7,19,0,0.0,0,0.0,0,0.0,yolo11n,clean
Koeln/Koeln2/2015-04-23_13-19-07/Trafficlight_1,12,0,0.0,0,0.0,0,0.0,yolo11n,clean
Koeln/Koeln2/2015-04-23_13-19-07/Trafficlight_2,4,0,0.0,0,0.0,0,0.0,yolo11n,clean
Koeln/Koeln2/2015-04-23_13-19-07/Trafficlight_3,5,0,0.0,0,0.0,0,0.0,yolo11n,clean
Koeln/Koeln2/2015-04-23_13-19-07/Trafficlight_6,12,4,0.3333333333333333,0,0.0,1,0.0,yolo11n,clean
Koeln/Koeln2/2015-04-23_13-19-07/Trafficlight_7,5,0,0.0,0,0.0,0,0.0,yolo11n,clean
Koeln/Koeln2/2015-04-23_13-19-07/Trafficlight_8,6,1,0.16666666666666666,0,0.0,1,0.0,yolo11n,clean
Koeln/Koeln2/2015-04-23_13-22-16/Trafficlight_5,16,4,0.25,0,0.0,2,0.8218300342559814,yolo11n,clean
Koeln/Koeln2/2015-04-23_13-22-16/Trafficlight_6,14,2,0.14285714285714285,0,0.0,2,0.8212699890136719,yolo11n,clean
Koeln/Koeln2/2015-04-23_13-26-00/Trafficlight_1,5,4,0.8,0,0.0,4,0.1772758960723877,yolo11n,clean
Koeln/Koeln2/2015-04-23_13-26-00/Trafficlight_2,11,3,0.2727272727272727,0,0.0,1,0.0,yolo11n,clean
Koeln/Koeln2/2015-04-23_13-27-52/Trafficlight_2,9,1,0.1111111111111111,0,0.0,1,0.0,yolo11n,clean
Koeln/Koeln2/2015-04-23_13-27-52/Trafficlight_3,9,0,0.0,0,0.0,0,0.0,yolo11n,clean
Koeln/Koeln2/2015-04-23_13-28-56/Trafficlight_1,1,1,1.0,0,0.0,1,0.0,yolo11n,clean
Koeln/Koeln2/2015-04-23_13-28-56/Trafficlight_3,1,0,0.0,0,0.0,0,0.0,yolo11n,clean
Koeln/Koeln2/2015-04-23_13-29-48/Trafficlight_1,17,0,0.0,0,0.0,0,0.0,yolo11n,clean
Koeln/Koeln2/2015-04-23_13-29-48/Trafficlight_2,13,1,0.07692307692307693,1,0.07692307692307693,1,0.0,yolo11n,clean
Koeln/Koeln2/2015-04-23_13-29-48/Trafficlight_3,17,5,0.29411764705882354,0,0.0,3,0.705319881439209,yolo11n,clean
Koeln/Koeln2/2015-04-23_13-30-07/Trafficlight_2,11,0,0.0,0,0.0,0,0.0,yolo11n,clean
Koeln/Koeln2/2015-04-23_13-30-07/Trafficlight_3,14,0,0.0,0,0.0,0,0.0,yolo11n,clean
Koeln/Koeln2/2015-04-23_13-30-57/Trafficlight_3,10,2,0.2,0,0.0,2,0.7600011825561523,yolo11n,clean
Koeln/Koeln2/2015-04-23_13-30-57/Trafficlight_4,12,3,0.25,1,0.08333333333333333,1,0.0,yolo11n,clean
Essen/Essen2/2015-04-22_11-54-56/Trafficlight_1,16,0,0.0,0,0.0,0,0.0,yolo12n,clean
Essen/Essen2/2015-04-22_11-54-56/Trafficlight_2,12,0,0.0,0,0.0,0,0.0,yolo12n,clean
Essen/Essen2/2015-04-22_11-55-29/Trafficlight_1,22,1,0.045454545454545456,0,0.0,1,0.0,yolo12n,clean
Essen/Essen2/2015-04-22_11-55-29/Trafficlight_2,15,0,0.0,0,0.0,0,0.0,yolo12n,clean
Essen/Essen2/2015-04-22_11-55-29/Trafficlight_3,21,0,0.0,0,0.0,0,0.0,yolo12n,clean
Essen/Essen2/2015-04-22_11-58-40/Trafficlight_1,1,0,0.0,0,0.0,0,0.0,yolo12n,clean
Essen/Essen2/2015-04-22_11-58-40/Trafficlight_2,1,0,0.0,0,0.0,0,0.0,yolo12n,clean
Essen/Essen2/2015-04-22_11-59-47/Trafficlight_1,14,6,0.42857142857142855,0,0.0,6,5.801532983779907,yolo12n,clean
Essen/Essen2/2015-04-22_11-59-47/Trafficlight_2,18,0,0.0,0,0.0,0,0.0,yolo12n,clean
Essen/Essen2/2015-04-22_11-59-47/Trafficlight_3,21,6,0.2857142857142857,0,0.0,4,1.6002709865570068,yolo12n,clean
Essen/Essen2/2015-04-22_12-00-12/Trafficlight_1,12,4,0.3333333333333333,0,0.0,3,0.5320911407470703,yolo12n,clean
Essen/Essen2/2015-04-22_12-00-12/Trafficlight_2,12,5,0.4166666666666667,0,0.0,4,0.8018250465393066,yolo12n,clean
Essen/Essen2/2015-04-22_12-00-12/Trafficlight_3,18,5,0.2777777777777778,0,0.0,3,0.5344600677490234,yolo12n,clean
Essen/Essen2/2015-04-22_12-00-50/Trafficlight_1,8,2,0.25,0,0.0,2,1.73030686378479,yolo12n,clean
Essen/Essen2/2015-04-22_12-00-50/Trafficlight_2,4,0,0.0,0,0.0,0,0.0,yolo12n,clean
Essen/Essen2/2015-04-22_12-00-50/Trafficlight_3,7,0,0.0,0,0.0,0,0.0,yolo12n,clean
Essen/Essen2/2015-04-22_12-03-07/Trafficlight_7,1,1,1.0,0,0.0,1,0.0,yolo12n,clean
Essen/Essen2/2015-04-22_12-03-07/Trafficlight_8,1,1,1.0,0,0.0,1,0.0,yolo12n,clean
Essen/Essen2/2015-04-22_12-03-17/Trafficlight_1,11,11,1.0,0,0.0,11,3.3990509510040283,yolo12n,clean
Essen/Essen2/2015-04-22_12-03-17/Trafficlight_2,11,5,0.45454545454545453,0,0.0,2,0.3988680839538574,yolo12n,clean
Essen/Essen2/2015-04-22_12-03-17/Trafficlight_3,10,6,0.6,0,0.0,3,0.6650338172912598,yolo12n,clean
Essen/Essen2/2015-04-22_12-03-17/Trafficlight_4,2,2,1.0,0,0.0,2,0.33318114280700684,yolo12n,clean
Essen/Essen2/2015-04-22_12-04-52/Trafficlight_1,18,11,0.6111111111111112,0,0.0,10,3.1317880153656006,yolo12n,clean
Essen/Essen2/2015-04-22_12-04-52/Trafficlight_5,6,6,1.0,0,0.0,6,1.664518117904663,yolo12n,clean
Essen/Essen2/2015-04-22_12-07-48/Trafficlight_1,7,6,0.8571428571428571,0,0.0,4,0.9993960857391357,yolo12n,clean
Essen/Essen2/2015-04-22_12-07-48/Trafficlight_2,7,2,0.2857142857142857,0,0.0,2,0.33165812492370605,yolo12n,clean
Essen/Essen2/2015-04-22_12-07-48/Trafficlight_3,7,2,0.2857142857142857,0,0.0,1,0.0,yolo12n,clean
Essen/Essen2/2015-04-22_12-10-46/Trafficlight_2,10,0,0.0,0,0.0,0,0.0,yolo12n,clean
Essen/Essen2/2015-04-22_12-10-46/Trafficlight_3,16,3,0.1875,0,0.0,3,2.002890110015869,yolo12n,clean
Essen/Essen2/2015-04-22_12-10-46/Trafficlight_1,13,6,0.46153846153846156,0,0.0,4,3.0016729831695557,yolo12n,clean
Essen/Essen2/2015-04-22_12-12-38/Trafficlight_1,14,1,0.07142857142857142,0,0.0,1,0.0,yolo12n,clean
Essen/Essen2/2015-04-22_12-12-38/Trafficlight_2,16,0,0.0,0,0.0,0,0.0,yolo12n,clean
Essen/Essen2/2015-04-22_12-14-33/Trafficlight_1,5,2,0.4,0,0.0,1,0.0,yolo12n,clean
Essen/Essen2/2015-04-22_12-14-33/Trafficlight_2,4,0,0.0,0,0.0,0,0.0,yolo12n,clean
Essen/Essen2/2015-04-22_12-14-33/Trafficlight_3,5,5,1.0,0,0.0,5,1.8019039630889893,yolo12n,clean
Essen/Essen2/2015-04-22_12-16-21/Trafficlight_1,16,0,0.0,0,0.0,0,0.0,yolo12n,clean
Essen/Essen2/2015-04-22_12-16-21/Trafficlight_2,12,2,0.16666666666666666,0,0.0,2,0.39905595779418945,yolo12n,clean
Essen/Essen2/2015-04-22_12-17-10/Trafficlight_2,9,6,0.6666666666666666,0,0.0,2,0.7317540645599365,yolo12n,clean
Essen/Essen2/2015-04-22_12-17-10/Trafficlight_1,17,7,0.4117647058823529,0,0.0,6,3.3997910022735596,yolo12n,clean
Essen/Essen2/2015-04-22_12-17-10/Trafficlight_3,13,6,0.46153846153846156,0,0.0,2,0.7317540645599365,yolo12n,clean
Essen/Essen3/2015-04-22_12-21-40/Trafficlight_2,20,4,0.2,0,0.0,2,0.2003021240234375,yolo12n,clean
Essen/Essen3/2015-04-22_12-21-40/Trafficlight_3,1,0,0.0,0,0.0,0,0.0,yolo12n,clean
Essen/Essen3/2015-04-22_12-22-11/Trafficlight_2,4,3,0.75,0,0.0,2,0.7975540161132812,yolo12n,clean
Essen/Essen3/2015-04-22_12-22-11/Trafficlight_3,6,0,0.0,0,0.0,0,0.0,yolo12n,clean
Essen/Essen3/2015-04-22_12-22-11/Trafficlight_4,11,0,0.0,0,0.0,0,0.0,yolo12n,clean
Essen/Essen3/2015-04-22_12-24-28/Trafficlight_1,5,4,0.8,0,0.0,4,2.9311981201171875,yolo12n,clean
Essen/Essen3/2015-04-22_12-24-28/Trafficlight_2,5,2,0.4,0,0.0,2,1.064296007156372,yolo12n,clean
Essen/Essen3/2015-04-22_12-24-28/Trafficlight_3,2,0,0.0,0,0.0,0,0.0,yolo12n,clean
Essen/Essen3/2015-04-22_12-28-48/Trafficlight_1,20,8,0.4,0,0.0,4,1.6012508869171143,yolo12n,clean
Essen/Essen3/2015-04-22_12-28-48/Trafficlight_5,10,6,0.6,0,0.0,3,1.0639839172363281,yolo12n,clean
Essen/Essen3/2015-04-22_12-31-21/Trafficlight_4,1,1,1.0,0,0.0,1,0.0,yolo12n,clean
Essen/Essen3/2015-04-22_12-31-56/Trafficlight_1,8,2,0.25,0,0.0,2,0.13503599166870117,yolo12n,clean
Essen/Essen3/2015-04-22_12-31-56/Trafficlight_2,19,0,0.0,0,0.0,0,0.0,yolo12n,clean
Essen/Essen3/2015-04-22_12-31-56/Trafficlight_3,9,5,0.5555555555555556,0,0.0,3,2.59854793548584,yolo12n,clean
Essen/Essen3/2015-04-22_12-31-56/Trafficlight_4,9,1,0.1111111111111111,0,0.0,1,0.0,yolo12n,clean
Essen/Essen3/2015-04-22_12-31-56/Trafficlight_16,8,0,0.0,0,0.0,0,0.0,yolo12n,clean
Essen/Essen3/2015-04-22_12-31-56/Trafficlight_17,6,0,0.0,0,0.0,0,0.0,yolo12n,clean
Essen/Essen3/2015-04-22_12-31-56/Trafficlight_18,10,0,0.0,0,0.0,0,0.0,yolo12n,clean
Fulda/Fulda2/2015-05-15_18-00-09/Trafficlight_1,10,0,0.0,0,0.0,0,0.0,yolo12n,clean
Fulda/Fulda2/2015-05-15_18-00-09/Trafficlight_7,3,0,0.0,0,0.0,0,0.0,yolo12n,clean
Fulda/Fulda2/2015-05-15_18-00-57/Trafficlight_1,14,0,0.0,0,0.0,0,0.0,yolo12n,clean
Fulda/Fulda2/2015-05-15_18-00-57/Trafficlight_2,10,1,0.1,0,0.0,1,0.0,yolo12n,clean
Fulda/Fulda2/2015-05-15_18-00-57/Trafficlight_3,10,1,0.1,0,0.0,1,0.0,yolo12n,clean
Fulda/Fulda2/2015-05-15_18-01-58/Trafficlight_14,3,3,1.0,0,0.0,3,1.1750850677490234,yolo12n,clean
Fulda/Fulda2/2015-05-15_18-03-39/Trafficlight_5,11,0,0.0,0,0.0,0,0.0,yolo12n,clean
Fulda/Fulda2/2015-05-15_18-03-39/Trafficlight_6,7,0,0.0,0,0.0,0,0.0,yolo12n,clean
Fulda/Fulda2/2015-05-15_18-03-39/Trafficlight_7,11,0,0.0,0,0.0,0,0.0,yolo12n,clean
Fulda/Fulda2/2015-05-15_18-04-24/Trafficlight_2,15,3,0.2,0,0.0,2,0.5911819934844971,yolo12n,clean
Fulda/Fulda2/2015-05-15_18-05-38/Trafficlight_1,16,0,0.0,0,0.0,0,0.0,yolo12n,clean
Fulda/Fulda2/2015-05-15_18-05-38/Trafficlight_7,14,2,0.14285714285714285,0,0.0,1,0.0,yolo12n,clean
Fulda/Fulda2/2015-05-15_18-05-38/Trafficlight_12,7,7,1.0,0,0.0,4,1.763545036315918,yolo12n,clean
Fulda/Fulda2/2015-05-15_18-07-04/Trafficlight_2,7,0,0.0,0,0.0,0,0.0,yolo12n,clean
Fulda/Fulda2/2015-05-15_18-07-04/Trafficlight_3,10,1,0.1,0,0.0,1,0.0,yolo12n,clean
Fulda/Fulda2/2015-05-15_18-07-04/Trafficlight_14,2,2,1.0,0,0.0,2,0.5877358913421631,yolo12n,clean
Fulda/Fulda2/2015-05-15_18-07-37/Trafficlight_2,2,0,0.0,0,0.0,0,0.0,yolo12n,clean
Fulda/Fulda2/2015-05-15_18-07-37/Trafficlight_3,3,1,0.3333333333333333,0,0.0,1,0.0,yolo12n,clean
Fulda/Fulda2/2015-05-15_18-08-11/Trafficlight_1,8,0,0.0,0,0.0,0,0.0,yolo12n,clean
Fulda/Fulda2/2015-05-15_18-08-11/Trafficlight_2,8,0,0.0,0,0.0,0,0.0,yolo12n,clean
Fulda/Fulda2/2015-05-15_18-09-21/Trafficlight_1,14,4,0.2857142857142857,0,0.0,3,1.176116943359375,yolo12n,clean
Fulda/Fulda2/2015-05-15_18-09-21/Trafficlight_2,5,0,0.0,0,0.0,0,0.0,yolo12n,clean
Fulda/Fulda2/2015-05-15_18-11-25/Trafficlight_1,14,1,0.07142857142857142,0,0.0,1,0.0,yolo12n,clean
Fulda/Fulda2/2015-05-15_18-11-25/Trafficlight_2,9,0,0.0,0,0.0,0,0.0,yolo12n,clean
Fulda/Fulda2/2015-05-15_18-11-25/Trafficlight_3,12,0,0.0,0,0.0,0,0.0,yolo12n,clean
Fulda/Fulda2/2015-05-15_18-12-26/Trafficlight_12,1,1,1.0,0,0.0,1,0.0,yolo12n,clean
Fulda/Fulda2/2015-05-15_18-12-26/Trafficlight_13,1,0,0.0,0,0.0,0,0.0,yolo12n,clean
Fulda/Fulda2/2015-05-15_18-13-56/Trafficlight_2,3,3,1.0,0,0.0,3,1.1754150390625,yolo12n,clean
Fulda/Fulda2/2015-05-15_18-13-56/Trafficlight_3,3,0,0.0,0,0.0,0,0.0,yolo12n,clean
Fulda/Fulda2/2015-05-15_18-13-56/Trafficlight_4,4,4,1.0,0,0.0,4,1.76487398147583,yolo12n,clean
Hannover/Hannover4/2015-04-20_13-51-29/Trafficlight_7,20,20,1.0,0,0.0,20,5.936743974685669,yolo12n,clean
Hannover/Hannover4/2015-04-20_13-51-36/Trafficlight_4,20,20,1.0,0,0.0,20,1.467405080795288,yolo12n,clean
Hannover/Hannover4/2015-04-20_13-51-36/Trafficlight_6,10,10,1.0,0,0.0,10,0.6674211025238037,yolo12n,clean
Hannover/Hannover4/2015-04-20_13-51-40/Trafficlight_2,20,2,0.1,0,0.0,1,0.0,yolo12n,clean
Hannover/Hannover4/2015-04-20_13-51-40/Trafficlight_1,18,17,0.9444444444444444,0,0.0,11,6.202739953994751,yolo12n,clean
Hannover/Hannover4/2015-04-20_13-51-40/Trafficlight_3,19,9,0.47368421052631576,0,0.0,7,3.7318191528320312,yolo12n,clean
Hannover/Hannover4/2015-04-20_13-54-28/Trafficlight_2,4,0,0.0,0,0.0,0,0.0,yolo12n,clean
Hannover/Hannover4/2015-04-20_13-54-28/Trafficlight_3,13,2,0.15384615384615385,0,0.0,2,1.8680229187011719,yolo12n,clean
Hannover/Hannover4/2015-04-20_13-54-28/Trafficlight_7,5,5,1.0,0,0.0,5,3.7315638065338135,yolo12n,clean
Hannover/Hannover4/2015-04-20_13-56-44/Trafficlight_3,12,0,0.0,0,0.0,0,0.0,yolo12n,clean
Hannover/Hannover4/2015-04-20_13-56-44/Trafficlight_4,19,2,0.10526315789473684,0,0.0,1,0.0,yolo12n,clean
Hannover/Hannover4/2015-04-20_13-57-56/Trafficlight_4,19,19,1.0,0,0.0,19,1.1975510120391846,yolo12n,clean
Hannover/Hannover4/2015-04-20_13-58-03/Trafficlight_3,16,2,0.125,0,0.0,1,0.0,yolo12n,clean
Hannover/Hannover4/2015-04-20_13-58-03/Trafficlight_4,23,10,0.43478260869565216,0,0.0,5,2.8000922203063965,yolo12n,clean
Hannover/Hannover4/2015-04-20_13-59-27/Trafficlight_1,20,1,0.05,0,0.0,1,0.0,yolo12n,clean
Hannover/Hannover4/2015-04-20_14-00-12/Trafficlight_1,26,24,0.9230769230769231,2,0.07692307692307693,12,6.397797107696533,yolo12n,clean
Hannover/Hannover4/2015-04-20_14-00-12/Trafficlight_2,29,1,0.034482758620689655,0,0.0,1,0.0,yolo12n,clean
Hannover/Hannover4/2015-04-20_14-00-12/Trafficlight_3,9,1,0.1111111111111111,0,0.0,1,0.0,yolo12n,clean
Hannover/Hannover4/2015-04-20_14-01-01/Trafficlight_2,20,0,0.0,0,0.0,0,0.0,yolo12n,clean
Hannover/Hannover4/2015-04-20_14-01-01/Trafficlight_1,20,8,0.4,0,0.0,5,3.4689669609069824,yolo12n,clean
Hannover/Hannover4/2015-04-20_14-02-07/Trafficlight_4,20,20,1.0,0,0.0,20,5.469353914260864,yolo12n,clean
Hannover/Hannover4/2015-04-20_14-02-24/Trafficlight_2,8,1,0.125,0,0.0,1,0.0,yolo12n,clean
Hannover/Hannover4/2015-04-20_14-02-24/Trafficlight_3,10,7,0.7,0,0.0,3,0.6020488739013672,yolo12n,clean
Hannover/Hannover4/2015-04-20_14-02-24/Trafficlight_1,9,6,0.6666666666666666,0,0.0,5,1.267056941986084,yolo12n,clean
Hannover/Hannover4/2015-04-20_14-02-24/Trafficlight_5,1,1,1.0,0,0.0,1,0.0,yolo12n,clean
Hannover/Hannover4/2015-04-20_14-04-24/Trafficlight_3,6,2,0.3333333333333333,0,0.0,1,0.0,yolo12n,clean
Hannover/Hannover4/2015-04-20_14-04-24/Trafficlight_4,4,0,0.0,0,0.0,0,0.0,yolo12n,clean
Hannover/Hannover4/2015-04-20_14-04-24/Trafficlight_5,14,6,0.42857142857142855,0,0.0,2,0.5999429225921631,yolo12n,clean
Hannover/Hannover4/2015-04-20_14-05-57/Trafficlight_2,12,2,0.16666666666666666,0,0.0,2,0.8697230815887451,yolo12n,clean
Hannover/Hannover4/2015-04-20_14-05-57/Trafficlight_1,7,6,0.8571428571428571,0,0.0,5,3.6004910469055176,yolo12n,clean
Hannover/Hannover4/2015-04-20_14-05-57/Trafficlight_3,17,2,0.11764705882352941,0,0.0,2,0.8647990226745605,yolo12n,clean
Hannover/Hannover4/2015-04-20_14-06-51/Trafficlight_2,15,1,0.06666666666666667,0,0.0,1,0.0,yolo12n,clean
Hannover/Hannover4/2015-04-20_14-06-51/Trafficlight_1,18,3,0.16666666666666666,0,0.0,2,0.6014268398284912,yolo12n,clean
Hannover/Hannover4/2015-04-20_14-06-51/Trafficlight_3,18,5,0.2777777777777778,0,0.0,2,0.5997400283813477,yolo12n,clean
Hannover/Hannover4/2015-04-20_14-08-36/Trafficlight_4,10,0,0.0,0,0.0,0,0.0,yolo12n,clean
Hannover/Hannover4/2015-04-20_14-08-36/Trafficlight_5,20,0,0.0,0,0.0,0,0.0,yolo12n,clean
Hannover/Hannover4/2015-04-20_14-08-36/Trafficlight_3,9,0,0.0,0,0.0,0,0.0,yolo12n,clean
Hannover/Hannover4/2015-04-20_14-09-52/Trafficlight_1,20,6,0.3,0,0.0,6,2.404378890991211,yolo12n,clean
Hannover/Hannover4/2015-04-20_14-09-52/Trafficlight_2,20,6,0.3,0,0.0,5,1.933020830154419,yolo12n,clean
Hannover/Hannover4/2015-04-20_14-11-20/Trafficlight_1,12,1,0.08333333333333333,0,0.0,1,0.0,yolo12n,clean
Hannover/Hannover4/2015-04-20_14-11-20/Trafficlight_3,3,1,0.3333333333333333,0,0.0,1,0.0,yolo12n,clean
Hannover/Hannover4/2015-04-20_14-12-16/Trafficlight_4,7,7,1.0,0,0.0,7,2.398069143295288,yolo12n,clean
Hannover/Hannover4/2015-04-20_14-12-16/Trafficlight_5,7,7,1.0,0,0.0,7,2.398069143295288,yolo12n,clean
Hannover/Hannover4/2015-04-20_14-12-16/Trafficlight_6,20,20,1.0,0,0.0,20,7.598844051361084,yolo12n,clean
Hannover/Hannover4/2015-04-20_14-16-02/Trafficlight_2,14,3,0.21428571428571427,0,0.0,1,0.0,yolo12n,clean
Hannover/Hannover4/2015-04-20_14-16-02/Trafficlight_3,19,8,0.42105263157894735,0,0.0,2,0.6665279865264893,yolo12n,clean
Hannover/Hannover4/2015-04-20_14-16-02/Trafficlight_1,8,7,0.875,0,0.0,6,3.069628953933716,yolo12n,clean
Hannover/Hannover4/2015-04-20_14-17-12/Trafficlight_2,20,1,0.05,0,0.0,1,0.0,yolo12n,clean
Hannover/Hannover4/2015-04-20_14-17-12/TrafficLight_6,20,12,0.6,1,0.05,5,1.3329930305480957,yolo12n,clean
Hannover/Hannover4/2015-04-20_14-31-46/Trafficlight_3,4,0,0.0,0,0.0,0,0.0,yolo12n,clean
Hannover/Hannover4/2015-04-20_14-31-46/Trafficlight_4,8,0,0.0,0,0.0,0,0.0,yolo12n,clean
Hannover/Hannover4/2015-04-20_14-31-46/Trafficlight_2,9,3,0.3333333333333333,0,0.0,3,1.337636947631836,yolo12n,clean
Hannover/Hannover4/2015-04-20_14-32-25/Trafficlight_3,14,0,0.0,0,0.0,0,0.0,yolo12n,clean
Hannover/Hannover4/2015-04-20_14-32-25/Trafficlight_4,20,2,0.1,0,0.0,1,0.0,yolo12n,clean
Hannover/Hannover4/2015-04-20_14-33-38/Trafficlight_2,6,1,0.16666666666666666,0,0.0,1,0.0,yolo12n,clean
Hannover/Hannover4/2015-04-20_14-33-38/Trafficlight_3,20,0,0.0,0,0.0,0,0.0,yolo12n,clean
Koeln/Koeln2/2015-04-23_12-31-31/Trafficlight_1,2,0,0.0,0,0.0,0,0.0,yolo12n,clean
Koeln/Koeln2/2015-04-23_12-31-31/Trafficlight_2,2,0,0.0,0,0.0,0,0.0,yolo12n,clean
Koeln/Koeln2/2015-04-23_12-31-31/Trafficlight_3,2,2,1.0,0,0.0,2,0.47226786613464355,yolo12n,clean
Koeln/Koeln2/2015-04-23_12-33-22/Trafficlight_19,1,1,1.0,0,0.0,1,0.0,yolo12n,clean
Koeln/Koeln2/2015-04-23_12-54-40/Trafficlight_3,9,4,0.4444444444444444,0,0.0,3,1.7035510540008545,yolo12n,clean
Koeln/Koeln2/2015-04-23_12-54-40/Trafficlight_4,9,6,0.6666666666666666,2,0.2222222222222222,3,1.7067279815673828,yolo12n,clean
Koeln/Koeln2/2015-04-23_12-55-44/Trafficlight_3,8,4,0.5,0,0.0,3,1.5286929607391357,yolo12n,clean
Koeln/Koeln2/2015-04-23_12-55-44/Trafficlight_1,8,3,0.375,0,0.0,3,1.5286929607391357,yolo12n,clean
Koeln/Koeln2/2015-04-23_12-55-44/Trafficlight_2,7,5,0.7142857142857143,0,0.0,5,3.055912971496582,yolo12n,clean
Koeln/Koeln2/2015-04-23_12-56-08/Trafficlight_2,11,0,0.0,0,0.0,0,0.0,yolo12n,clean
Koeln/Koeln2/2015-04-23_12-56-08/Trafficlight_1,20,8,0.4,0,0.0,8,6.172895908355713,yolo12n,clean
Koeln/Koeln2/2015-04-23_12-56-08/Trafficlight_3,15,1,0.06666666666666667,0,0.0,1,0.0,yolo12n,clean
Koeln/Koeln2/2015-04-23_12-58-12/Trafficlight_1,20,5,0.25,0,0.0,5,3.8825581073760986,yolo12n,clean
Koeln/Koeln2/2015-04-23_12-58-12/Trafficlight_2,20,0,0.0,0,0.0,0,0.0,yolo12n,clean
Koeln/Koeln2/2015-04-23_13-03-59/Trafficlight_2,5,4,0.8,0,0.0,4,1.5863120555877686,yolo12n,clean
Koeln/Koeln2/2015-04-23_13-03-59/Trafficlight_3,7,2,0.2857142857142857,0,0.0,2,0.5286030769348145,yolo12n,clean
Koeln/Koeln2/2015-04-23_13-05-35/Trafficlight_4,3,0,0.0,0,0.0,0,0.0,yolo12n,clean
Koeln/Koeln2/2015-04-23_13-05-35/Trafficlight_5,4,0,0.0,0,0.0,0,0.0,yolo12n,clean
Koeln/Koeln2/2015-04-23_13-10-19/Trafficlight_1,3,0,0.0,0,0.0,0,0.0,yolo12n,clean
Koeln/Koeln2/2015-04-23_13-10-19/Trafficlight_3,5,0,0.0,0,0.0,0,0.0,yolo12n,clean
Koeln/Koeln2/2015-04-23_13-10-19/Trafficlight_7,6,6,1.0,0,0.0,4,2.4686670303344727,yolo12n,clean
Koeln/Koeln2/2015-04-23_13-10-19/Trafficlight_8,6,6,1.0,0,0.0,4,2.4686670303344727,yolo12n,clean
Koeln/Koeln2/2015-04-23_13-11-46/Trafficlight_1,5,5,1.0,0,0.0,5,4.520406007766724,yolo12n,clean
Koeln/Koeln2/2015-04-23_13-11-46/Trafficlight_3,7,3,0.42857142857142855,0,0.0,2,1.3504002094268799,yolo12n,clean
Koeln/Koeln2/2015-04-23_13-15-36/Trafficlight_4,13,13,1.0,0,0.0,13,6.585233926773071,yolo12n,clean
Koeln/Koeln2/2015-04-23_13-15-36/Trafficlight_5,2,2,1.0,0,0.0,2,0.7070450782775879,yolo12n,clean
Koeln/Koeln2/2015-04-23_13-15-59/Trafficlight_4,15,0,0.0,0,0.0,0,0.0,yolo12n,clean
Koeln/Koeln2/2015-04-23_13-15-59/Trafficlight_3,7,0,0.0,0,0.0,0,0.0,yolo12n,clean
Koeln/Koeln2/2015-04-23_13-16-45/Trafficlight_5,2,0,0.0,0,0.0,0,0.0,yolo12n,clean
Koeln/Koeln2/2015-04-23_13-18-13/Trafficlight_4,7,6,0.8571428571428571,0,0.0,5,1.4128310680389404,yolo12n,clean
Koeln/Koeln2/2015-04-23_13-18-13/Trafficlight_5,12,5,0.4166666666666667,0,0.0,2,0.3549339771270752,yolo12n,clean
Koeln/Koeln2/2015-04-23_13-18-13/Trafficlight_6,13,1,0.07692307692307693,0,0.0,1,0.0,yolo12n,clean
Koeln/Koeln2/2015-04-23_13-18-13/Trafficlight_7,19,0,0.0,0,0.0,0,0.0,yolo12n,clean
Koeln/Koeln2/2015-04-23_13-19-07/Trafficlight_1,12,1,0.08333333333333333,0,0.0,1,0.0,yolo12n,clean
Koeln/Koeln2/2015-04-23_13-19-07/Trafficlight_2,4,0,0.0,0,0.0,0,0.0,yolo12n,clean
Koeln/Koeln2/2015-04-23_13-19-07/Trafficlight_3,5,0,0.0,0,0.0,0,0.0,yolo12n,clean
Koeln/Koeln2/2015-04-23_13-19-07/Trafficlight_6,12,2,0.16666666666666666,0,0.0,1,0.0,yolo12n,clean
Koeln/Koeln2/2015-04-23_13-19-07/Trafficlight_7,5,0,0.0,0,0.0,0,0.0,yolo12n,clean
Koeln/Koeln2/2015-04-23_13-19-07/Trafficlight_8,6,1,0.16666666666666666,0,0.0,1,0.0,yolo12n,clean
Koeln/Koeln2/2015-04-23_13-22-16/Trafficlight_5,16,5,0.3125,0,0.0,2,0.8218300342559814,yolo12n,clean
Koeln/Koeln2/2015-04-23_13-22-16/Trafficlight_6,14,2,0.14285714285714285,0,0.0,2,0.8212699890136719,yolo12n,clean
Koeln/Koeln2/2015-04-23_13-26-00/Trafficlight_1,5,5,1.0,0,0.0,5,0.23670387268066406,yolo12n,clean
Koeln/Koeln2/2015-04-23_13-26-00/Trafficlight_2,11,11,1.0,0,0.0,11,0.6478209495544434,yolo12n,clean
Koeln/Koeln2/2015-04-23_13-27-52/Trafficlight_2,9,1,0.1111111111111111,0,0.0,1,0.0,yolo12n,clean
Koeln/Koeln2/2015-04-23_13-27-52/Trafficlight_3,9,1,0.1111111111111111,0,0.0,1,0.0,yolo12n,clean
Koeln/Koeln2/2015-04-23_13-28-56/Trafficlight_1,1,0,0.0,0,0.0,0,0.0,yolo12n,clean
Koeln/Koeln2/2015-04-23_13-28-56/Trafficlight_3,1,0,0.0,0,0.0,0,0.0,yolo12n,clean
Koeln/Koeln2/2015-04-23_13-29-48/Trafficlight_1,17,0,0.0,0,0.0,0,0.0,yolo12n,clean
Koeln/Koeln2/2015-04-23_13-29-48/Trafficlight_2,13,2,0.15384615384615385,0,0.0,1,0.0,yolo12n,clean
Koeln/Koeln2/2015-04-23_13-29-48/Trafficlight_3,17,6,0.35294117647058826,0,0.0,2,0.35461997985839844,yolo12n,clean
Koeln/Koeln2/2015-04-23_13-30-07/Trafficlight_2,11,0,0.0,0,0.0,0,0.0,yolo12n,clean
Koeln/Koeln2/2015-04-23_13-30-07/Trafficlight_3,14,0,0.0,0,0.0,0,0.0,yolo12n,clean
Koeln/Koeln2/2015-04-23_13-30-57/Trafficlight_3,10,1,0.1,0,0.0,1,0.0,yolo12n,clean
Koeln/Koeln2/2015-04-23_13-30-57/Trafficlight_4,12,3,0.25,0,0.0,2,1.004526138305664,yolo12n,clean
Essen/Essen2/2015-04-22_11-54-56/Trafficlight_1,16,2,0.125,0,0.0,1,0.0,yolov8n,fog_l1
Essen/Essen2/2015-04-22_11-54-56/Trafficlight_2,12,4,0.3333333333333333,0,0.0,2,0.39777588844299316,yolov8n,fog_l1
Essen/Essen2/2015-04-22_11-55-29/Trafficlight_1,22,3,0.13636363636363635,0,0.0,3,0.7984380722045898,yolov8n,fog_l1
Essen/Essen2/2015-04-22_11-55-29/Trafficlight_2,15,0,0.0,0,0.0,0,0.0,yolov8n,fog_l1
Essen/Essen2/2015-04-22_11-55-29/Trafficlight_3,21,2,0.09523809523809523,0,0.0,1,0.0,yolov8n,fog_l1
Essen/Essen2/2015-04-22_11-58-40/Trafficlight_1,1,0,0.0,0,0.0,0,0.0,yolov8n,fog_l1
Essen/Essen2/2015-04-22_11-58-40/Trafficlight_2,1,0,0.0,0,0.0,0,0.0,yolov8n,fog_l1
Essen/Essen2/2015-04-22_11-59-47/Trafficlight_1,14,12,0.8571428571428571,0,0.0,8,6.869848966598511,yolov8n,fog_l1
Essen/Essen2/2015-04-22_11-59-47/Trafficlight_2,18,0,0.0,0,0.0,0,0.0,yolov8n,fog_l1
Essen/Essen2/2015-04-22_11-59-47/Trafficlight_3,21,18,0.8571428571428571,0,0.0,10,4.7995500564575195,yolov8n,fog_l1
Essen/Essen2/2015-04-22_12-00-12/Trafficlight_1,12,9,0.75,0,0.0,4,0.8016531467437744,yolov8n,fog_l1
Essen/Essen2/2015-04-22_12-00-12/Trafficlight_2,12,4,0.3333333333333333,0,0.0,3,0.5392019748687744,yolov8n,fog_l1
Essen/Essen2/2015-04-22_12-00-12/Trafficlight_3,18,5,0.2777777777777778,0,0.0,4,0.8024370670318604,yolov8n,fog_l1
Essen/Essen2/2015-04-22_12-00-50/Trafficlight_1,8,1,0.125,0,0.0,1,0.0,yolov8n,fog_l1
Essen/Essen2/2015-04-22_12-00-50/Trafficlight_2,4,0,0.0,0,0.0,0,0.0,yolov8n,fog_l1
Essen/Essen2/2015-04-22_12-00-50/Trafficlight_3,7,2,0.2857142857142857,0,0.0,2,1.73030686378479,yolov8n,fog_l1
Essen/Essen2/2015-04-22_12-03-07/Trafficlight_7,1,1,1.0,0,0.0,1,0.0,yolov8n,fog_l1
Essen/Essen2/2015-04-22_12-03-07/Trafficlight_8,1,1,1.0,0,0.0,1,0.0,yolov8n,fog_l1
Essen/Essen2/2015-04-22_12-03-17/Trafficlight_1,11,11,1.0,0,0.0,11,3.3990509510040283,yolov8n,fog_l1
Essen/Essen2/2015-04-22_12-03-17/Trafficlight_2,11,9,0.8181818181818182,0,0.0,9,2.731131076812744,yolov8n,fog_l1
Essen/Essen2/2015-04-22_12-03-17/Trafficlight_3,10,4,0.4,0,0.0,2,0.3988680839538574,yolov8n,fog_l1
Essen/Essen2/2015-04-22_12-03-17/Trafficlight_4,2,2,1.0,0,0.0,2,0.33318114280700684,yolov8n,fog_l1
Essen/Essen2/2015-04-22_12-04-52/Trafficlight_1,18,1,0.05555555555555555,0,0.0,1,0.0,yolov8n,fog_l1
Essen/Essen2/2015-04-22_12-04-52/Trafficlight_5,6,6,1.0,0,0.0,6,1.664518117904663,yolov8n,fog_l1
Essen/Essen2/2015-04-22_12-07-48/Trafficlight_1,7,7,1.0,0,0.0,7,1.999337911605835,yolov8n,fog_l1
Essen/Essen2/2015-04-22_12-07-48/Trafficlight_2,7,0,0.0,0,0.0,0,0.0,yolov8n,fog_l1
Essen/Essen2/2015-04-22_12-07-48/Trafficlight_3,7,7,1.0,0,0.0,7,1.999337911605835,yolov8n,fog_l1
Essen/Essen2/2015-04-22_12-10-46/Trafficlight_2,10,1,0.1,1,0.1,1,0.0,yolov8n,fog_l1
Essen/Essen2/2015-04-22_12-10-46/Trafficlight_3,16,5,0.3125,0,0.0,5,4.073596000671387,yolov8n,fog_l1
Essen/Essen2/2015-04-22_12-10-46/Trafficlight_1,13,6,0.46153846153846156,0,0.0,4,3.0016729831695557,yolov8n,fog_l1
Essen/Essen2/2015-04-22_12-12-38/Trafficlight_1,14,7,0.5,0,0.0,7,3.131639003753662,yolov8n,fog_l1
Essen/Essen2/2015-04-22_12-12-38/Trafficlight_2,16,3,0.1875,0,0.0,2,0.40088796615600586,yolov8n,fog_l1
Essen/Essen2/2015-04-22_12-14-33/Trafficlight_1,5,5,1.0,0,0.0,5,1.8019039630889893,yolov8n,fog_l1
Essen/Essen2/2015-04-22_12-14-33/Trafficlight_2,4,0,0.0,0,0.0,0,0.0,yolov8n,fog_l1
Essen/Essen2/2015-04-22_12-14-33/Trafficlight_3,5,5,1.0,0,0.0,5,1.8019039630889893,yolov8n,fog_l1
Essen/Essen2/2015-04-22_12-16-21/Trafficlight_1,16,0,0.0,0,0.0,0,0.0,yolov8n,fog_l1
Essen/Essen2/2015-04-22_12-16-21/Trafficlight_2,12,3,0.25,0,0.0,2,0.39905595779418945,yolov8n,fog_l1
Essen/Essen2/2015-04-22_12-17-10/Trafficlight_2,9,9,1.0,0,0.0,9,5.531995058059692,yolov8n,fog_l1
Essen/Essen2/2015-04-22_12-17-10/Trafficlight_1,17,8,0.47058823529411764,0,0.0,8,4.800240993499756,yolov8n,fog_l1
Essen/Essen2/2015-04-22_12-17-10/Trafficlight_3,13,12,0.9230769230769231,0,0.0,7,4.13326096534729,yolov8n,fog_l1
Essen/Essen3/2015-04-22_12-21-40/Trafficlight_2,20,7,0.35,0,0.0,4,0.6015501022338867,yolov8n,fog_l1
Essen/Essen3/2015-04-22_12-21-40/Trafficlight_3,1,0,0.0,0,0.0,0,0.0,yolov8n,fog_l1
Essen/Essen3/2015-04-22_12-22-11/Trafficlight_2,4,4,1.0,0,0.0,4,2.125485897064209,yolov8n,fog_l1
Essen/Essen3/2015-04-22_12-22-11/Trafficlight_3,6,0,0.0,0,0.0,0,0.0,yolov8n,fog_l1
Essen/Essen3/2015-04-22_12-22-11/Trafficlight_4,11,0,0.0,0,0.0,0,0.0,yolov8n,fog_l1
Essen/Essen3/2015-04-22_12-24-28/Trafficlight_1,5,5,1.0,0,0.0,5,3.932101011276245,yolov8n,fog_l1
Essen/Essen3/2015-04-22_12-24-28/Trafficlight_2,5,2,0.4,0,0.0,2,0.8665969371795654,yolov8n,fog_l1
Essen/Essen3/2015-04-22_12-24-28/Trafficlight_3,2,0,0.0,0,0.0,0,0.0,yolov8n,fog_l1
Essen/Essen3/2015-04-22_12-28-48/Trafficlight_1,20,11,0.55,0,0.0,9,4.2678139209747314,yolov8n,fog_l1
Essen/Essen3/2015-04-22_12-28-48/Trafficlight_5,10,10,1.0,0,0.0,10,4.799072980880737,yolov8n,fog_l1
Essen/Essen3/2015-04-22_12-31-21/Trafficlight_4,1,1,1.0,0,0.0,1,0.0,yolov8n,fog_l1
Essen/Essen3/2015-04-22_12-31-56/Trafficlight_1,8,4,0.5,0,0.0,4,0.40120792388916016,yolov8n,fog_l1
Essen/Essen3/2015-04-22_12-31-56/Trafficlight_2,19,0,0.0,0,0.0,0,0.0,yolov8n,fog_l1
Essen/Essen3/2015-04-22_12-31-56/Trafficlight_3,9,6,0.6666666666666666,0,0.0,6,6.46475887298584,yolov8n,fog_l1
Essen/Essen3/2015-04-22_12-31-56/Trafficlight_4,9,2,0.2222222222222222,0,0.0,2,1.2657849788665771,yolov8n,fog_l1
Essen/Essen3/2015-04-22_12-31-56/Trafficlight_16,8,0,0.0,0,0.0,0,0.0,yolov8n,fog_l1
Essen/Essen3/2015-04-22_12-31-56/Trafficlight_17,6,0,0.0,0,0.0,0,0.0,yolov8n,fog_l1
Essen/Essen3/2015-04-22_12-31-56/Trafficlight_18,10,0,0.0,0,0.0,0,0.0,yolov8n,fog_l1
Fulda/Fulda2/2015-05-15_18-00-09/Trafficlight_1,10,0,0.0,0,0.0,0,0.0,yolov8n,fog_l1
Fulda/Fulda2/2015-05-15_18-00-09/Trafficlight_7,3,0,0.0,0,0.0,0,0.0,yolov8n,fog_l1
Fulda/Fulda2/2015-05-15_18-00-57/Trafficlight_1,14,0,0.0,0,0.0,0,0.0,yolov8n,fog_l1
Fulda/Fulda2/2015-05-15_18-00-57/Trafficlight_2,10,3,0.3,0,0.0,2,0.5901889801025391,yolov8n,fog_l1
Fulda/Fulda2/2015-05-15_18-00-57/Trafficlight_3,10,0,0.0,0,0.0,0,0.0,yolov8n,fog_l1
Fulda/Fulda2/2015-05-15_18-01-58/Trafficlight_14,3,3,1.0,0,0.0,3,1.1750850677490234,yolov8n,fog_l1
Fulda/Fulda2/2015-05-15_18-03-39/Trafficlight_5,11,1,0.09090909090909091,0,0.0,1,0.0,yolov8n,fog_l1
Fulda/Fulda2/2015-05-15_18-03-39/Trafficlight_6,7,0,0.0,0,0.0,0,0.0,yolov8n,fog_l1
Fulda/Fulda2/2015-05-15_18-03-39/Trafficlight_7,11,2,0.18181818181818182,0,0.0,1,0.0,yolov8n,fog_l1
Fulda/Fulda2/2015-05-15_18-04-24/Trafficlight_2,15,4,0.26666666666666666,0,0.0,2,0.5911819934844971,yolov8n,fog_l1
Fulda/Fulda2/2015-05-15_18-05-38/Trafficlight_1,16,0,0.0,0,0.0,0,0.0,yolov8n,fog_l1
Fulda/Fulda2/2015-05-15_18-05-38/Trafficlight_7,14,2,0.14285714285714285,0,0.0,2,0.5901389122009277,yolov8n,fog_l1
Fulda/Fulda2/2015-05-15_18-05-38/Trafficlight_12,7,7,1.0,0,0.0,4,1.763545036315918,yolov8n,fog_l1
Fulda/Fulda2/2015-05-15_18-07-04/Trafficlight_2,7,0,0.0,0,0.0,0,0.0,yolov8n,fog_l1
Fulda/Fulda2/2015-05-15_18-07-04/Trafficlight_3,10,6,0.6,0,0.0,3,1.1781649589538574,yolov8n,fog_l1
Fulda/Fulda2/2015-05-15_18-07-04/Trafficlight_14,2,2,1.0,0,0.0,2,0.5877358913421631,yolov8n,fog_l1
Fulda/Fulda2/2015-05-15_18-07-37/Trafficlight_2,2,2,1.0,0,0.0,2,0.5985150337219238,yolov8n,fog_l1
Fulda/Fulda2/2015-05-15_18-07-37/Trafficlight_3,3,3,1.0,0,0.0,3,1.1775381565093994,yolov8n,fog_l1
Fulda/Fulda2/2015-05-15_18-08-11/Trafficlight_1,8,0,0.0,0,0.0,0,0.0,yolov8n,fog_l1
Fulda/Fulda2/2015-05-15_18-08-11/Trafficlight_2,8,0,0.0,0,0.0,0,0.0,yolov8n,fog_l1
Fulda/Fulda2/2015-05-15_18-09-21/Trafficlight_1,14,11,0.7857142857142857,0,0.0,6,2.939811944961548,yolov8n,fog_l1
Fulda/Fulda2/2015-05-15_18-09-21/Trafficlight_2,5,0,0.0,0,0.0,0,0.0,yolov8n,fog_l1
Fulda/Fulda2/2015-05-15_18-11-25/Trafficlight_1,14,1,0.07142857142857142,0,0.0,1,0.0,yolov8n,fog_l1
Fulda/Fulda2/2015-05-15_18-11-25/Trafficlight_2,9,0,0.0,0,0.0,0,0.0,yolov8n,fog_l1
Fulda/Fulda2/2015-05-15_18-11-25/Trafficlight_3,12,0,0.0,0,0.0,0,0.0,yolov8n,fog_l1
Fulda/Fulda2/2015-05-15_18-12-26/Trafficlight_12,1,1,1.0,0,0.0,1,0.0,yolov8n,fog_l1
Fulda/Fulda2/2015-05-15_18-12-26/Trafficlight_13,1,0,0.0,0,0.0,0,0.0,yolov8n,fog_l1
Fulda/Fulda2/2015-05-15_18-13-56/Trafficlight_2,3,0,0.0,0,0.0,0,0.0,yolov8n,fog_l1
Fulda/Fulda2/2015-05-15_18-13-56/Trafficlight_3,3,0,0.0,0,0.0,0,0.0,yolov8n,fog_l1
Fulda/Fulda2/2015-05-15_18-13-56/Trafficlight_4,4,4,1.0,0,0.0,4,1.76487398147583,yolov8n,fog_l1
Hannover/Hannover4/2015-04-20_13-51-29/Trafficlight_7,20,20,1.0,0,0.0,20,5.936743974685669,yolov8n,fog_l1
Hannover/Hannover4/2015-04-20_13-51-36/Trafficlight_4,20,20,1.0,0,0.0,20,1.467405080795288,yolov8n,fog_l1
Hannover/Hannover4/2015-04-20_13-51-36/Trafficlight_6,10,10,1.0,0,0.0,10,0.6674211025238037,yolov8n,fog_l1
Hannover/Hannover4/2015-04-20_13-51-40/Trafficlight_2,20,4,0.2,0,0.0,3,1.2641501426696777,yolov8n,fog_l1
Hannover/Hannover4/2015-04-20_13-51-40/Trafficlight_1,18,17,0.9444444444444444,0,0.0,15,9.932133197784424,yolov8n,fog_l1
Hannover/Hannover4/2015-04-20_13-51-40/Trafficlight_3,19,17,0.8947368421052632,0,0.0,10,5.598847150802612,yolov8n,fog_l1
Hannover/Hannover4/2015-04-20_13-54-28/Trafficlight_2,4,0,0.0,0,0.0,0,0.0,yolov8n,fog_l1
Hannover/Hannover4/2015-04-20_13-54-28/Trafficlight_3,13,5,0.38461538461538464,0,0.0,2,1.8680229187011719,yolov8n,fog_l1
Hannover/Hannover4/2015-04-20_13-54-28/Trafficlight_7,5,5,1.0,0,0.0,5,3.7315638065338135,yolov8n,fog_l1
Hannover/Hannover4/2015-04-20_13-56-44/Trafficlight_3,12,1,0.08333333333333333,0,0.0,1,0.0,yolov8n,fog_l1
Hannover/Hannover4/2015-04-20_13-56-44/Trafficlight_4,19,6,0.3157894736842105,0,0.0,5,2.865511894226074,yolov8n,fog_l1
Hannover/Hannover4/2015-04-20_13-57-56/Trafficlight_4,19,19,1.0,0,0.0,19,1.1975510120391846,yolov8n,fog_l1
Hannover/Hannover4/2015-04-20_13-58-03/Trafficlight_3,16,1,0.0625,0,0.0,1,0.0,yolov8n,fog_l1
Hannover/Hannover4/2015-04-20_13-58-03/Trafficlight_4,23,9,0.391304347826087,0,0.0,7,4.130895137786865,yolov8n,fog_l1
Hannover/Hannover4/2015-04-20_13-59-27/Trafficlight_1,20,20,1.0,0,0.0,20,1.3349270820617676,yolov8n,fog_l1
Hannover/Hannover4/2015-04-20_14-00-12/Trafficlight_1,26,22,0.8461538461538461,0,0.0,12,6.397797107696533,yolov8n,fog_l1
Hannover/Hannover4/2015-04-20_14-00-12/Trafficlight_2,29,5,0.1724137931034483,0,0.0,4,1.7294580936431885,yolov8n,fog_l1
Hannover/Hannover4/2015-04-20_14-00-12/Trafficlight_3,9,5,0.5555555555555556,0,0.0,3,1.1345031261444092,yolov8n,fog_l1
Hannover/Hannover4/2015-04-20_14-01-01/Trafficlight_2,20,0,0.0,0,0.0,0,0.0,yolov8n,fog_l1
Hannover/Hannover4/2015-04-20_14-01-01/Trafficlight_1,20,7,0.35,0,0.0,5,3.4689669609069824,yolov8n,fog_l1
Hannover/Hannover4/2015-04-20_14-02-07/Trafficlight_4,20,20,1.0,0,0.0,20,5.469353914260864,yolov8n,fog_l1
Hannover/Hannover4/2015-04-20_14-02-24/Trafficlight_2,8,6,0.75,0,0.0,6,1.5361418724060059,yolov8n,fog_l1
Hannover/Hannover4/2015-04-20_14-02-24/Trafficlight_3,10,10,1.0,0,0.0,9,2.5317258834838867,yolov8n,fog_l1
Hannover/Hannover4/2015-04-20_14-02-24/Trafficlight_1,9,9,1.0,0,0.0,9,2.5317258834838867,yolov8n,fog_l1
Hannover/Hannover4/2015-04-20_14-02-24/Trafficlight_5,1,1,1.0,0,0.0,1,0.0,yolov8n,fog_l1
Hannover/Hannover4/2015-04-20_14-04-24/Trafficlight_3,6,4,0.6666666666666666,0,0.0,4,1.6685810089111328,yolov8n,fog_l1
Hannover/Hannover4/2015-04-20_14-04-24/Trafficlight_4,4,3,0.75,0,0.0,2,0.5343871116638184,yolov8n,fog_l1
Hannover/Hannover4/2015-04-20_14-04-24/Trafficlight_5,14,10,0.7142857142857143,0,0.0,9,4.533716917037964,yolov8n,fog_l1
Hannover/Hannover4/2015-04-20_14-05-57/Trafficlight_2,12,0,0.0,0,0.0,0,0.0,yolov8n,fog_l1
Hannover/Hannover4/2015-04-20_14-05-57/Trafficlight_1,7,7,1.0,0,0.0,7,5.333891868591309,yolov8n,fog_l1
Hannover/Hannover4/2015-04-20_14-05-57/Trafficlight_3,17,3,0.17647058823529413,0,0.0,2,0.8647990226745605,yolov8n,fog_l1
Hannover/Hannover4/2015-04-20_14-06-51/Trafficlight_2,15,3,0.2,0,0.0,2,0.5353939533233643,yolov8n,fog_l1
Hannover/Hannover4/2015-04-20_14-06-51/Trafficlight_1,18,7,0.3888888888888889,0,0.0,3,1.0677769184112549,yolov8n,fog_l1
Hannover/Hannover4/2015-04-20_14-06-51/Trafficlight_3,18,5,0.2777777777777778,0,0.0,2,0.5351650714874268,yolov8n,fog_l1
Hannover/Hannover4/2015-04-20_14-08-36/Trafficlight_4,10,5,0.5,1,0.1,2,0.3348548412322998,yolov8n,fog_l1
Hannover/Hannover4/2015-04-20_14-08-36/Trafficlight_5,20,0,0.0,0,0.0,0,0.0,yolov8n,fog_l1
Hannover/Hannover4/2015-04-20_14-08-36/Trafficlight_3,9,0,0.0,0,0.0,0,0.0,yolov8n,fog_l1
Hannover/Hannover4/2015-04-20_14-09-52/Trafficlight_1,20,2,0.1,0,0.0,1,0.0,yolov8n,fog_l1
Hannover/Hannover4/2015-04-20_14-09-52/Trafficlight_2,20,2,0.1,0,0.0,1,0.0,yolov8n,fog_l1
Hannover/Hannover4/2015-04-20_14-11-20/Trafficlight_1,12,0,0.0,0,0.0,0,0.0,yolov8n,fog_l1
Hannover/Hannover4/2015-04-20_14-11-20/Trafficlight_3,3,1,0.3333333333333333,0,0.0,1,0.0,yolov8n,fog_l1
Hannover/Hannover4/2015-04-20_14-12-16/Trafficlight_4,7,7,1.0,0,0.0,7,2.398069143295288,yolov8n,fog_l1
Hannover/Hannover4/2015-04-20_14-12-16/Trafficlight_5,7,7,1.0,0,0.0,7,2.398069143295288,yolov8n,fog_l1
Hannover/Hannover4/2015-04-20_14-12-16/Trafficlight_6,20,20,1.0,0,0.0,20,7.598844051361084,yolov8n,fog_l1
Hannover/Hannover4/2015-04-20_14-16-02/Trafficlight_2,14,3,0.21428571428571427,0,0.0,2,0.6692650318145752,yolov8n,fog_l1
Hannover/Hannover4/2015-04-20_14-16-02/Trafficlight_3,19,8,0.42105263157894735,0,0.0,3,1.199901819229126,yolov8n,fog_l1
Hannover/Hannover4/2015-04-20_14-16-02/Trafficlight_1,8,8,1.0,0,0.0,8,4.332615852355957,yolov8n,fog_l1
Hannover/Hannover4/2015-04-20_14-17-12/Trafficlight_2,20,4,0.2,0,0.0,3,0.6671879291534424,yolov8n,fog_l1
Hannover/Hannover4/2015-04-20_14-17-12/TrafficLight_6,20,19,0.95,0,0.0,10,2.9307451248168945,yolov8n,fog_l1
Hannover/Hannover4/2015-04-20_14-31-46/Trafficlight_3,4,0,0.0,0,0.0,0,0.0,yolov8n,fog_l1
Hannover/Hannover4/2015-04-20_14-31-46/Trafficlight_4,8,0,0.0,0,0.0,0,0.0,yolov8n,fog_l1
Hannover/Hannover4/2015-04-20_14-31-46/Trafficlight_2,9,2,0.2222222222222222,0,0.0,1,0.0,yolov8n,fog_l1
Hannover/Hannover4/2015-04-20_14-32-25/Trafficlight_3,14,0,0.0,0,0.0,0,0.0,yolov8n,fog_l1
Hannover/Hannover4/2015-04-20_14-32-25/Trafficlight_4,20,7,0.35,0,0.0,7,3.332705020904541,yolov8n,fog_l1
Hannover/Hannover4/2015-04-20_14-33-38/Trafficlight_2,6,1,0.16666666666666666,0,0.0,1,0.0,yolov8n,fog_l1
Hannover/Hannover4/2015-04-20_14-33-38/Trafficlight_3,20,5,0.25,0,0.0,2,0.20151090621948242,yolov8n,fog_l1
Koeln/Koeln2/2015-04-23_12-31-31/Trafficlight_1,2,2,1.0,0,0.0,2,0.47226786613464355,yolov8n,fog_l1
Koeln/Koeln2/2015-04-23_12-31-31/Trafficlight_2,2,2,1.0,0,0.0,2,0.47226786613464355,yolov8n,fog_l1
Koeln/Koeln2/2015-04-23_12-31-31/Trafficlight_3,2,2,1.0,0,0.0,2,0.47226786613464355,yolov8n,fog_l1
Koeln/Koeln2/2015-04-23_12-33-22/Trafficlight_19,1,1,1.0,0,0.0,1,0.0,yolov8n,fog_l1
Koeln/Koeln2/2015-04-23_12-54-40/Trafficlight_3,9,6,0.6666666666666666,0,0.0,4,2.531008005142212,yolov8n,fog_l1
Koeln/Koeln2/2015-04-23_12-54-40/Trafficlight_4,9,4,0.4444444444444444,2,0.2222222222222222,2,0.8254489898681641,yolov8n,fog_l1
Koeln/Koeln2/2015-04-23_12-55-44/Trafficlight_3,8,6,0.75,0,0.0,6,3.821012020111084,yolov8n,fog_l1
Koeln/Koeln2/2015-04-23_12-55-44/Trafficlight_1,8,4,0.5,0,0.0,4,2.2907629013061523,yolov8n,fog_l1
Koeln/Koeln2/2015-04-23_12-55-44/Trafficlight_2,7,6,0.8571428571428571,0,0.0,6,3.821012020111084,yolov8n,fog_l1
Koeln/Koeln2/2015-04-23_12-56-08/Trafficlight_2,11,0,0.0,0,0.0,0,0.0,yolov8n,fog_l1
Koeln/Koeln2/2015-04-23_12-56-08/Trafficlight_1,20,8,0.4,0,0.0,8,6.172895908355713,yolov8n,fog_l1
Koeln/Koeln2/2015-04-23_12-56-08/Trafficlight_3,15,2,0.13333333333333333,0,0.0,1,0.0,yolov8n,fog_l1
Koeln/Koeln2/2015-04-23_12-58-12/Trafficlight_1,20,14,0.7,0,0.0,8,6.764039039611816,yolov8n,fog_l1
Koeln/Koeln2/2015-04-23_12-58-12/Trafficlight_2,20,2,0.1,0,0.0,2,0.9384341239929199,yolov8n,fog_l1
Koeln/Koeln2/2015-04-23_13-03-59/Trafficlight_2,5,5,1.0,0,0.0,5,2.116795063018799,yolov8n,fog_l1
Koeln/Koeln2/2015-04-23_13-03-59/Trafficlight_3,7,6,0.8571428571428571,0,0.0,4,1.5878171920776367,yolov8n,fog_l1
Koeln/Koeln2/2015-04-23_13-05-35/Trafficlight_4,3,0,0.0,0,0.0,0,0.0,yolov8n,fog_l1
Koeln/Koeln2/2015-04-23_13-05-35/Trafficlight_5,4,1,0.25,0,0.0,1,0.0,yolov8n,fog_l1
Koeln/Koeln2/2015-04-23_13-10-19/Trafficlight_1,3,0,0.0,0,0.0,0,0.0,yolov8n,fog_l1
Koeln/Koeln2/2015-04-23_13-10-19/Trafficlight_3,5,1,0.2,0,0.0,1,0.0,yolov8n,fog_l1
Koeln/Koeln2/2015-04-23_13-10-19/Trafficlight_7,6,6,1.0,0,0.0,4,2.4686670303344727,yolov8n,fog_l1
Koeln/Koeln2/2015-04-23_13-10-19/Trafficlight_8,6,6,1.0,0,0.0,4,2.4686670303344727,yolov8n,fog_l1
Koeln/Koeln2/2015-04-23_13-11-46/Trafficlight_1,5,5,1.0,0,0.0,5,4.520406007766724,yolov8n,fog_l1
Koeln/Koeln2/2015-04-23_13-11-46/Trafficlight_3,7,4,0.5714285714285714,0,0.0,3,2.4709131717681885,yolov8n,fog_l1
Koeln/Koeln2/2015-04-23_13-15-36/Trafficlight_4,13,13,1.0,1,0.07692307692307693,13,6.585233926773071,yolov8n,fog_l1
Koeln/Koeln2/2015-04-23_13-15-36/Trafficlight_5,2,2,1.0,0,0.0,2,0.7070450782775879,yolov8n,fog_l1
Koeln/Koeln2/2015-04-23_13-15-59/Trafficlight_4,15,0,0.0,0,0.0,0,0.0,yolov8n,fog_l1
Koeln/Koeln2/2015-04-23_13-15-59/Trafficlight_3,7,0,0.0,0,0.0,0,0.0,yolov8n,fog_l1
Koeln/Koeln2/2015-04-23_13-16-45/Trafficlight_5,2,0,0.0,0,0.0,0,0.0,yolov8n,fog_l1
Koeln/Koeln2/2015-04-23_13-18-13/Trafficlight_4,7,7,1.0,0,0.0,5,1.4128310680389404,yolov8n,fog_l1
Koeln/Koeln2/2015-04-23_13-18-13/Trafficlight_5,12,9,0.75,0,0.0,8,2.4698281288146973,yolov8n,fog_l1
Koeln/Koeln2/2015-04-23_13-18-13/Trafficlight_6,13,4,0.3076923076923077,0,0.0,2,0.353179931640625,yolov8n,fog_l1
Koeln/Koeln2/2015-04-23_13-18-13/Trafficlight_7,19,3,0.15789473684210525,0,0.0,1,0.0,yolov8n,fog_l1
Koeln/Koeln2/2015-04-23_13-19-07/Trafficlight_1,12,0,0.0,0,0.0,0,0.0,yolov8n,fog_l1
Koeln/Koeln2/2015-04-23_13-19-07/Trafficlight_2,4,0,0.0,0,0.0,0,0.0,yolov8n,fog_l1
Koeln/Koeln2/2015-04-23_13-19-07/Trafficlight_3,5,1,0.2,0,0.0,1,0.0,yolov8n,fog_l1
Koeln/Koeln2/2015-04-23_13-19-07/Trafficlight_6,12,5,0.4166666666666667,0,0.0,1,0.0,yolov8n,fog_l1
Koeln/Koeln2/2015-04-23_13-19-07/Trafficlight_7,5,1,0.2,0,0.0,1,0.0,yolov8n,fog_l1
Koeln/Koeln2/2015-04-23_13-19-07/Trafficlight_8,6,2,0.3333333333333333,0,0.0,1,0.0,yolov8n,fog_l1
Koeln/Koeln2/2015-04-23_13-22-16/Trafficlight_5,16,7,0.4375,0,0.0,3,1.704421043395996,yolov8n,fog_l1
Koeln/Koeln2/2015-04-23_13-22-16/Trafficlight_6,14,12,0.8571428571428571,0,0.0,9,6.82173490524292,yolov8n,fog_l1
Koeln/Koeln2/2015-04-23_13-26-00/Trafficlight_1,5,5,1.0,0,0.0,5,0.23670387268066406,yolov8n,fog_l1
Koeln/Koeln2/2015-04-23_13-26-00/Trafficlight_2,11,11,1.0,0,0.0,11,0.6478209495544434,yolov8n,fog_l1
Koeln/Koeln2/2015-04-23_13-27-52/Trafficlight_2,9,3,0.3333333333333333,0,0.0,2,0.647475004196167,yolov8n,fog_l1
Koeln/Koeln2/2015-04-23_13-27-52/Trafficlight_3,9,5,0.5555555555555556,0,0.0,5,2.591688871383667,yolov8n,fog_l1
Koeln/Koeln2/2015-04-23_13-28-56/Trafficlight_1,1,0,0.0,0,0.0,0,0.0,yolov8n,fog_l1
Koeln/Koeln2/2015-04-23_13-28-56/Trafficlight_3,1,0,0.0,0,0.0,0,0.0,yolov8n,fog_l1
Koeln/Koeln2/2015-04-23_13-29-48/Trafficlight_1,17,2,0.11764705882352941,0,0.0,1,0.0,yolov8n,fog_l1
Koeln/Koeln2/2015-04-23_13-29-48/Trafficlight_2,13,10,0.7692307692307693,0,0.0,5,1.4126358032226562,yolov8n,fog_l1
Koeln/Koeln2/2015-04-23_13-29-48/Trafficlight_3,17,15,0.8823529411764706,0,0.0,14,4.820508003234863,yolov8n,fog_l1
Koeln/Koeln2/2015-04-23_13-30-07/Trafficlight_2,11,0,0.0,0,0.0,0,0.0,yolov8n,fog_l1
Koeln/Koeln2/2015-04-23_13-30-07/Trafficlight_3,14,2,0.14285714285714285,0,0.0,2,0.5938348770141602,yolov8n,fog_l1
Koeln/Koeln2/2015-04-23_13-30-57/Trafficlight_3,10,0,0.0,0,0.0,0,0.0,yolov8n,fog_l1
Koeln/Koeln2/2015-04-23_13-30-57/Trafficlight_4,12,5,0.4166666666666667,0,0.0,3,1.5298340320587158,yolov8n,fog_l1
Essen/Essen2/2015-04-22_11-54-56/Trafficlight_1,16,1,0.0625,0,0.0,1,0.0,yolo11n,fog_l1
Essen/Essen2/2015-04-22_11-54-56/Trafficlight_2,12,4,0.3333333333333333,0,0.0,2,0.39777588844299316,yolo11n,fog_l1
Essen/Essen2/2015-04-22_11-55-29/Trafficlight_1,22,3,0.13636363636363635,0,0.0,1,0.0,yolo11n,fog_l1
Essen/Essen2/2015-04-22_11-55-29/Trafficlight_2,15,0,0.0,0,0.0,0,0.0,yolo11n,fog_l1
Essen/Essen2/2015-04-22_11-55-29/Trafficlight_3,21,0,0.0,0,0.0,0,0.0,yolo11n,fog_l1
Essen/Essen2/2015-04-22_11-58-40/Trafficlight_1,1,0,0.0,0,0.0,0,0.0,yolo11n,fog_l1
Essen/Essen2/2015-04-22_11-58-40/Trafficlight_2,1,0,0.0,0,0.0,0,0.0,yolo11n,fog_l1
Essen/Essen2/2015-04-22_11-59-47/Trafficlight_1,14,11,0.7857142857142857,0,0.0,11,8.468425035476685,yolo11n,fog_l1
Essen/Essen2/2015-04-22_11-59-47/Trafficlight_2,18,0,0.0,0,0.0,0,0.0,yolo11n,fog_l1
Essen/Essen2/2015-04-22_11-59-47/Trafficlight_3,21,17,0.8095238095238095,0,0.0,17,8.468425035476685,yolo11n,fog_l1
Essen/Essen2/2015-04-22_12-00-12/Trafficlight_1,12,5,0.4166666666666667,0,0.0,3,0.5360829830169678,yolo11n,fog_l1
Essen/Essen2/2015-04-22_12-00-12/Trafficlight_2,12,4,0.3333333333333333,0,0.0,2,0.2712249755859375,yolo11n,fog_l1
Essen/Essen2/2015-04-22_12-00-12/Trafficlight_3,18,2,0.1111111111111111,0,0.0,1,0.0,yolo11n,fog_l1
Essen/Essen2/2015-04-22_12-00-50/Trafficlight_1,8,1,0.125,0,0.0,1,0.0,yolo11n,fog_l1
Essen/Essen2/2015-04-22_12-00-50/Trafficlight_2,4,0,0.0,0,0.0,0,0.0,yolo11n,fog_l1
Essen/Essen2/2015-04-22_12-00-50/Trafficlight_3,7,0,0.0,0,0.0,0,0.0,yolo11n,fog_l1
Essen/Essen2/2015-04-22_12-03-07/Trafficlight_7,1,1,1.0,0,0.0,1,0.0,yolo11n,fog_l1
Essen/Essen2/2015-04-22_12-03-07/Trafficlight_8,1,1,1.0,0,0.0,1,0.0,yolo11n,fog_l1
Essen/Essen2/2015-04-22_12-03-17/Trafficlight_1,11,11,1.0,0,0.0,11,3.3990509510040283,yolo11n,fog_l1
Essen/Essen2/2015-04-22_12-03-17/Trafficlight_2,11,5,0.45454545454545453,0,0.0,4,0.9997680187225342,yolo11n,fog_l1
Essen/Essen2/2015-04-22_12-03-17/Trafficlight_3,10,1,0.1,0,0.0,1,0.0,yolo11n,fog_l1
Essen/Essen2/2015-04-22_12-03-17/Trafficlight_4,2,2,1.0,0,0.0,2,0.33318114280700684,yolo11n,fog_l1
Essen/Essen2/2015-04-22_12-04-52/Trafficlight_1,18,4,0.2222222222222222,0,0.0,3,0.6665480136871338,yolo11n,fog_l1
Essen/Essen2/2015-04-22_12-04-52/Trafficlight_5,6,6,1.0,0,0.0,6,1.664518117904663,yolo11n,fog_l1
Essen/Essen2/2015-04-22_12-07-48/Trafficlight_1,7,6,0.8571428571428571,0,0.0,5,1.3353757858276367,yolo11n,fog_l1
Essen/Essen2/2015-04-22_12-07-48/Trafficlight_2,7,0,0.0,0,0.0,0,0.0,yolo11n,fog_l1
Essen/Essen2/2015-04-22_12-07-48/Trafficlight_3,7,7,1.0,0,0.0,7,1.999337911605835,yolo11n,fog_l1
Essen/Essen2/2015-04-22_12-10-46/Trafficlight_2,10,1,0.1,0,0.0,1,0.0,yolo11n,fog_l1
Essen/Essen2/2015-04-22_12-10-46/Trafficlight_3,16,5,0.3125,0,0.0,5,4.073596000671387,yolo11n,fog_l1
Essen/Essen2/2015-04-22_12-10-46/Trafficlight_1,13,7,0.5384615384615384,0,0.0,4,3.0016729831695557,yolo11n,fog_l1
Essen/Essen2/2015-04-22_12-12-38/Trafficlight_1,14,8,0.5714285714285714,0,0.0,5,2.397860050201416,yolo11n,fog_l1
Essen/Essen2/2015-04-22_12-12-38/Trafficlight_2,16,0,0.0,0,0.0,0,0.0,yolo11n,fog_l1
Essen/Essen2/2015-04-22_12-14-33/Trafficlight_1,5,5,1.0,0,0.0,5,1.8019039630889893,yolo11n,fog_l1
Essen/Essen2/2015-04-22_12-14-33/Trafficlight_2,4,0,0.0,0,0.0,0,0.0,yolo11n,fog_l1
Essen/Essen2/2015-04-22_12-14-33/Trafficlight_3,5,5,1.0,0,0.0,5,1.8019039630889893,yolo11n,fog_l1
Essen/Essen2/2015-04-22_12-16-21/Trafficlight_1,16,1,0.0625,0,0.0,1,0.0,yolo11n,fog_l1
Essen/Essen2/2015-04-22_12-16-21/Trafficlight_2,12,3,0.25,0,0.0,3,0.7985739707946777,yolo11n,fog_l1
Essen/Essen2/2015-04-22_12-17-10/Trafficlight_2,9,6,0.6666666666666666,0,0.0,6,3.3997910022735596,yolo11n,fog_l1
Essen/Essen2/2015-04-22_12-17-10/Trafficlight_1,17,7,0.4117647058823529,0,0.0,7,4.1340460777282715,yolo11n,fog_l1
Essen/Essen2/2015-04-22_12-17-10/Trafficlight_3,13,8,0.6153846153846154,0,0.0,3,1.4034500122070312,yolo11n,fog_l1
Essen/Essen3/2015-04-22_12-21-40/Trafficlight_2,20,7,0.35,0,0.0,5,0.8007321357727051,yolo11n,fog_l1
Essen/Essen3/2015-04-22_12-21-40/Trafficlight_3,1,0,0.0,0,0.0,0,0.0,yolo11n,fog_l1
Essen/Essen3/2015-04-22_12-22-11/Trafficlight_2,4,4,1.0,0,0.0,4,2.125485897064209,yolo11n,fog_l1
Essen/Essen3/2015-04-22_12-22-11/Trafficlight_3,6,0,0.0,0,0.0,0,0.0,yolo11n,fog_l1
Essen/Essen3/2015-04-22_12-22-11/Trafficlight_4,11,0,0.0,0,0.0,0,0.0,yolo11n,fog_l1
Essen/Essen3/2015-04-22_12-24-28/Trafficlight_1,5,5,1.0,0,0.0,5,3.932101011276245,yolo11n,fog_l1
Essen/Essen3/2015-04-22_12-24-28/Trafficlight_2,5,0,0.0,0,0.0,0,0.0,yolo11n,fog_l1
Essen/Essen3/2015-04-22_12-24-28/Trafficlight_3,2,0,0.0,0,0.0,0,0.0,yolo11n,fog_l1
Essen/Essen3/2015-04-22_12-28-48/Trafficlight_1,20,8,0.4,0,0.0,8,3.735752820968628,yolo11n,fog_l1
Essen/Essen3/2015-04-22_12-28-48/Trafficlight_5,10,9,0.9,0,0.0,9,4.263523101806641,yolo11n,fog_l1
Essen/Essen3/2015-04-22_12-31-21/Trafficlight_4,1,1,1.0,0,0.0,1,0.0,yolo11n,fog_l1
Essen/Essen3/2015-04-22_12-31-56/Trafficlight_1,8,6,0.75,0,0.0,6,0.6655259132385254,yolo11n,fog_l1
Essen/Essen3/2015-04-22_12-31-56/Trafficlight_2,19,0,0.0,0,0.0,0,0.0,yolo11n,fog_l1
Essen/Essen3/2015-04-22_12-31-56/Trafficlight_3,9,6,0.6666666666666666,0,0.0,6,6.46475887298584,yolo11n,fog_l1
Essen/Essen3/2015-04-22_12-31-56/Trafficlight_4,9,3,0.3333333333333333,0,0.0,3,2.59854793548584,yolo11n,fog_l1
Essen/Essen3/2015-04-22_12-31-56/Trafficlight_16,8,0,0.0,0,0.0,0,0.0,yolo11n,fog_l1
Essen/Essen3/2015-04-22_12-31-56/Trafficlight_17,6,0,0.0,0,0.0,0,0.0,yolo11n,fog_l1
Essen/Essen3/2015-04-22_12-31-56/Trafficlight_18,10,0,0.0,0,0.0,0,0.0,yolo11n,fog_l1
Fulda/Fulda2/2015-05-15_18-00-09/Trafficlight_1,10,0,0.0,0,0.0,0,0.0,yolo11n,fog_l1
Fulda/Fulda2/2015-05-15_18-00-09/Trafficlight_7,3,0,0.0,0,0.0,0,0.0,yolo11n,fog_l1
Fulda/Fulda2/2015-05-15_18-00-57/Trafficlight_1,14,0,0.0,1,0.07142857142857142,0,0.0,yolo11n,fog_l1
Fulda/Fulda2/2015-05-15_18-00-57/Trafficlight_2,10,2,0.2,0,0.0,1,0.0,yolo11n,fog_l1
Fulda/Fulda2/2015-05-15_18-00-57/Trafficlight_3,10,1,0.1,0,0.0,1,0.0,yolo11n,fog_l1
Fulda/Fulda2/2015-05-15_18-01-58/Trafficlight_14,3,3,1.0,0,0.0,3,1.1750850677490234,yolo11n,fog_l1
Fulda/Fulda2/2015-05-15_18-03-39/Trafficlight_5,11,1,0.09090909090909091,0,0.0,1,0.0,yolo11n,fog_l1
Fulda/Fulda2/2015-05-15_18-03-39/Trafficlight_6,7,0,0.0,0,0.0,0,0.0,yolo11n,fog_l1
Fulda/Fulda2/2015-05-15_18-03-39/Trafficlight_7,11,1,0.09090909090909091,0,0.0,1,0.0,yolo11n,fog_l1
Fulda/Fulda2/2015-05-15_18-04-24/Trafficlight_2,15,3,0.2,0,0.0,2,0.5902462005615234,yolo11n,fog_l1
Fulda/Fulda2/2015-05-15_18-05-38/Trafficlight_1,16,0,0.0,0,0.0,0,0.0,yolo11n,fog_l1
Fulda/Fulda2/2015-05-15_18-05-38/Trafficlight_7,14,2,0.14285714285714285,0,0.0,1,0.0,yolo11n,fog_l1
Fulda/Fulda2/2015-05-15_18-05-38/Trafficlight_12,7,7,1.0,0,0.0,4,1.763545036315918,yolo11n,fog_l1
Fulda/Fulda2/2015-05-15_18-07-04/Trafficlight_2,7,0,0.0,0,0.0,0,0.0,yolo11n,fog_l1
Fulda/Fulda2/2015-05-15_18-07-04/Trafficlight_3,10,8,0.8,0,0.0,4,1.767514944076538,yolo11n,fog_l1
Fulda/Fulda2/2015-05-15_18-07-04/Trafficlight_14,2,2,1.0,0,0.0,2,0.5877358913421631,yolo11n,fog_l1
Fulda/Fulda2/2015-05-15_18-07-37/Trafficlight_2,2,1,0.5,0,0.0,1,0.0,yolo11n,fog_l1
Fulda/Fulda2/2015-05-15_18-07-37/Trafficlight_3,3,2,0.6666666666666666,0,0.0,2,0.5985150337219238,yolo11n,fog_l1
Fulda/Fulda2/2015-05-15_18-08-11/Trafficlight_1,8,0,0.0,0,0.0,0,0.0,yolo11n,fog_l1
Fulda/Fulda2/2015-05-15_18-08-11/Trafficlight_2,8,0,0.0,0,0.0,0,0.0,yolo11n,fog_l1
Fulda/Fulda2/2015-05-15_18-09-21/Trafficlight_1,14,6,0.42857142857142855,0,0.0,3,1.176116943359375,yolo11n,fog_l1
Fulda/Fulda2/2015-05-15_18-09-21/Trafficlight_2,5,0,0.0,0,0.0,0,0.0,yolo11n,fog_l1
Fulda/Fulda2/2015-05-15_18-11-25/Trafficlight_1,14,1,0.07142857142857142,0,0.0,1,0.0,yolo11n,fog_l1
Fulda/Fulda2/2015-05-15_18-11-25/Trafficlight_2,9,0,0.0,0,0.0,0,0.0,yolo11n,fog_l1
Fulda/Fulda2/2015-05-15_18-11-25/Trafficlight_3,12,1,0.08333333333333333,0,0.0,1,0.0,yolo11n,fog_l1
Fulda/Fulda2/2015-05-15_18-12-26/Trafficlight_12,1,1,1.0,0,0.0,1,0.0,yolo11n,fog_l1
Fulda/Fulda2/2015-05-15_18-12-26/Trafficlight_13,1,0,0.0,0,0.0,0,0.0,yolo11n,fog_l1
Fulda/Fulda2/2015-05-15_18-13-56/Trafficlight_2,3,1,0.3333333333333333,0,0.0,1,0.0,yolo11n,fog_l1
Fulda/Fulda2/2015-05-15_18-13-56/Trafficlight_3,3,0,0.0,0,0.0,0,0.0,yolo11n,fog_l1
Fulda/Fulda2/2015-05-15_18-13-56/Trafficlight_4,4,4,1.0,0,0.0,4,1.76487398147583,yolo11n,fog_l1
Hannover/Hannover4/2015-04-20_13-51-29/Trafficlight_7,20,19,0.95,0,0.0,18,5.267312049865723,yolo11n,fog_l1
Hannover/Hannover4/2015-04-20_13-51-36/Trafficlight_4,20,20,1.0,0,0.0,20,1.467405080795288,yolo11n,fog_l1
Hannover/Hannover4/2015-04-20_13-51-36/Trafficlight_6,10,10,1.0,0,0.0,10,0.6674211025238037,yolo11n,fog_l1
Hannover/Hannover4/2015-04-20_13-51-40/Trafficlight_2,20,5,0.25,0,0.0,3,1.2651090621948242,yolo11n,fog_l1
Hannover/Hannover4/2015-04-20_13-51-40/Trafficlight_1,18,16,0.8888888888888888,0,0.0,10,6.8008270263671875,yolo11n,fog_l1
Hannover/Hannover4/2015-04-20_13-51-40/Trafficlight_3,19,15,0.7894736842105263,0,0.0,10,5.598847150802612,yolo11n,fog_l1
Hannover/Hannover4/2015-04-20_13-54-28/Trafficlight_2,4,0,0.0,0,0.0,0,0.0,yolo11n,fog_l1
Hannover/Hannover4/2015-04-20_13-54-28/Trafficlight_3,13,3,0.23076923076923078,0,0.0,2,1.8680229187011719,yolo11n,fog_l1
Hannover/Hannover4/2015-04-20_13-54-28/Trafficlight_7,5,5,1.0,0,0.0,5,3.7315638065338135,yolo11n,fog_l1
Hannover/Hannover4/2015-04-20_13-56-44/Trafficlight_3,12,0,0.0,0,0.0,0,0.0,yolo11n,fog_l1
Hannover/Hannover4/2015-04-20_13-56-44/Trafficlight_4,19,8,0.42105263157894735,0,0.0,8,5.000962972640991,yolo11n,fog_l1
Hannover/Hannover4/2015-04-20_13-57-56/Trafficlight_4,19,19,1.0,0,0.0,19,1.1975510120391846,yolo11n,fog_l1
Hannover/Hannover4/2015-04-20_13-58-03/Trafficlight_3,16,0,0.0,0,0.0,0,0.0,yolo11n,fog_l1
Hannover/Hannover4/2015-04-20_13-58-03/Trafficlight_4,23,9,0.391304347826087,0,0.0,9,5.466191053390503,yolo11n,fog_l1
Hannover/Hannover4/2015-04-20_13-59-27/Trafficlight_1,20,7,0.35,0,0.0,3,0.13260197639465332,yolo11n,fog_l1
Hannover/Hannover4/2015-04-20_14-00-12/Trafficlight_1,26,26,1.0,0,0.0,14,6.397797107696533,yolo11n,fog_l1
Hannover/Hannover4/2015-04-20_14-00-12/Trafficlight_2,29,7,0.2413793103448276,0,0.0,4,1.7294580936431885,yolo11n,fog_l1
Hannover/Hannover4/2015-04-20_14-00-12/Trafficlight_3,9,5,0.5555555555555556,0,0.0,3,1.1345031261444092,yolo11n,fog_l1
Hannover/Hannover4/2015-04-20_14-01-01/Trafficlight_2,20,0,0.0,0,0.0,0,0.0,yolo11n,fog_l1
Hannover/Hannover4/2015-04-20_14-01-01/Trafficlight_1,20,9,0.45,0,0.0,8,6.068166017532349,yolo11n,fog_l1
Hannover/Hannover4/2015-04-20_14-02-07/Trafficlight_4,20,20,1.0,0,0.0,20,5.469353914260864,yolo11n,fog_l1
Hannover/Hannover4/2015-04-20_14-02-24/Trafficlight_2,8,3,0.375,0,0.0,2,0.33564090728759766,yolo11n,fog_l1
Hannover/Hannover4/2015-04-20_14-02-24/Trafficlight_3,10,10,1.0,0,0.0,9,2.5317258834838867,yolo11n,fog_l1
Hannover/Hannover4/2015-04-20_14-02-24/Trafficlight_1,9,9,1.0,0,0.0,9,2.5317258834838867,yolo11n,fog_l1
Hannover/Hannover4/2015-04-20_14-02-24/Trafficlight_5,1,1,1.0,0,0.0,1,0.0,yolo11n,fog_l1
Hannover/Hannover4/2015-04-20_14-04-24/Trafficlight_3,6,5,0.8333333333333334,0,0.0,4,1.6685810089111328,yolo11n,fog_l1
Hannover/Hannover4/2015-04-20_14-04-24/Trafficlight_4,4,3,0.75,0,0.0,2,0.5343871116638184,yolo11n,fog_l1
Hannover/Hannover4/2015-04-20_14-04-24/Trafficlight_5,14,10,0.7142857142857143,0,0.0,9,4.533716917037964,yolo11n,fog_l1
Hannover/Hannover4/2015-04-20_14-05-57/Trafficlight_2,12,0,0.0,0,0.0,0,0.0,yolo11n,fog_l1
Hannover/Hannover4/2015-04-20_14-05-57/Trafficlight_1,7,7,1.0,0,0.0,7,5.333891868591309,yolo11n,fog_l1
Hannover/Hannover4/2015-04-20_14-05-57/Trafficlight_3,17,3,0.17647058823529413,0,0.0,3,1.7332031726837158,yolo11n,fog_l1
Hannover/Hannover4/2015-04-20_14-06-51/Trafficlight_2,15,0,0.0,0,0.0,0,0.0,yolo11n,fog_l1
Hannover/Hannover4/2015-04-20_14-06-51/Trafficlight_1,18,3,0.16666666666666666,0,0.0,3,1.0677769184112549,yolo11n,fog_l1
Hannover/Hannover4/2015-04-20_14-06-51/Trafficlight_3,18,4,0.2222222222222222,0,0.0,2,0.5323829650878906,yolo11n,fog_l1
Hannover/Hannover4/2015-04-20_14-08-36/Trafficlight_4,10,1,0.1,1,0.1,1,0.0,yolo11n,fog_l1
Hannover/Hannover4/2015-04-20_14-08-36/Trafficlight_5,20,0,0.0,0,0.0,0,0.0,yolo11n,fog_l1
Hannover/Hannover4/2015-04-20_14-08-36/Trafficlight_3,9,1,0.1111111111111111,0,0.0,1,0.0,yolo11n,fog_l1
Hannover/Hannover4/2015-04-20_14-09-52/Trafficlight_1,20,1,0.05,0,0.0,1,0.0,yolo11n,fog_l1
Hannover/Hannover4/2015-04-20_14-09-52/Trafficlight_2,20,1,0.05,0,0.0,1,0.0,yolo11n,fog_l1
Hannover/Hannover4/2015-04-20_14-11-20/Trafficlight_1,12,1,0.08333333333333333,0,0.0,1,0.0,yolo11n,fog_l1
Hannover/Hannover4/2015-04-20_14-11-20/Trafficlight_3,3,1,0.3333333333333333,0,0.0,1,0.0,yolo11n,fog_l1
Hannover/Hannover4/2015-04-20_14-12-16/Trafficlight_4,7,7,1.0,0,0.0,7,2.398069143295288,yolo11n,fog_l1
Hannover/Hannover4/2015-04-20_14-12-16/Trafficlight_5,7,7,1.0,0,0.0,7,2.398069143295288,yolo11n,fog_l1
Hannover/Hannover4/2015-04-20_14-12-16/Trafficlight_6,20,20,1.0,0,0.0,20,7.598844051361084,yolo11n,fog_l1
Hannover/Hannover4/2015-04-20_14-16-02/Trafficlight_2,14,4,0.2857142857142857,0,0.0,1,0.0,yolo11n,fog_l1
Hannover/Hannover4/2015-04-20_14-16-02/Trafficlight_3,19,6,0.3157894736842105,0,0.0,3,1.199901819229126,yolo11n,fog_l1
Hannover/Hannover4/2015-04-20_14-16-02/Trafficlight_1,8,8,1.0,0,0.0,8,4.332615852355957,yolo11n,fog_l1
Hannover/Hannover4/2015-04-20_14-17-12/Trafficlight_2,20,3,0.15,0,0.0,2,0.33080101013183594,yolo11n,fog_l1
Hannover/Hannover4/2015-04-20_14-17-12/TrafficLight_6,20,19,0.95,0,0.0,10,2.9307451248168945,yolo11n,fog_l1
Hannover/Hannover4/2015-04-20_14-31-46/Trafficlight_3,4,0,0.0,0,0.0,0,0.0,yolo11n,fog_l1
Hannover/Hannover4/2015-04-20_14-31-46/Trafficlight_4,8,0,0.0,0,0.0,0,0.0,yolo11n,fog_l1
Hannover/Hannover4/2015-04-20_14-31-46/Trafficlight_2,9,0,0.0,0,0.0,0,0.0,yolo11n,fog_l1
Hannover/Hannover4/2015-04-20_14-32-25/Trafficlight_3,14,0,0.0,0,0.0,0,0.0,yolo11n,fog_l1
Hannover/Hannover4/2015-04-20_14-32-25/Trafficlight_4,20,6,0.3,0,0.0,6,2.7325289249420166,yolo11n,fog_l1
Hannover/Hannover4/2015-04-20_14-33-38/Trafficlight_2,6,2,0.3333333333333333,0,0.0,2,0.13374805450439453,yolo11n,fog_l1
Hannover/Hannover4/2015-04-20_14-33-38/Trafficlight_3,20,4,0.2,0,0.0,1,0.0,yolo11n,fog_l1
Koeln/Koeln2/2015-04-23_12-31-31/Trafficlight_1,2,2,1.0,0,0.0,2,0.47226786613464355,yolo11n,fog_l1
Koeln/Koeln2/2015-04-23_12-31-31/Trafficlight_2,2,1,0.5,0,0.0,1,0.0,yolo11n,fog_l1
Koeln/Koeln2/2015-04-23_12-31-31/Trafficlight_3,2,2,1.0,0,0.0,2,0.47226786613464355,yolo11n,fog_l1
Koeln/Koeln2/2015-04-23_12-33-22/Trafficlight_19,1,1,1.0,0,0.0,1,0.0,yolo11n,fog_l1
Koeln/Koeln2/2015-04-23_12-54-40/Trafficlight_3,9,4,0.4444444444444444,0,0.0,2,0.8227109909057617,yolo11n,fog_l1
Koeln/Koeln2/2015-04-23_12-54-40/Trafficlight_4,9,4,0.4444444444444444,2,0.2222222222222222,3,1.7067279815673828,yolo11n,fog_l1
Koeln/Koeln2/2015-04-23_12-55-44/Trafficlight_3,8,6,0.75,0,0.0,6,3.821012020111084,yolo11n,fog_l1
Koeln/Koeln2/2015-04-23_12-55-44/Trafficlight_1,8,3,0.375,0,0.0,3,1.5286929607391357,yolo11n,fog_l1
Koeln/Koeln2/2015-04-23_12-55-44/Trafficlight_2,7,5,0.7142857142857143,0,0.0,4,2.2923190593719482,yolo11n,fog_l1
Koeln/Koeln2/2015-04-23_12-56-08/Trafficlight_2,11,0,0.0,0,0.0,0,0.0,yolo11n,fog_l1
Koeln/Koeln2/2015-04-23_12-56-08/Trafficlight_1,20,8,0.4,0,0.0,8,6.172895908355713,yolo11n,fog_l1
Koeln/Koeln2/2015-04-23_12-56-08/Trafficlight_3,15,2,0.13333333333333333,0,0.0,1,0.0,yolo11n,fog_l1
Koeln/Koeln2/2015-04-23_12-58-12/Trafficlight_1,20,14,0.7,0,0.0,11,9.706192016601562,yolo11n,fog_l1
Koeln/Koeln2/2015-04-23_12-58-12/Trafficlight_2,20,2,0.1,0,0.0,2,0.9384341239929199,yolo11n,fog_l1
Koeln/Koeln2/2015-04-23_13-03-59/Trafficlight_2,5,5,1.0,1,0.2,5,2.116795063018799,yolo11n,fog_l1
Koeln/Koeln2/2015-04-23_13-03-59/Trafficlight_3,7,1,0.14285714285714285,0,0.0,1,0.0,yolo11n,fog_l1
Koeln/Koeln2/2015-04-23_13-05-35/Trafficlight_4,3,0,0.0,0,0.0,0,0.0,yolo11n,fog_l1
Koeln/Koeln2/2015-04-23_13-05-35/Trafficlight_5,4,3,0.75,0,0.0,3,1.6492500305175781,yolo11n,fog_l1
Koeln/Koeln2/2015-04-23_13-10-19/Trafficlight_1,3,0,0.0,0,0.0,0,0.0,yolo11n,fog_l1
Koeln/Koeln2/2015-04-23_13-10-19/Trafficlight_3,5,1,0.2,0,0.0,1,0.0,yolo11n,fog_l1
Koeln/Koeln2/2015-04-23_13-10-19/Trafficlight_7,6,6,1.0,0,0.0,4,2.4686670303344727,yolo11n,fog_l1
Koeln/Koeln2/2015-04-23_13-10-19/Trafficlight_8,6,6,1.0,0,0.0,4,2.4686670303344727,yolo11n,fog_l1
Koeln/Koeln2/2015-04-23_13-11-46/Trafficlight_1,5,3,0.6,0,0.0,3,2.238278865814209,yolo11n,fog_l1
Koeln/Koeln2/2015-04-23_13-11-46/Trafficlight_3,7,4,0.5714285714285714,0,0.0,3,2.4709131717681885,yolo11n,fog_l1
Koeln/Koeln2/2015-04-23_13-15-36/Trafficlight_4,13,13,1.0,0,0.0,13,6.585233926773071,yolo11n,fog_l1
Koeln/Koeln2/2015-04-23_13-15-36/Trafficlight_5,2,2,1.0,0,0.0,2,0.7070450782775879,yolo11n,fog_l1
Koeln/Koeln2/2015-04-23_13-15-59/Trafficlight_4,15,0,0.0,0,0.0,0,0.0,yolo11n,fog_l1
Koeln/Koeln2/2015-04-23_13-15-59/Trafficlight_3,7,0,0.0,0,0.0,0,0.0,yolo11n,fog_l1
Koeln/Koeln2/2015-04-23_13-16-45/Trafficlight_5,2,0,0.0,0,0.0,0,0.0,yolo11n,fog_l1
Koeln/Koeln2/2015-04-23_13-18-13/Trafficlight_4,7,6,0.8571428571428571,0,0.0,5,1.4128310680389404,yolo11n,fog_l1
Koeln/Koeln2/2015-04-23_13-18-13/Trafficlight_5,12,4,0.3333333333333333,0,0.0,2,0.3549339771270752,yolo11n,fog_l1
Koeln/Koeln2/2015-04-23_13-18-13/Trafficlight_6,13,2,0.15384615384615385,0,0.0,1,0.0,yolo11n,fog_l1
Koeln/Koeln2/2015-04-23_13-18-13/Trafficlight_7,19,2,0.10526315789473684,0,0.0,2,0.3535020351409912,yolo11n,fog_l1
Koeln/Koeln2/2015-04-23_13-19-07/Trafficlight_1,12,2,0.16666666666666666,0,0.0,2,1.7641019821166992,yolo11n,fog_l1
Koeln/Koeln2/2015-04-23_13-19-07/Trafficlight_2,4,0,0.0,0,0.0,0,0.0,yolo11n,fog_l1
Koeln/Koeln2/2015-04-23_13-19-07/Trafficlight_3,5,2,0.4,0,0.0,2,1.7641019821166992,yolo11n,fog_l1
Koeln/Koeln2/2015-04-23_13-19-07/Trafficlight_6,12,4,0.3333333333333333,0,0.0,1,0.0,yolo11n,fog_l1
Koeln/Koeln2/2015-04-23_13-19-07/Trafficlight_7,5,2,0.4,0,0.0,1,0.0,yolo11n,fog_l1
Koeln/Koeln2/2015-04-23_13-19-07/Trafficlight_8,6,3,0.5,0,0.0,1,0.0,yolo11n,fog_l1
Koeln/Koeln2/2015-04-23_13-22-16/Trafficlight_5,16,4,0.25,0,0.0,2,0.8218300342559814,yolo11n,fog_l1
Koeln/Koeln2/2015-04-23_13-22-16/Trafficlight_6,14,6,0.42857142857142855,0,0.0,4,2.525650978088379,yolo11n,fog_l1
Koeln/Koeln2/2015-04-23_13-26-00/Trafficlight_1,5,5,1.0,0,0.0,5,0.23670387268066406,yolo11n,fog_l1
Koeln/Koeln2/2015-04-23_13-26-00/Trafficlight_2,11,11,1.0,0,0.0,11,0.6478209495544434,yolo11n,fog_l1
Koeln/Koeln2/2015-04-23_13-27-52/Trafficlight_2,9,3,0.3333333333333333,0,0.0,2,0.647475004196167,yolo11n,fog_l1
Koeln/Koeln2/2015-04-23_13-27-52/Trafficlight_3,9,5,0.5555555555555556,0,0.0,5,2.591688871383667,yolo11n,fog_l1
Koeln/Koeln2/2015-04-23_13-28-56/Trafficlight_1,1,0,0.0,0,0.0,0,0.0,yolo11n,fog_l1
Koeln/Koeln2/2015-04-23_13-28-56/Trafficlight_3,1,0,0.0,0,0.0,0,0.0,yolo11n,fog_l1
Koeln/Koeln2/2015-04-23_13-29-48/Trafficlight_1,17,2,0.11764705882352941,0,0.0,1,0.0,yolo11n,fog_l1
Koeln/Koeln2/2015-04-23_13-29-48/Trafficlight_2,13,3,0.23076923076923078,0,0.0,1,0.0,yolo11n,fog_l1
Koeln/Koeln2/2015-04-23_13-29-48/Trafficlight_3,17,8,0.47058823529411764,0,0.0,5,1.5263800621032715,yolo11n,fog_l1
Koeln/Koeln2/2015-04-23_13-30-07/Trafficlight_2,11,0,0.0,0,0.0,0,0.0,yolo11n,fog_l1
Koeln/Koeln2/2015-04-23_13-30-07/Trafficlight_3,14,0,0.0,0,0.0,0,0.0,yolo11n,fog_l1
Koeln/Koeln2/2015-04-23_13-30-57/Trafficlight_3,10,0,0.0,0,0.0,0,0.0,yolo11n,fog_l1
Koeln/Koeln2/2015-04-23_13-30-57/Trafficlight_4,12,4,0.3333333333333333,0,0.0,3,1.5298340320587158,yolo11n,fog_l1
Essen/Essen2/2015-04-22_11-54-56/Trafficlight_1,16,2,0.125,0,0.0,2,0.39905810356140137,yolo12n,fog_l1
Essen/Essen2/2015-04-22_11-54-56/Trafficlight_2,12,2,0.16666666666666666,0,0.0,2,0.39777588844299316,yolo12n,fog_l1
Essen/Essen2/2015-04-22_11-55-29/Trafficlight_1,22,3,0.13636363636363635,0,0.0,3,0.7988808155059814,yolo12n,fog_l1
Essen/Essen2/2015-04-22_11-55-29/Trafficlight_2,15,0,0.0,0,0.0,0,0.0,yolo12n,fog_l1
Essen/Essen2/2015-04-22_11-55-29/Trafficlight_3,21,0,0.0,0,0.0,0,0.0,yolo12n,fog_l1
Essen/Essen2/2015-04-22_11-58-40/Trafficlight_1,1,0,0.0,0,0.0,0,0.0,yolo12n,fog_l1
Essen/Essen2/2015-04-22_11-58-40/Trafficlight_2,1,0,0.0,0,0.0,0,0.0,yolo12n,fog_l1
Essen/Essen2/2015-04-22_11-59-47/Trafficlight_1,14,8,0.5714285714285714,0,0.0,6,5.801532983779907,yolo12n,fog_l1
Essen/Essen2/2015-04-22_11-59-47/Trafficlight_2,18,0,0.0,0,0.0,0,0.0,yolo12n,fog_l1
Essen/Essen2/2015-04-22_11-59-47/Trafficlight_3,21,13,0.6190476190476191,0,0.0,7,3.1288869380950928,yolo12n,fog_l1
Essen/Essen2/2015-04-22_12-00-12/Trafficlight_1,12,4,0.3333333333333333,0,0.0,1,0.0,yolo12n,fog_l1
Essen/Essen2/2015-04-22_12-00-12/Trafficlight_2,12,5,0.4166666666666667,0,0.0,4,0.8018250465393066,yolo12n,fog_l1
Essen/Essen2/2015-04-22_12-00-12/Trafficlight_3,18,4,0.2222222222222222,0,0.0,3,0.5344600677490234,yolo12n,fog_l1
Essen/Essen2/2015-04-22_12-00-50/Trafficlight_1,8,1,0.125,0,0.0,1,0.0,yolo12n,fog_l1
Essen/Essen2/2015-04-22_12-00-50/Trafficlight_2,4,0,0.0,0,0.0,0,0.0,yolo12n,fog_l1
Essen/Essen2/2015-04-22_12-00-50/Trafficlight_3,7,2,0.2857142857142857,0,0.0,2,1.73030686378479,yolo12n,fog_l1
Essen/Essen2/2015-04-22_12-03-07/Trafficlight_7,1,1,1.0,0,0.0,1,0.0,yolo12n,fog_l1
Essen/Essen2/2015-04-22_12-03-07/Trafficlight_8,1,1,1.0,0,0.0,1,0.0,yolo12n,fog_l1
Essen/Essen2/2015-04-22_12-03-17/Trafficlight_1,11,11,1.0,0,0.0,11,3.3990509510040283,yolo12n,fog_l1
Essen/Essen2/2015-04-22_12-03-17/Trafficlight_2,11,5,0.45454545454545453,0,0.0,2,0.3988680839538574,yolo12n,fog_l1
Essen/Essen2/2015-04-22_12-03-17/Trafficlight_3,10,3,0.3,0,0.0,1,0.0,yolo12n,fog_l1
Essen/Essen2/2015-04-22_12-03-17/Trafficlight_4,2,2,1.0,0,0.0,2,0.33318114280700684,yolo12n,fog_l1
Essen/Essen2/2015-04-22_12-04-52/Trafficlight_1,18,15,0.8333333333333334,0,0.0,7,2.000885009765625,yolo12n,fog_l1
Essen/Essen2/2015-04-22_12-04-52/Trafficlight_5,6,6,1.0,0,0.0,6,1.664518117904663,yolo12n,fog_l1
Essen/Essen2/2015-04-22_12-07-48/Trafficlight_1,7,7,1.0,0,0.0,7,1.999337911605835,yolo12n,fog_l1
Essen/Essen2/2015-04-22_12-07-48/Trafficlight_2,7,0,0.0,0,0.0,0,0.0,yolo12n,fog_l1
Essen/Essen2/2015-04-22_12-07-48/Trafficlight_3,7,7,1.0,0,0.0,7,1.999337911605835,yolo12n,fog_l1
Essen/Essen2/2015-04-22_12-10-46/Trafficlight_2,10,0,0.0,0,0.0,0,0.0,yolo12n,fog_l1
Essen/Essen2/2015-04-22_12-10-46/Trafficlight_3,16,4,0.25,0,0.0,4,3.0016729831695557,yolo12n,fog_l1
Essen/Essen2/2015-04-22_12-10-46/Trafficlight_1,13,5,0.38461538461538464,0,0.0,4,3.0016729831695557,yolo12n,fog_l1
Essen/Essen2/2015-04-22_12-12-38/Trafficlight_1,14,6,0.42857142857142855,0,0.0,6,2.798748016357422,yolo12n,fog_l1
Essen/Essen2/2015-04-22_12-12-38/Trafficlight_2,16,0,0.0,0,0.0,0,0.0,yolo12n,fog_l1
Essen/Essen2/2015-04-22_12-14-33/Trafficlight_1,5,5,1.0,0,0.0,5,1.8019039630889893,yolo12n,fog_l1
Essen/Essen2/2015-04-22_12-14-33/Trafficlight_2,4,0,0.0,0,0.0,0,0.0,yolo12n,fog_l1
Essen/Essen2/2015-04-22_12-14-33/Trafficlight_3,5,5,1.0,0,0.0,5,1.8019039630889893,yolo12n,fog_l1
Essen/Essen2/2015-04-22_12-16-21/Trafficlight_1,16,1,0.0625,0,0.0,1,0.0,yolo12n,fog_l1
Essen/Essen2/2015-04-22_12-16-21/Trafficlight_2,12,4,0.3333333333333333,0,0.0,4,1.1986589431762695,yolo12n,fog_l1
Essen/Essen2/2015-04-22_12-17-10/Trafficlight_2,9,8,0.8888888888888888,0,0.0,8,4.800240993499756,yolo12n,fog_l1
Essen/Essen2/2015-04-22_12-17-10/Trafficlight_1,17,8,0.47058823529411764,0,0.0,8,4.800240993499756,yolo12n,fog_l1
Essen/Essen2/2015-04-22_12-17-10/Trafficlight_3,13,10,0.7692307692307693,0,0.0,4,2.0674500465393066,yolo12n,fog_l1
Essen/Essen3/2015-04-22_12-21-40/Trafficlight_2,20,4,0.2,0,0.0,2,0.19989895820617676,yolo12n,fog_l1
Essen/Essen3/2015-04-22_12-21-40/Trafficlight_3,1,0,0.0,0,0.0,0,0.0,yolo12n,fog_l1
Essen/Essen3/2015-04-22_12-22-11/Trafficlight_2,4,4,1.0,0,0.0,4,2.125485897064209,yolo12n,fog_l1
Essen/Essen3/2015-04-22_12-22-11/Trafficlight_3,6,0,0.0,0,0.0,0,0.0,yolo12n,fog_l1
Essen/Essen3/2015-04-22_12-22-11/Trafficlight_4,11,0,0.0,0,0.0,0,0.0,yolo12n,fog_l1
Essen/Essen3/2015-04-22_12-24-28/Trafficlight_1,5,5,1.0,0,0.0,5,3.932101011276245,yolo12n,fog_l1
Essen/Essen3/2015-04-22_12-24-28/Trafficlight_2,5,2,0.4,0,0.0,1,0.0,yolo12n,fog_l1
Essen/Essen3/2015-04-22_12-24-28/Trafficlight_3,2,0,0.0,0,0.0,0,0.0,yolo12n,fog_l1
Essen/Essen3/2015-04-22_12-28-48/Trafficlight_1,20,12,0.6,0,0.0,12,5.866968870162964,yolo12n,fog_l1
Essen/Essen3/2015-04-22_12-28-48/Trafficlight_5,10,9,0.9,0,0.0,9,4.263523101806641,yolo12n,fog_l1
Essen/Essen3/2015-04-22_12-31-21/Trafficlight_4,1,1,1.0,0,0.0,1,0.0,yolo12n,fog_l1
Essen/Essen3/2015-04-22_12-31-56/Trafficlight_1,8,4,0.5,0,0.0,4,0.40120792388916016,yolo12n,fog_l1
Essen/Essen3/2015-04-22_12-31-56/Trafficlight_2,19,1,0.05263157894736842,0,0.0,1,0.0,yolo12n,fog_l1
Essen/Essen3/2015-04-22_12-31-56/Trafficlight_3,9,7,0.7777777777777778,0,0.0,6,6.46475887298584,yolo12n,fog_l1
Essen/Essen3/2015-04-22_12-31-56/Trafficlight_4,9,1,0.1111111111111111,0,0.0,1,0.0,yolo12n,fog_l1
Essen/Essen3/2015-04-22_12-31-56/Trafficlight_16,8,0,0.0,0,0.0,0,0.0,yolo12n,fog_l1
Essen/Essen3/2015-04-22_12-31-56/Trafficlight_17,6,0,0.0,0,0.0,0,0.0,yolo12n,fog_l1
Essen/Essen3/2015-04-22_12-31-56/Trafficlight_18,10,0,0.0,0,0.0,0,0.0,yolo12n,fog_l1
Fulda/Fulda2/2015-05-15_18-00-09/Trafficlight_1,10,0,0.0,0,0.0,0,0.0,yolo12n,fog_l1
Fulda/Fulda2/2015-05-15_18-00-09/Trafficlight_7,3,0,0.0,0,0.0,0,0.0,yolo12n,fog_l1
Fulda/Fulda2/2015-05-15_18-00-57/Trafficlight_1,14,0,0.0,0,0.0,0,0.0,yolo12n,fog_l1
Fulda/Fulda2/2015-05-15_18-00-57/Trafficlight_2,10,2,0.2,0,0.0,1,0.0,yolo12n,fog_l1
Fulda/Fulda2/2015-05-15_18-00-57/Trafficlight_3,10,1,0.1,0,0.0,1,0.0,yolo12n,fog_l1
Fulda/Fulda2/2015-05-15_18-01-58/Trafficlight_14,3,3,1.0,0,0.0,3,1.1750850677490234,yolo12n,fog_l1
Fulda/Fulda2/2015-05-15_18-03-39/Trafficlight_5,11,3,0.2727272727272727,0,0.0,2,0.5882539749145508,yolo12n,fog_l1
Fulda/Fulda2/2015-05-15_18-03-39/Trafficlight_6,7,0,0.0,0,0.0,0,0.0,yolo12n,fog_l1
Fulda/Fulda2/2015-05-15_18-03-39/Trafficlight_7,11,2,0.18181818181818182,0,0.0,2,0.5882539749145508,yolo12n,fog_l1
Fulda/Fulda2/2015-05-15_18-04-24/Trafficlight_2,15,1,0.06666666666666667,0,0.0,1,0.0,yolo12n,fog_l1
Fulda/Fulda2/2015-05-15_18-05-38/Trafficlight_1,16,0,0.0,0,0.0,0,0.0,yolo12n,fog_l1
Fulda/Fulda2/2015-05-15_18-05-38/Trafficlight_7,14,3,0.21428571428571427,0,0.0,3,1.176785945892334,yolo12n,fog_l1
Fulda/Fulda2/2015-05-15_18-05-38/Trafficlight_12,7,7,1.0,0,0.0,4,1.763545036315918,yolo12n,fog_l1
Fulda/Fulda2/2015-05-15_18-07-04/Trafficlight_2,7,1,0.14285714285714285,0,0.0,1,0.0,yolo12n,fog_l1
Fulda/Fulda2/2015-05-15_18-07-04/Trafficlight_3,10,9,0.9,0,0.0,5,2.353766918182373,yolo12n,fog_l1
Fulda/Fulda2/2015-05-15_18-07-04/Trafficlight_14,2,2,1.0,0,0.0,2,0.5877358913421631,yolo12n,fog_l1
Fulda/Fulda2/2015-05-15_18-07-37/Trafficlight_2,2,2,1.0,0,0.0,2,0.5985150337219238,yolo12n,fog_l1
Fulda/Fulda2/2015-05-15_18-07-37/Trafficlight_3,3,3,1.0,0,0.0,3,1.1775381565093994,yolo12n,fog_l1
Fulda/Fulda2/2015-05-15_18-08-11/Trafficlight_1,8,0,0.0,0,0.0,0,0.0,yolo12n,fog_l1
Fulda/Fulda2/2015-05-15_18-08-11/Trafficlight_2,8,0,0.0,0,0.0,0,0.0,yolo12n,fog_l1
Fulda/Fulda2/2015-05-15_18-09-21/Trafficlight_1,14,7,0.5,0,0.0,3,1.176116943359375,yolo12n,fog_l1
Fulda/Fulda2/2015-05-15_18-09-21/Trafficlight_2,5,1,0.2,0,0.0,1,0.0,yolo12n,fog_l1
Fulda/Fulda2/2015-05-15_18-11-25/Trafficlight_1,14,0,0.0,0,0.0,0,0.0,yolo12n,fog_l1
Fulda/Fulda2/2015-05-15_18-11-25/Trafficlight_2,9,0,0.0,0,0.0,0,0.0,yolo12n,fog_l1
Fulda/Fulda2/2015-05-15_18-11-25/Trafficlight_3,12,0,0.0,0,0.0,0,0.0,yolo12n,fog_l1
Fulda/Fulda2/2015-05-15_18-12-26/Trafficlight_12,1,1,1.0,0,0.0,1,0.0,yolo12n,fog_l1
Fulda/Fulda2/2015-05-15_18-12-26/Trafficlight_13,1,0,0.0,0,0.0,0,0.0,yolo12n,fog_l1
Fulda/Fulda2/2015-05-15_18-13-56/Trafficlight_2,3,3,1.0,0,0.0,3,1.1754150390625,yolo12n,fog_l1
Fulda/Fulda2/2015-05-15_18-13-56/Trafficlight_3,3,0,0.0,0,0.0,0,0.0,yolo12n,fog_l1
Fulda/Fulda2/2015-05-15_18-13-56/Trafficlight_4,4,4,1.0,0,0.0,4,1.76487398147583,yolo12n,fog_l1
Hannover/Hannover4/2015-04-20_13-51-29/Trafficlight_7,20,20,1.0,0,0.0,20,5.936743974685669,yolo12n,fog_l1
Hannover/Hannover4/2015-04-20_13-51-36/Trafficlight_4,20,20,1.0,0,0.0,20,1.467405080795288,yolo12n,fog_l1
Hannover/Hannover4/2015-04-20_13-51-36/Trafficlight_6,10,10,1.0,0,0.0,10,0.6674211025238037,yolo12n,fog_l1
Hannover/Hannover4/2015-04-20_13-51-40/Trafficlight_2,20,2,0.1,0,0.0,1,0.0,yolo12n,fog_l1
Hannover/Hannover4/2015-04-20_13-51-40/Trafficlight_1,18,15,0.8333333333333334,0,0.0,14,9.331477165222168,yolo12n,fog_l1
Hannover/Hannover4/2015-04-20_13-51-40/Trafficlight_3,19,17,0.8947368421052632,0,0.0,13,7.464932203292847,yolo12n,fog_l1
Hannover/Hannover4/2015-04-20_13-54-28/Trafficlight_2,4,0,0.0,0,0.0,0,0.0,yolo12n,fog_l1
Hannover/Hannover4/2015-04-20_13-54-28/Trafficlight_3,13,3,0.23076923076923078,0,0.0,2,1.8680229187011719,yolo12n,fog_l1
Hannover/Hannover4/2015-04-20_13-54-28/Trafficlight_7,5,5,1.0,0,0.0,5,3.7315638065338135,yolo12n,fog_l1
Hannover/Hannover4/2015-04-20_13-56-44/Trafficlight_3,12,0,0.0,0,0.0,0,0.0,yolo12n,fog_l1
Hannover/Hannover4/2015-04-20_13-56-44/Trafficlight_4,19,8,0.42105263157894735,0,0.0,8,5.000962972640991,yolo12n,fog_l1
Hannover/Hannover4/2015-04-20_13-57-56/Trafficlight_4,19,19,1.0,0,0.0,19,1.1975510120391846,yolo12n,fog_l1
Hannover/Hannover4/2015-04-20_13-58-03/Trafficlight_3,16,1,0.0625,0,0.0,1,0.0,yolo12n,fog_l1
Hannover/Hannover4/2015-04-20_13-58-03/Trafficlight_4,23,11,0.4782608695652174,0,0.0,9,5.466191053390503,yolo12n,fog_l1
Hannover/Hannover4/2015-04-20_13-59-27/Trafficlight_1,20,10,0.5,0,0.0,4,0.26360392570495605,yolo12n,fog_l1
Hannover/Hannover4/2015-04-20_14-00-12/Trafficlight_1,26,26,1.0,0,0.0,14,6.397797107696533,yolo12n,fog_l1
Hannover/Hannover4/2015-04-20_14-00-12/Trafficlight_2,29,4,0.13793103448275862,0,0.0,3,1.2001731395721436,yolo12n,fog_l1
Hannover/Hannover4/2015-04-20_14-00-12/Trafficlight_3,9,4,0.4444444444444444,0,0.0,2,0.6005902290344238,yolo12n,fog_l1
Hannover/Hannover4/2015-04-20_14-01-01/Trafficlight_2,20,0,0.0,0,0.0,0,0.0,yolo12n,fog_l1
Hannover/Hannover4/2015-04-20_14-01-01/Trafficlight_1,20,11,0.55,0,0.0,10,8.668031930923462,yolo12n,fog_l1
Hannover/Hannover4/2015-04-20_14-02-07/Trafficlight_4,20,20,1.0,0,0.0,20,5.469353914260864,yolo12n,fog_l1
Hannover/Hannover4/2015-04-20_14-02-24/Trafficlight_2,8,5,0.625,0,0.0,5,1.2697339057922363,yolo12n,fog_l1
Hannover/Hannover4/2015-04-20_14-02-24/Trafficlight_3,10,10,1.0,0,0.0,9,2.5317258834838867,yolo12n,fog_l1
Hannover/Hannover4/2015-04-20_14-02-24/Trafficlight_1,9,9,1.0,0,0.0,9,2.5317258834838867,yolo12n,fog_l1
Hannover/Hannover4/2015-04-20_14-02-24/Trafficlight_5,1,1,1.0,0,0.0,1,0.0,yolo12n,fog_l1
Hannover/Hannover4/2015-04-20_14-04-24/Trafficlight_3,6,5,0.8333333333333334,0,0.0,4,1.6685810089111328,yolo12n,fog_l1
Hannover/Hannover4/2015-04-20_14-04-24/Trafficlight_4,4,4,1.0,0,0.0,4,1.6685810089111328,yolo12n,fog_l1
Hannover/Hannover4/2015-04-20_14-04-24/Trafficlight_5,14,11,0.7857142857142857,0,0.0,9,4.533716917037964,yolo12n,fog_l1
Hannover/Hannover4/2015-04-20_14-05-57/Trafficlight_2,12,1,0.08333333333333333,0,0.0,1,0.0,yolo12n,fog_l1
Hannover/Hannover4/2015-04-20_14-05-57/Trafficlight_1,7,7,1.0,0,0.0,7,5.333891868591309,yolo12n,fog_l1
Hannover/Hannover4/2015-04-20_14-05-57/Trafficlight_3,17,4,0.23529411764705882,0,0.0,2,0.8697729110717773,yolo12n,fog_l1
Hannover/Hannover4/2015-04-20_14-06-51/Trafficlight_2,15,0,0.0,0,0.0,0,0.0,yolo12n,fog_l1
Hannover/Hannover4/2015-04-20_14-06-51/Trafficlight_1,18,6,0.3333333333333333,0,0.0,3,1.1345980167388916,yolo12n,fog_l1
Hannover/Hannover4/2015-04-20_14-06-51/Trafficlight_3,18,13,0.7222222222222222,0,0.0,9,4.401443958282471,yolo12n,fog_l1
Hannover/Hannover4/2015-04-20_14-08-36/Trafficlight_4,10,2,0.2,0,0.0,2,0.3324880599975586,yolo12n,fog_l1
Hannover/Hannover4/2015-04-20_14-08-36/Trafficlight_5,20,0,0.0,0,0.0,0,0.0,yolo12n,fog_l1
Hannover/Hannover4/2015-04-20_14-08-36/Trafficlight_3,9,1,0.1111111111111111,0,0.0,1,0.0,yolo12n,fog_l1
Hannover/Hannover4/2015-04-20_14-09-52/Trafficlight_1,20,4,0.2,0,0.0,3,0.9323809146881104,yolo12n,fog_l1
Hannover/Hannover4/2015-04-20_14-09-52/Trafficlight_2,20,2,0.1,0,0.0,1,0.0,yolo12n,fog_l1
Hannover/Hannover4/2015-04-20_14-11-20/Trafficlight_1,12,5,0.4166666666666667,0,0.0,3,0.9365520477294922,yolo12n,fog_l1
Hannover/Hannover4/2015-04-20_14-11-20/Trafficlight_3,3,1,0.3333333333333333,0,0.0,1,0.0,yolo12n,fog_l1
Hannover/Hannover4/2015-04-20_14-12-16/Trafficlight_4,7,7,1.0,0,0.0,7,2.398069143295288,yolo12n,fog_l1
Hannover/Hannover4/2015-04-20_14-12-16/Trafficlight_5,7,7,1.0,0,0.0,7,2.398069143295288,yolo12n,fog_l1
Hannover/Hannover4/2015-04-20_14-12-16/Trafficlight_6,20,20,1.0,0,0.0,20,7.598844051361084,yolo12n,fog_l1
Hannover/Hannover4/2015-04-20_14-16-02/Trafficlight_2,14,4,0.2857142857142857,0,0.0,2,0.6692650318145752,yolo12n,fog_l1
Hannover/Hannover4/2015-04-20_14-16-02/Trafficlight_3,19,13,0.6842105263157895,0,0.0,5,2.5304551124572754,yolo12n,fog_l1
Hannover/Hannover4/2015-04-20_14-16-02/Trafficlight_1,8,8,1.0,0,0.0,8,4.332615852355957,yolo12n,fog_l1
Hannover/Hannover4/2015-04-20_14-17-12/Trafficlight_2,20,2,0.1,0,0.0,2,0.33080101013183594,yolo12n,fog_l1
Hannover/Hannover4/2015-04-20_14-17-12/TrafficLight_6,20,20,1.0,0,0.0,20,6.199991941452026,yolo12n,fog_l1
Hannover/Hannover4/2015-04-20_14-31-46/Trafficlight_3,4,0,0.0,0,0.0,0,0.0,yolo12n,fog_l1
Hannover/Hannover4/2015-04-20_14-31-46/Trafficlight_4,8,0,0.0,0,0.0,0,0.0,yolo12n,fog_l1
Hannover/Hannover4/2015-04-20_14-31-46/Trafficlight_2,9,3,0.3333333333333333,0,0.0,1,0.0,yolo12n,fog_l1
Hannover/Hannover4/2015-04-20_14-32-25/Trafficlight_3,14,0,0.0,0,0.0,0,0.0,yolo12n,fog_l1
Hannover/Hannover4/2015-04-20_14-32-25/Trafficlight_4,20,7,0.35,0,0.0,7,3.332705020904541,yolo12n,fog_l1
Hannover/Hannover4/2015-04-20_14-33-38/Trafficlight_2,6,3,0.5,0,0.0,3,0.33611202239990234,yolo12n,fog_l1
Hannover/Hannover4/2015-04-20_14-33-38/Trafficlight_3,20,0,0.0,0,0.0,0,0.0,yolo12n,fog_l1
Koeln/Koeln2/2015-04-23_12-31-31/Trafficlight_1,2,0,0.0,0,0.0,0,0.0,yolo12n,fog_l1
Koeln/Koeln2/2015-04-23_12-31-31/Trafficlight_2,2,1,0.5,0,0.0,1,0.0,yolo12n,fog_l1
Koeln/Koeln2/2015-04-23_12-31-31/Trafficlight_3,2,2,1.0,0,0.0,2,0.47226786613464355,yolo12n,fog_l1
Koeln/Koeln2/2015-04-23_12-33-22/Trafficlight_19,1,1,1.0,0,0.0,1,0.0,yolo12n,fog_l1
Koeln/Koeln2/2015-04-23_12-54-40/Trafficlight_3,9,4,0.4444444444444444,0,0.0,2,0.8808400630950928,yolo12n,fog_l1
Koeln/Koeln2/2015-04-23_12-54-40/Trafficlight_4,9,5,0.5555555555555556,1,0.1111111111111111,3,1.7035510540008545,yolo12n,fog_l1
Koeln/Koeln2/2015-04-23_12-55-44/Trafficlight_3,8,5,0.625,0,0.0,5,3.0573830604553223,yolo12n,fog_l1
Koeln/Koeln2/2015-04-23_12-55-44/Trafficlight_1,8,4,0.5,0,0.0,4,2.2907629013061523,yolo12n,fog_l1
Koeln/Koeln2/2015-04-23_12-55-44/Trafficlight_2,7,6,0.8571428571428571,0,0.0,6,3.821012020111084,yolo12n,fog_l1
Koeln/Koeln2/2015-04-23_12-56-08/Trafficlight_2,11,0,0.0,0,0.0,0,0.0,yolo12n,fog_l1
Koeln/Koeln2/2015-04-23_12-56-08/Trafficlight_1,20,8,0.4,0,0.0,8,6.172895908355713,yolo12n,fog_l1
Koeln/Koeln2/2015-04-23_12-56-08/Trafficlight_3,15,3,0.2,0,0.0,2,0.8821530342102051,yolo12n,fog_l1
Koeln/Koeln2/2015-04-23_12-58-12/Trafficlight_1,20,11,0.55,0,0.0,9,7.762434005737305,yolo12n,fog_l1
Koeln/Koeln2/2015-04-23_12-58-12/Trafficlight_2,20,2,0.1,0,0.0,2,0.9384341239929199,yolo12n,fog_l1
Koeln/Koeln2/2015-04-23_13-03-59/Trafficlight_2,5,5,1.0,0,0.0,5,2.116795063018799,yolo12n,fog_l1
Koeln/Koeln2/2015-04-23_13-03-59/Trafficlight_3,7,3,0.42857142857142855,0,0.0,3,1.0573341846466064,yolo12n,fog_l1
Koeln/Koeln2/2015-04-23_13-05-35/Trafficlight_4,3,0,0.0,0,0.0,0,0.0,yolo12n,fog_l1
Koeln/Koeln2/2015-04-23_13-05-35/Trafficlight_5,4,1,0.25,0,0.0,1,0.0,yolo12n,fog_l1
Koeln/Koeln2/2015-04-23_13-10-19/Trafficlight_1,3,0,0.0,0,0.0,0,0.0,yolo12n,fog_l1
Koeln/Koeln2/2015-04-23_13-10-19/Trafficlight_3,5,1,0.2,0,0.0,1,0.0,yolo12n,fog_l1
Koeln/Koeln2/2015-04-23_13-10-19/Trafficlight_7,6,6,1.0,0,0.0,4,2.4686670303344727,yolo12n,fog_l1
Koeln/Koeln2/2015-04-23_13-10-19/Trafficlight_8,6,6,1.0,0,0.0,4,2.4686670303344727,yolo12n,fog_l1
Koeln/Koeln2/2015-04-23_13-11-46/Trafficlight_1,5,5,1.0,0,0.0,5,4.520406007766724,yolo12n,fog_l1
Koeln/Koeln2/2015-04-23_13-11-46/Trafficlight_3,7,4,0.5714285714285714,0,0.0,3,2.4709131717681885,yolo12n,fog_l1
Koeln/Koeln2/2015-04-23_13-15-36/Trafficlight_4,13,13,1.0,0,0.0,13,6.585233926773071,yolo12n,fog_l1
Koeln/Koeln2/2015-04-23_13-15-36/Trafficlight_5,2,2,1.0,0,0.0,2,0.7070450782775879,yolo12n,fog_l1
Koeln/Koeln2/2015-04-23_13-15-59/Trafficlight_4,15,0,0.0,0,0.0,0,0.0,yolo12n,fog_l1
Koeln/Koeln2/2015-04-23_13-15-59/Trafficlight_3,7,0,0.0,0,0.0,0,0.0,yolo12n,fog_l1
Koeln/Koeln2/2015-04-23_13-16-45/Trafficlight_5,2,0,0.0,0,0.0,0,0.0,yolo12n,fog_l1
Koeln/Koeln2/2015-04-23_13-18-13/Trafficlight_4,7,6,0.8571428571428571,0,0.0,5,1.4128310680389404,yolo12n,fog_l1
Koeln/Koeln2/2015-04-23_13-18-13/Trafficlight_5,12,3,0.25,0,0.0,1,0.0,yolo12n,fog_l1
Koeln/Koeln2/2015-04-23_13-18-13/Trafficlight_6,13,3,0.23076923076923078,0,0.0,2,0.3535020351409912,yolo12n,fog_l1
Koeln/Koeln2/2015-04-23_13-18-13/Trafficlight_7,19,3,0.15789473684210525,0,0.0,3,0.7084360122680664,yolo12n,fog_l1
Koeln/Koeln2/2015-04-23_13-19-07/Trafficlight_1,12,2,0.16666666666666666,0,0.0,2,1.7641019821166992,yolo12n,fog_l1
Koeln/Koeln2/2015-04-23_13-19-07/Trafficlight_2,4,0,0.0,0,0.0,0,0.0,yolo12n,fog_l1
Koeln/Koeln2/2015-04-23_13-19-07/Trafficlight_3,5,4,0.8,0,0.0,4,5.292745113372803,yolo12n,fog_l1
Koeln/Koeln2/2015-04-23_13-19-07/Trafficlight_6,12,4,0.3333333333333333,0,0.0,1,0.0,yolo12n,fog_l1
Koeln/Koeln2/2015-04-23_13-19-07/Trafficlight_7,5,1,0.2,0,0.0,1,0.0,yolo12n,fog_l1
Koeln/Koeln2/2015-04-23_13-19-07/Trafficlight_8,6,1,0.16666666666666666,0,0.0,1,0.0,yolo12n,fog_l1
Koeln/Koeln2/2015-04-23_13-22-16/Trafficlight_5,16,7,0.4375,0,0.0,2,0.8228309154510498,yolo12n,fog_l1
Koeln/Koeln2/2015-04-23_13-22-16/Trafficlight_6,14,11,0.7857142857142857,0,0.0,7,5.11556601524353,yolo12n,fog_l1
Koeln/Koeln2/2015-04-23_13-26-00/Trafficlight_1,5,5,1.0,0,0.0,5,0.23670387268066406,yolo12n,fog_l1
Koeln/Koeln2/2015-04-23_13-26-00/Trafficlight_2,11,11,1.0,0,0.0,11,0.6478209495544434,yolo12n,fog_l1
Koeln/Koeln2/2015-04-23_13-27-52/Trafficlight_2,9,3,0.3333333333333333,0,0.0,2,0.647475004196167,yolo12n,fog_l1
Koeln/Koeln2/2015-04-23_13-27-52/Trafficlight_3,9,7,0.7777777777777778,0,0.0,7,3.8833160400390625,yolo12n,fog_l1
Koeln/Koeln2/2015-04-23_13-28-56/Trafficlight_1,1,0,0.0,0,0.0,0,0.0,yolo12n,fog_l1
Koeln/Koeln2/2015-04-23_13-28-56/Trafficlight_3,1,0,0.0,0,0.0,0,0.0,yolo12n,fog_l1
Koeln/Koeln2/2015-04-23_13-29-48/Trafficlight_1,17,2,0.11764705882352941,0,0.0,1,0.0,yolo12n,fog_l1
Koeln/Koeln2/2015-04-23_13-29-48/Trafficlight_2,13,6,0.46153846153846156,0,0.0,2,0.29581308364868164,yolo12n,fog_l1
Koeln/Koeln2/2015-04-23_13-29-48/Trafficlight_3,17,14,0.8235294117647058,0,0.0,11,3.643535852432251,yolo12n,fog_l1
Koeln/Koeln2/2015-04-23_13-30-07/Trafficlight_2,11,0,0.0,0,0.0,0,0.0,yolo12n,fog_l1
Koeln/Koeln2/2015-04-23_13-30-07/Trafficlight_3,14,3,0.21428571428571427,0,0.0,3,1.1876580715179443,yolo12n,fog_l1
Koeln/Koeln2/2015-04-23_13-30-57/Trafficlight_3,10,2,0.2,0,0.0,1,0.0,yolo12n,fog_l1
Koeln/Koeln2/2015-04-23_13-30-57/Trafficlight_4,12,5,0.4166666666666667,0,0.0,3,1.5298340320587158,yolo12n,fog_l1
Essen/Essen2/2015-04-22_11-54-56/Trafficlight_1,16,5,0.3125,0,0.0,5,1.597592830657959,yolov8n,fog_l2
Essen/Essen2/2015-04-22_11-54-56/Trafficlight_2,12,8,0.6666666666666666,0,0.0,6,2.0003249645233154,yolov8n,fog_l2
Essen/Essen2/2015-04-22_11-55-29/Trafficlight_1,22,12,0.5454545454545454,0,0.0,7,2.400238037109375,yolov8n,fog_l2
Essen/Essen2/2015-04-22_11-55-29/Trafficlight_2,15,1,0.06666666666666667,0,0.0,1,0.0,yolov8n,fog_l2
Essen/Essen2/2015-04-22_11-55-29/Trafficlight_3,21,9,0.42857142857142855,0,0.0,3,0.8022451400756836,yolov8n,fog_l2
Essen/Essen2/2015-04-22_11-58-40/Trafficlight_1,1,0,0.0,0,0.0,0,0.0,yolov8n,fog_l2
Essen/Essen2/2015-04-22_11-58-40/Trafficlight_2,1,0,0.0,0,0.0,0,0.0,yolov8n,fog_l2
Essen/Essen2/2015-04-22_11-59-47/Trafficlight_1,14,14,1.0,0,0.0,14,10.068872928619385,yolov8n,fog_l2
Essen/Essen2/2015-04-22_11-59-47/Trafficlight_2,18,1,0.05555555555555555,0,0.0,1,0.0,yolov8n,fog_l2
Essen/Essen2/2015-04-22_11-59-47/Trafficlight_3,21,20,0.9523809523809523,0,0.0,20,10.068872928619385,yolov8n,fog_l2
Essen/Essen2/2015-04-22_12-00-12/Trafficlight_1,12,11,0.9166666666666666,0,0.0,6,1.3357319831848145,yolov8n,fog_l2
Essen/Essen2/2015-04-22_12-00-12/Trafficlight_2,12,8,0.6666666666666666,0,0.0,6,1.6662421226501465,yolov8n,fog_l2
Essen/Essen2/2015-04-22_12-00-12/Trafficlight_3,18,7,0.3888888888888889,0,0.0,7,2.2005012035369873,yolov8n,fog_l2
Essen/Essen2/2015-04-22_12-00-50/Trafficlight_1,8,4,0.5,0,0.0,3,3.466460943222046,yolov8n,fog_l2
Essen/Essen2/2015-04-22_12-00-50/Trafficlight_2,4,1,0.25,0,0.0,1,0.0,yolov8n,fog_l2
Essen/Essen2/2015-04-22_12-00-50/Trafficlight_3,7,2,0.2857142857142857,0,0.0,2,1.73030686378479,yolov8n,fog_l2
Essen/Essen2/2015-04-22_12-03-07/Trafficlight_7,1,1,1.0,0,0.0,1,0.0,yolov8n,fog_l2
Essen/Essen2/2015-04-22_12-03-07/Trafficlight_8,1,1,1.0,0,0.0,1,0.0,yolov8n,fog_l2
Essen/Essen2/2015-04-22_12-03-17/Trafficlight_1,11,11,1.0,0,0.0,11,3.3990509510040283,yolov8n,fog_l2
Essen/Essen2/2015-04-22_12-03-17/Trafficlight_2,11,7,0.6363636363636364,0,0.0,5,1.33103609085083,yolov8n,fog_l2
Essen/Essen2/2015-04-22_12-03-17/Trafficlight_3,10,3,0.3,0,0.0,2,0.3336198329925537,yolov8n,fog_l2
Essen/Essen2/2015-04-22_12-03-17/Trafficlight_4,2,2,1.0,0,0.0,2,0.33318114280700684,yolov8n,fog_l2
Essen/Essen2/2015-04-22_12-04-52/Trafficlight_1,18,8,0.4444444444444444,0,0.0,3,0.6652748584747314,yolov8n,fog_l2
Essen/Essen2/2015-04-22_12-04-52/Trafficlight_5,6,6,1.0,0,0.0,6,1.664518117904663,yolov8n,fog_l2
Essen/Essen2/2015-04-22_12-07-48/Trafficlight_1,7,7,1.0,0,0.0,7,1.999337911605835,yolov8n,fog_l2
Essen/Essen2/2015-04-22_12-07-48/Trafficlight_2,7,0,0.0,0,0.0,0,0.0,yolov8n,fog_l2
Essen/Essen2/2015-04-22_12-07-48/Trafficlight_3,7,7,1.0,0,0.0,7,1.999337911605835,yolov8n,fog_l2
Essen/Essen2/2015-04-22_12-10-46/Trafficlight_2,10,1,0.1,1,0.1,1,0.0,yolov8n,fog_l2
Essen/Essen2/2015-04-22_12-10-46/Trafficlight_3,16,6,0.375,0,0.0,6,5.135143995285034,yolov8n,fog_l2
Essen/Essen2/2015-04-22_12-10-46/Trafficlight_1,13,6,0.46153846153846156,0,0.0,4,3.0016729831695557,yolov8n,fog_l2
Essen/Essen2/2015-04-22_12-12-38/Trafficlight_1,14,9,0.6428571428571429,0,0.0,9,3.8686540126800537,yolov8n,fog_l2
Essen/Essen2/2015-04-22_12-12-38/Trafficlight_2,16,1,0.0625,0,0.0,1,0.0,yolov8n,fog_l2
Essen/Essen2/2015-04-22_12-14-33/Trafficlight_1,5,5,1.0,0,0.0,5,1.8019039630889893,yolov8n,fog_l2
Essen/Essen2/2015-04-22_12-14-33/Trafficlight_2,4,3,0.75,0,0.0,3,1.3334009647369385,yolov8n,fog_l2
Essen/Essen2/2015-04-22_12-14-33/Trafficlight_3,5,5,1.0,0,0.0,5,1.8019039630889893,yolov8n,fog_l2
Essen/Essen2/2015-04-22_12-16-21/Trafficlight_1,16,2,0.125,0,0.0,1,0.0,yolov8n,fog_l2
Essen/Essen2/2015-04-22_12-16-21/Trafficlight_2,12,7,0.5833333333333334,0,0.0,6,1.9991960525512695,yolov8n,fog_l2
Essen/Essen2/2015-04-22_12-17-10/Trafficlight_2,9,9,1.0,0,0.0,9,5.531995058059692,yolov8n,fog_l2
Essen/Essen2/2015-04-22_12-17-10/Trafficlight_1,17,8,0.47058823529411764,0,0.0,8,4.800240993499756,yolov8n,fog_l2
Essen/Essen2/2015-04-22_12-17-10/Trafficlight_3,13,13,1.0,0,0.0,13,8.866031885147095,yolov8n,fog_l2
Essen/Essen3/2015-04-22_12-21-40/Trafficlight_2,20,6,0.3,0,0.0,3,0.40085601806640625,yolov8n,fog_l2
Essen/Essen3/2015-04-22_12-21-40/Trafficlight_3,1,0,0.0,0,0.0,0,0.0,yolov8n,fog_l2
Essen/Essen3/2015-04-22_12-22-11/Trafficlight_2,4,4,1.0,0,0.0,4,2.125485897064209,yolov8n,fog_l2
Essen/Essen3/2015-04-22_12-22-11/Trafficlight_3,6,0,0.0,0,0.0,0,0.0,yolov8n,fog_l2
Essen/Essen3/2015-04-22_12-22-11/Trafficlight_4,11,2,0.18181818181818182,0,0.0,2,0.7975540161132812,yolov8n,fog_l2
Essen/Essen3/2015-04-22_12-24-28/Trafficlight_1,5,5,1.0,0,0.0,5,3.932101011276245,yolov8n,fog_l2
Essen/Essen3/2015-04-22_12-24-28/Trafficlight_2,5,3,0.6,0,0.0,2,0.8665969371795654,yolov8n,fog_l2
Essen/Essen3/2015-04-22_12-24-28/Trafficlight_3,2,0,0.0,0,0.0,0,0.0,yolov8n,fog_l2
Essen/Essen3/2015-04-22_12-28-48/Trafficlight_1,20,14,0.7,0,0.0,14,6.931774854660034,yolov8n,fog_l2
Essen/Essen3/2015-04-22_12-28-48/Trafficlight_5,10,10,1.0,0,0.0,10,4.799072980880737,yolov8n,fog_l2
Essen/Essen3/2015-04-22_12-31-21/Trafficlight_4,1,1,1.0,0,0.0,1,0.0,yolov8n,fog_l2
Essen/Essen3/2015-04-22_12-31-56/Trafficlight_1,8,7,0.875,0,0.0,7,0.8002779483795166,yolov8n,fog_l2
Essen/Essen3/2015-04-22_12-31-56/Trafficlight_2,19,0,0.0,0,0.0,0,0.0,yolov8n,fog_l2
Essen/Essen3/2015-04-22_12-31-56/Trafficlight_3,9,6,0.6666666666666666,0,0.0,6,6.46475887298584,yolov8n,fog_l2
Essen/Essen3/2015-04-22_12-31-56/Trafficlight_4,9,3,0.3333333333333333,0,0.0,3,2.59854793548584,yolov8n,fog_l2
Essen/Essen3/2015-04-22_12-31-56/Trafficlight_16,8,3,0.375,0,0.0,2,0.6026039123535156,yolov8n,fog_l2
Essen/Essen3/2015-04-22_12-31-56/Trafficlight_17,6,1,0.16666666666666666,0,0.0,1,0.0,yolov8n,fog_l2
Essen/Essen3/2015-04-22_12-31-56/Trafficlight_18,10,0,0.0,0,0.0,0,0.0,yolov8n,fog_l2
Fulda/Fulda2/2015-05-15_18-00-09/Trafficlight_1,10,0,0.0,0,0.0,0,0.0,yolov8n,fog_l2
Fulda/Fulda2/2015-05-15_18-00-09/Trafficlight_7,3,0,0.0,0,0.0,0,0.0,yolov8n,fog_l2
Fulda/Fulda2/2015-05-15_18-00-57/Trafficlight_1,14,6,0.42857142857142855,0,0.0,2,0.5873048305511475,yolov8n,fog_l2
Fulda/Fulda2/2015-05-15_18-00-57/Trafficlight_2,10,8,0.8,0,0.0,3,1.1782209873199463,yolov8n,fog_l2
Fulda/Fulda2/2015-05-15_18-00-57/Trafficlight_3,10,7,0.7,0,0.0,3,1.1760399341583252,yolov8n,fog_l2
Fulda/Fulda2/2015-05-15_18-01-58/Trafficlight_14,3,3,1.0,0,0.0,3,1.1750850677490234,yolov8n,fog_l2
Fulda/Fulda2/2015-05-15_18-03-39/Trafficlight_5,11,2,0.18181818181818182,0,0.0,1,0.0,yolov8n,fog_l2
Fulda/Fulda2/2015-05-15_18-03-39/Trafficlight_6,7,0,0.0,0,0.0,0,0.0,yolov8n,fog_l2
Fulda/Fulda2/2015-05-15_18-03-39/Trafficlight_7,11,5,0.45454545454545453,0,0.0,5,2.3544859886169434,yolov8n,fog_l2
Fulda/Fulda2/2015-05-15_18-04-24/Trafficlight_2,15,5,0.3333333333333333,0,0.0,5,2.355818033218384,yolov8n,fog_l2
Fulda/Fulda2/2015-05-15_18-05-38/Trafficlight_1,16,1,0.0625,0,0.0,1,0.0,yolov8n,fog_l2
Fulda/Fulda2/2015-05-15_18-05-38/Trafficlight_7,14,4,0.2857142857142857,0,0.0,2,0.5901389122009277,yolov8n,fog_l2
Fulda/Fulda2/2015-05-15_18-05-38/Trafficlight_12,7,7,1.0,0,0.0,4,1.763545036315918,yolov8n,fog_l2
Fulda/Fulda2/2015-05-15_18-07-04/Trafficlight_2,7,3,0.42857142857142855,0,0.0,2,0.5877358913421631,yolov8n,fog_l2
Fulda/Fulda2/2015-05-15_18-07-04/Trafficlight_3,10,10,1.0,0,0.0,10,5.294755935668945,yolov8n,fog_l2
Fulda/Fulda2/2015-05-15_18-07-04/Trafficlight_14,2,2,1.0,0,0.0,2,0.5877358913421631,yolov8n,fog_l2
Fulda/Fulda2/2015-05-15_18-07-37/Trafficlight_2,2,2,1.0,0,0.0,2,0.5985150337219238,yolov8n,fog_l2
Fulda/Fulda2/2015-05-15_18-07-37/Trafficlight_3,3,3,1.0,0,0.0,3,1.1775381565093994,yolov8n,fog_l2
Fulda/Fulda2/2015-05-15_18-08-11/Trafficlight_1,8,0,0.0,0,0.0,0,0.0,yolov8n,fog_l2
Fulda/Fulda2/2015-05-15_18-08-11/Trafficlight_2,8,0,0.0,0,0.0,0,0.0,yolov8n,fog_l2
Fulda/Fulda2/2015-05-15_18-09-21/Trafficlight_1,14,11,0.7857142857142857,0,0.0,7,3.532902956008911,yolov8n,fog_l2
Fulda/Fulda2/2015-05-15_18-09-21/Trafficlight_2,5,1,0.2,0,0.0,1,0.0,yolov8n,fog_l2
Fulda/Fulda2/2015-05-15_18-11-25/Trafficlight_1,14,3,0.21428571428571427,0,0.0,2,0.588576078414917,yolov8n,fog_l2
Fulda/Fulda2/2015-05-15_18-11-25/Trafficlight_2,9,0,0.0,0,0.0,0,0.0,yolov8n,fog_l2
Fulda/Fulda2/2015-05-15_18-11-25/Trafficlight_3,12,2,0.16666666666666666,0,0.0,1,0.0,yolov8n,fog_l2
Fulda/Fulda2/2015-05-15_18-12-26/Trafficlight_12,1,1,1.0,0,0.0,1,0.0,yolov8n,fog_l2
Fulda/Fulda2/2015-05-15_18-12-26/Trafficlight_13,1,0,0.0,0,0.0,0,0.0,yolov8n,fog_l2
Fulda/Fulda2/2015-05-15_18-13-56/Trafficlight_2,3,0,0.0,0,0.0,0,0.0,yolov8n,fog_l2
Fulda/Fulda2/2015-05-15_18-13-56/Trafficlight_3,3,0,0.0,0,0.0,0,0.0,yolov8n,fog_l2
Fulda/Fulda2/2015-05-15_18-13-56/Trafficlight_4,4,4,1.0,0,0.0,4,1.76487398147583,yolov8n,fog_l2
Hannover/Hannover4/2015-04-20_13-51-29/Trafficlight_7,20,20,1.0,0,0.0,20,5.936743974685669,yolov8n,fog_l2
Hannover/Hannover4/2015-04-20_13-51-36/Trafficlight_4,20,20,1.0,0,0.0,20,1.467405080795288,yolov8n,fog_l2
Hannover/Hannover4/2015-04-20_13-51-36/Trafficlight_6,10,10,1.0,0,0.0,10,0.6674211025238037,yolov8n,fog_l2
Hannover/Hannover4/2015-04-20_13-51-40/Trafficlight_2,20,9,0.45,0,0.0,7,3.7318191528320312,yolov8n,fog_l2
Hannover/Hannover4/2015-04-20_13-51-40/Trafficlight_1,18,18,1.0,0,0.0,18,11.801587104797363,yolov8n,fog_l2
Hannover/Hannover4/2015-04-20_13-51-40/Trafficlight_3,19,19,1.0,0,0.0,19,11.204802989959717,yolov8n,fog_l2
Hannover/Hannover4/2015-04-20_13-54-28/Trafficlight_2,4,0,0.0,0,0.0,0,0.0,yolov8n,fog_l2
Hannover/Hannover4/2015-04-20_13-54-28/Trafficlight_3,13,6,0.46153846153846156,0,0.0,2,1.8680229187011719,yolov8n,fog_l2
Hannover/Hannover4/2015-04-20_13-54-28/Trafficlight_7,5,5,1.0,0,0.0,5,3.7315638065338135,yolov8n,fog_l2
Hannover/Hannover4/2015-04-20_13-56-44/Trafficlight_3,12,2,0.16666666666666666,0,0.0,2,0.6693699359893799,yolov8n,fog_l2
Hannover/Hannover4/2015-04-20_13-56-44/Trafficlight_4,19,8,0.42105263157894735,0,0.0,8,5.000962972640991,yolov8n,fog_l2
Hannover/Hannover4/2015-04-20_13-57-56/Trafficlight_4,19,19,1.0,0,0.0,19,1.1975510120391846,yolov8n,fog_l2
Hannover/Hannover4/2015-04-20_13-58-03/Trafficlight_3,16,4,0.25,0,0.0,4,2.0628230571746826,yolov8n,fog_l2
Hannover/Hannover4/2015-04-20_13-58-03/Trafficlight_4,23,13,0.5652173913043478,0,0.0,7,4.130895137786865,yolov8n,fog_l2
Hannover/Hannover4/2015-04-20_13-59-27/Trafficlight_1,20,20,1.0,0,0.0,20,1.3349270820617676,yolov8n,fog_l2
Hannover/Hannover4/2015-04-20_14-00-12/Trafficlight_1,26,26,1.0,0,0.0,14,6.397797107696533,yolov8n,fog_l2
Hannover/Hannover4/2015-04-20_14-00-12/Trafficlight_2,29,6,0.20689655172413793,0,0.0,4,1.7294580936431885,yolov8n,fog_l2
Hannover/Hannover4/2015-04-20_14-00-12/Trafficlight_3,9,9,1.0,0,0.0,9,4.66677713394165,yolov8n,fog_l2
Hannover/Hannover4/2015-04-20_14-01-01/Trafficlight_2,20,0,0.0,0,0.0,0,0.0,yolov8n,fog_l2
Hannover/Hannover4/2015-04-20_14-01-01/Trafficlight_1,20,9,0.45,0,0.0,8,6.068166017532349,yolov8n,fog_l2
Hannover/Hannover4/2015-04-20_14-02-07/Trafficlight_4,20,20,1.0,0,0.0,20,5.469353914260864,yolov8n,fog_l2
Hannover/Hannover4/2015-04-20_14-02-24/Trafficlight_2,8,8,1.0,0,0.0,8,2.2011499404907227,yolov8n,fog_l2
Hannover/Hannover4/2015-04-20_14-02-24/Trafficlight_3,10,10,1.0,0,0.0,9,2.5317258834838867,yolov8n,fog_l2
Hannover/Hannover4/2015-04-20_14-02-24/Trafficlight_1,9,9,1.0,0,0.0,9,2.5317258834838867,yolov8n,fog_l2
Hannover/Hannover4/2015-04-20_14-02-24/Trafficlight_5,1,1,1.0,0,0.0,1,0.0,yolov8n,fog_l2
Hannover/Hannover4/2015-04-20_14-04-24/Trafficlight_3,6,5,0.8333333333333334,0,0.0,4,1.6685810089111328,yolov8n,fog_l2
Hannover/Hannover4/2015-04-20_14-04-24/Trafficlight_4,4,4,1.0,0,0.0,4,1.6685810089111328,yolov8n,fog_l2
Hannover/Hannover4/2015-04-20_14-04-24/Trafficlight_5,14,12,0.8571428571428571,0,0.0,10,5.067967891693115,yolov8n,fog_l2
Hannover/Hannover4/2015-04-20_14-05-57/Trafficlight_2,12,3,0.25,0,0.0,1,0.0,yolov8n,fog_l2
Hannover/Hannover4/2015-04-20_14-05-57/Trafficlight_1,7,7,1.0,0,0.0,7,5.333891868591309,yolov8n,fog_l2
Hannover/Hannover4/2015-04-20_14-05-57/Trafficlight_3,17,7,0.4117647058823529,0,0.0,5,3.535423994064331,yolov8n,fog_l2
Hannover/Hannover4/2015-04-20_14-06-51/Trafficlight_2,15,7,0.4666666666666667,0,0.0,7,3.2667808532714844,yolov8n,fog_l2
Hannover/Hannover4/2015-04-20_14-06-51/Trafficlight_1,18,15,0.8333333333333334,0,0.0,8,3.801945924758911,yolov8n,fog_l2
Hannover/Hannover4/2015-04-20_14-06-51/Trafficlight_3,18,18,1.0,0,0.0,18,9.332195043563843,yolov8n,fog_l2
Hannover/Hannover4/2015-04-20_14-08-36/Trafficlight_4,10,9,0.9,0,0.0,5,1.3329050540924072,yolov8n,fog_l2
Hannover/Hannover4/2015-04-20_14-08-36/Trafficlight_5,20,7,0.35,0,0.0,3,0.667182207107544,yolov8n,fog_l2
Hannover/Hannover4/2015-04-20_14-08-36/Trafficlight_3,9,0,0.0,0,0.0,0,0.0,yolov8n,fog_l2
Hannover/Hannover4/2015-04-20_14-09-52/Trafficlight_1,20,8,0.4,0,0.0,8,3.3325178623199463,yolov8n,fog_l2
Hannover/Hannover4/2015-04-20_14-09-52/Trafficlight_2,20,8,0.4,0,0.0,8,3.3325178623199463,yolov8n,fog_l2
Hannover/Hannover4/2015-04-20_14-11-20/Trafficlight_1,12,5,0.4166666666666667,0,0.0,3,0.9365520477294922,yolov8n,fog_l2
Hannover/Hannover4/2015-04-20_14-11-20/Trafficlight_3,3,1,0.3333333333333333,0,0.0,1,0.0,yolov8n,fog_l2
Hannover/Hannover4/2015-04-20_14-12-16/Trafficlight_4,7,7,1.0,0,0.0,7,2.398069143295288,yolov8n,fog_l2
Hannover/Hannover4/2015-04-20_14-12-16/Trafficlight_5,7,7,1.0,0,0.0,7,2.398069143295288,yolov8n,fog_l2
Hannover/Hannover4/2015-04-20_14-12-16/Trafficlight_6,20,20,1.0,0,0.0,20,7.598844051361084,yolov8n,fog_l2
Hannover/Hannover4/2015-04-20_14-16-02/Trafficlight_2,14,9,0.6428571428571429,0,0.0,4,1.8710410594940186,yolov8n,fog_l2
Hannover/Hannover4/2015-04-20_14-16-02/Trafficlight_3,19,13,0.6842105263157895,0,0.0,5,2.470160961151123,yolov8n,fog_l2
Hannover/Hannover4/2015-04-20_14-16-02/Trafficlight_1,8,8,1.0,0,0.0,8,4.332615852355957,yolov8n,fog_l2
Hannover/Hannover4/2015-04-20_14-17-12/Trafficlight_2,20,10,0.5,0,0.0,5,1.3331270217895508,yolov8n,fog_l2
Hannover/Hannover4/2015-04-20_14-17-12/TrafficLight_6,20,20,1.0,0,0.0,20,6.199991941452026,yolov8n,fog_l2
Hannover/Hannover4/2015-04-20_14-31-46/Trafficlight_3,4,0,0.0,0,0.0,0,0.0,yolov8n,fog_l2
Hannover/Hannover4/2015-04-20_14-31-46/Trafficlight_4,8,0,0.0,0,0.0,0,0.0,yolov8n,fog_l2
Hannover/Hannover4/2015-04-20_14-31-46/Trafficlight_2,9,0,0.0,0,0.0,0,0.0,yolov8n,fog_l2
Hannover/Hannover4/2015-04-20_14-32-25/Trafficlight_3,14,0,0.0,0,0.0,0,0.0,yolov8n,fog_l2
Hannover/Hannover4/2015-04-20_14-32-25/Trafficlight_4,20,12,0.6,0,0.0,12,6.0661468505859375,yolov8n,fog_l2
Hannover/Hannover4/2015-04-20_14-33-38/Trafficlight_2,6,2,0.3333333333333333,0,0.0,2,0.13374805450439453,yolov8n,fog_l2
Hannover/Hannover4/2015-04-20_14-33-38/Trafficlight_3,20,16,0.8,0,0.0,9,1.4683380126953125,yolov8n,fog_l2
Koeln/Koeln2/2015-04-23_12-31-31/Trafficlight_1,2,2,1.0,0,0.0,2,0.47226786613464355,yolov8n,fog_l2
Koeln/Koeln2/2015-04-23_12-31-31/Trafficlight_2,2,2,1.0,0,0.0,2,0.47226786613464355,yolov8n,fog_l2
Koeln/Koeln2/2015-04-23_12-31-31/Trafficlight_3,2,2,1.0,0,0.0,2,0.47226786613464355,yolov8n,fog_l2
Koeln/Koeln2/2015-04-23_12-33-22/Trafficlight_19,1,1,1.0,0,0.0,1,0.0,yolov8n,fog_l2
Koeln/Koeln2/2015-04-23_12-54-40/Trafficlight_3,9,4,0.4444444444444444,0,0.0,2,0.8254489898681641,yolov8n,fog_l2
Koeln/Koeln2/2015-04-23_12-54-40/Trafficlight_4,9,4,0.4444444444444444,3,0.3333333333333333,2,0.8254489898681641,yolov8n,fog_l2
Koeln/Koeln2/2015-04-23_12-55-44/Trafficlight_3,8,6,0.75,0,0.0,6,3.821012020111084,yolov8n,fog_l2
Koeln/Koeln2/2015-04-23_12-55-44/Trafficlight_1,8,4,0.5,0,0.0,4,2.2907629013061523,yolov8n,fog_l2
Koeln/Koeln2/2015-04-23_12-55-44/Trafficlight_2,7,6,0.8571428571428571,0,0.0,6,3.821012020111084,yolov8n,fog_l2
Koeln/Koeln2/2015-04-23_12-56-08/Trafficlight_2,11,1,0.09090909090909091,0,0.0,1,0.0,yolov8n,fog_l2
Koeln/Koeln2/2015-04-23_12-56-08/Trafficlight_1,20,13,0.65,0,0.0,9,7.054329872131348,yolov8n,fog_l2
Koeln/Koeln2/2015-04-23_12-56-08/Trafficlight_3,15,2,0.13333333333333333,0,0.0,1,0.0,yolov8n,fog_l2
Koeln/Koeln2/2015-04-23_12-58-12/Trafficlight_1,20,20,1.0,0,0.0,20,18.408507108688354,yolov8n,fog_l2
Koeln/Koeln2/2015-04-23_12-58-12/Trafficlight_2,20,3,0.15,0,0.0,2,0.9384341239929199,yolov8n,fog_l2
Koeln/Koeln2/2015-04-23_13-03-59/Trafficlight_2,5,5,1.0,0,0.0,5,2.116795063018799,yolov8n,fog_l2
Koeln/Koeln2/2015-04-23_13-03-59/Trafficlight_3,7,7,1.0,0,0.0,7,3.4705021381378174,yolov8n,fog_l2
Koeln/Koeln2/2015-04-23_13-05-35/Trafficlight_4,3,0,0.0,0,0.0,0,0.0,yolov8n,fog_l2
Koeln/Koeln2/2015-04-23_13-05-35/Trafficlight_5,4,4,1.0,0,0.0,4,2.763115882873535,yolov8n,fog_l2
Koeln/Koeln2/2015-04-23_13-10-19/Trafficlight_1,3,2,0.6666666666666666,0,0.0,1,0.0,yolov8n,fog_l2
Koeln/Koeln2/2015-04-23_13-10-19/Trafficlight_3,5,4,0.8,0,0.0,3,1.2942790985107422,yolov8n,fog_l2
Koeln/Koeln2/2015-04-23_13-10-19/Trafficlight_7,6,6,1.0,0,0.0,4,2.4686670303344727,yolov8n,fog_l2
Koeln/Koeln2/2015-04-23_13-10-19/Trafficlight_8,6,6,1.0,0,0.0,4,2.4686670303344727,yolov8n,fog_l2
Koeln/Koeln2/2015-04-23_13-11-46/Trafficlight_1,5,5,1.0,0,0.0,5,4.520406007766724,yolov8n,fog_l2
Koeln/Koeln2/2015-04-23_13-11-46/Trafficlight_3,7,4,0.5714285714285714,0,0.0,3,2.4709131717681885,yolov8n,fog_l2
Koeln/Koeln2/2015-04-23_13-15-36/Trafficlight_4,13,13,1.0,0,0.0,13,6.585233926773071,yolov8n,fog_l2
Koeln/Koeln2/2015-04-23_13-15-36/Trafficlight_5,2,2,1.0,0,0.0,2,0.7070450782775879,yolov8n,fog_l2
Koeln/Koeln2/2015-04-23_13-15-59/Trafficlight_4,15,0,0.0,0,0.0,0,0.0,yolov8n,fog_l2
Koeln/Koeln2/2015-04-23_13-15-59/Trafficlight_3,7,0,0.0,0,0.0,0,0.0,yolov8n,fog_l2
Koeln/Koeln2/2015-04-23_13-16-45/Trafficlight_5,2,0,0.0,0,0.0,0,0.0,yolov8n,fog_l2
Koeln/Koeln2/2015-04-23_13-18-13/Trafficlight_4,7,7,1.0,0,0.0,5,1.4128310680389404,yolov8n,fog_l2
Koeln/Koeln2/2015-04-23_13-18-13/Trafficlight_5,12,10,0.8333333333333334,0,0.0,8,2.4698281288146973,yolov8n,fog_l2
Koeln/Koeln2/2015-04-23_13-18-13/Trafficlight_6,13,9,0.6923076923076923,0,0.0,6,1.7687830924987793,yolov8n,fog_l2
Koeln/Koeln2/2015-04-23_13-18-13/Trafficlight_7,19,6,0.3157894736842105,0,0.0,6,1.7687830924987793,yolov8n,fog_l2
Koeln/Koeln2/2015-04-23_13-19-07/Trafficlight_1,12,4,0.3333333333333333,0,0.0,4,5.292745113372803,yolov8n,fog_l2
Koeln/Koeln2/2015-04-23_13-19-07/Trafficlight_2,4,0,0.0,0,0.0,0,0.0,yolov8n,fog_l2
Koeln/Koeln2/2015-04-23_13-19-07/Trafficlight_3,5,5,1.0,0,0.0,5,7.0580809116363525,yolov8n,fog_l2
Koeln/Koeln2/2015-04-23_13-19-07/Trafficlight_6,12,5,0.4166666666666667,0,0.0,1,0.0,yolov8n,fog_l2
Koeln/Koeln2/2015-04-23_13-19-07/Trafficlight_7,5,3,0.6,0,0.0,1,0.0,yolov8n,fog_l2
Koeln/Koeln2/2015-04-23_13-19-07/Trafficlight_8,6,5,0.8333333333333334,0,0.0,1,0.0,yolov8n,fog_l2
Koeln/Koeln2/2015-04-23_13-22-16/Trafficlight_5,16,8,0.5,0,0.0,3,1.704421043395996,yolov8n,fog_l2
Koeln/Koeln2/2015-04-23_13-22-16/Trafficlight_6,14,14,1.0,0,0.0,14,11.05482292175293,yolov8n,fog_l2
Koeln/Koeln2/2015-04-23_13-26-00/Trafficlight_1,5,5,1.0,0,0.0,5,0.23670387268066406,yolov8n,fog_l2
Koeln/Koeln2/2015-04-23_13-26-00/Trafficlight_2,11,11,1.0,0,0.0,11,0.6478209495544434,yolov8n,fog_l2
Koeln/Koeln2/2015-04-23_13-27-52/Trafficlight_2,9,7,0.7777777777777778,0,0.0,7,3.8833160400390625,yolov8n,fog_l2
Koeln/Koeln2/2015-04-23_13-27-52/Trafficlight_3,9,8,0.8888888888888888,0,0.0,8,4.529943943023682,yolov8n,fog_l2
Koeln/Koeln2/2015-04-23_13-28-56/Trafficlight_1,1,0,0.0,0,0.0,0,0.0,yolov8n,fog_l2
Koeln/Koeln2/2015-04-23_13-28-56/Trafficlight_3,1,1,1.0,0,0.0,1,0.0,yolov8n,fog_l2
Koeln/Koeln2/2015-04-23_13-29-48/Trafficlight_1,17,10,0.5882352941176471,0,0.0,10,3.233707904815674,yolov8n,fog_l2
Koeln/Koeln2/2015-04-23_13-29-48/Trafficlight_2,13,13,1.0,0,0.0,13,4.294061899185181,yolov8n,fog_l2
Koeln/Koeln2/2015-04-23_13-29-48/Trafficlight_3,17,16,0.9411764705882353,0,0.0,15,5.173794984817505,yolov8n,fog_l2
Koeln/Koeln2/2015-04-23_13-30-07/Trafficlight_2,11,2,0.18181818181818182,0,0.0,2,0.5938348770141602,yolov8n,fog_l2
Koeln/Koeln2/2015-04-23_13-30-07/Trafficlight_3,14,3,0.21428571428571427,0,0.0,3,1.1876580715179443,yolov8n,fog_l2
Koeln/Koeln2/2015-04-23_13-30-57/Trafficlight_3,10,2,0.2,0,0.0,1,0.0,yolov8n,fog_l2
Koeln/Koeln2/2015-04-23_13-30-57/Trafficlight_4,12,6,0.5,0,0.0,4,2.409276008605957,yolov8n,fog_l2
Essen/Essen2/2015-04-22_11-54-56/Trafficlight_1,16,5,0.3125,0,0.0,5,1.597592830657959,yolo11n,fog_l2
Essen/Essen2/2015-04-22_11-54-56/Trafficlight_2,12,10,0.8333333333333334,0,0.0,8,2.7975668907165527,yolo11n,fog_l2
Essen/Essen2/2015-04-22_11-55-29/Trafficlight_1,22,7,0.3181818181818182,0,0.0,4,1.2002389430999756,yolo11n,fog_l2
Essen/Essen2/2015-04-22_11-55-29/Trafficlight_2,15,0,0.0,0,0.0,0,0.0,yolo11n,fog_l2
Essen/Essen2/2015-04-22_11-55-29/Trafficlight_3,21,5,0.23809523809523808,0,0.0,3,0.7984380722045898,yolo11n,fog_l2
Essen/Essen2/2015-04-22_11-58-40/Trafficlight_1,1,0,0.0,0,0.0,0,0.0,yolo11n,fog_l2
Essen/Essen2/2015-04-22_11-58-40/Trafficlight_2,1,0,0.0,0,0.0,0,0.0,yolo11n,fog_l2
Essen/Essen2/2015-04-22_11-59-47/Trafficlight_1,14,12,0.8571428571428571,0,0.0,12,9.000826835632324,yolo11n,fog_l2
Essen/Essen2/2015-04-22_11-59-47/Trafficlight_2,18,0,0.0,0,0.0,0,0.0,yolo11n,fog_l2
Essen/Essen2/2015-04-22_11-59-47/Trafficlight_3,21,18,0.8571428571428571,0,0.0,18,9.000826835632324,yolo11n,fog_l2
Essen/Essen2/2015-04-22_12-00-12/Trafficlight_1,12,8,0.6666666666666666,0,0.0,4,0.8016531467437744,yolo11n,fog_l2
Essen/Essen2/2015-04-22_12-00-12/Trafficlight_2,12,2,0.16666666666666666,0,0.0,1,0.0,yolo11n,fog_l2
Essen/Essen2/2015-04-22_12-00-12/Trafficlight_3,18,2,0.1111111111111111,0,0.0,1,0.0,yolo11n,fog_l2
Essen/Essen2/2015-04-22_12-00-50/Trafficlight_1,8,2,0.25,0,0.0,2,1.73030686378479,yolo11n,fog_l2
Essen/Essen2/2015-04-22_12-00-50/Trafficlight_2,4,0,0.0,0,0.0,0,0.0,yolo11n,fog_l2
Essen/Essen2/2015-04-22_12-00-50/Trafficlight_3,7,2,0.2857142857142857,0,0.0,2,1.73030686378479,yolo11n,fog_l2
Essen/Essen2/2015-04-22_12-03-07/Trafficlight_7,1,1,1.0,0,0.0,1,0.0,yolo11n,fog_l2
Essen/Essen2/2015-04-22_12-03-07/Trafficlight_8,1,1,1.0,0,0.0,1,0.0,yolo11n,fog_l2
Essen/Essen2/2015-04-22_12-03-17/Trafficlight_1,11,11,1.0,0,0.0,11,3.3990509510040283,yolo11n,fog_l2
Essen/Essen2/2015-04-22_12-03-17/Trafficlight_2,11,3,0.2727272727272727,0,0.0,1,0.0,yolo11n,fog_l2
Essen/Essen2/2015-04-22_12-03-17/Trafficlight_3,10,1,0.1,0,0.0,1,0.0,yolo11n,fog_l2
Essen/Essen2/2015-04-22_12-03-17/Trafficlight_4,2,2,1.0,0,0.0,2,0.33318114280700684,yolo11n,fog_l2
Essen/Essen2/2015-04-22_12-04-52/Trafficlight_1,18,8,0.4444444444444444,0,0.0,5,1.3382561206817627,yolo11n,fog_l2
Essen/Essen2/2015-04-22_12-04-52/Trafficlight_5,6,6,1.0,0,0.0,6,1.664518117904663,yolo11n,fog_l2
Essen/Essen2/2015-04-22_12-07-48/Trafficlight_1,7,7,1.0,0,0.0,7,1.999337911605835,yolo11n,fog_l2
Essen/Essen2/2015-04-22_12-07-48/Trafficlight_2,7,0,0.0,0,0.0,0,0.0,yolo11n,fog_l2
Essen/Essen2/2015-04-22_12-07-48/Trafficlight_3,7,7,1.0,0,0.0,7,1.999337911605835,yolo11n,fog_l2
Essen/Essen2/2015-04-22_12-10-46/Trafficlight_2,10,1,0.1,0,0.0,1,0.0,yolo11n,fog_l2
Essen/Essen2/2015-04-22_12-10-46/Trafficlight_3,16,5,0.3125,0,0.0,5,4.073596000671387,yolo11n,fog_l2
Essen/Essen2/2015-04-22_12-10-46/Trafficlight_1,13,6,0.46153846153846156,0,0.0,4,3.0016729831695557,yolo11n,fog_l2
Essen/Essen2/2015-04-22_12-12-38/Trafficlight_1,14,9,0.6428571428571429,0,0.0,9,3.8686540126800537,yolo11n,fog_l2
Essen/Essen2/2015-04-22_12-12-38/Trafficlight_2,16,0,0.0,0,0.0,0,0.0,yolo11n,fog_l2
Essen/Essen2/2015-04-22_12-14-33/Trafficlight_1,5,5,1.0,0,0.0,5,1.8019039630889893,yolo11n,fog_l2
Essen/Essen2/2015-04-22_12-14-33/Trafficlight_2,4,0,0.0,0,0.0,0,0.0,yolo11n,fog_l2
Essen/Essen2/2015-04-22_12-14-33/Trafficlight_3,5,5,1.0,0,0.0,5,1.8019039630889893,yolo11n,fog_l2
Essen/Essen2/2015-04-22_12-16-21/Trafficlight_1,16,2,0.125,0,0.0,1,0.0,yolo11n,fog_l2
Essen/Essen2/2015-04-22_12-16-21/Trafficlight_2,12,5,0.4166666666666667,0,0.0,3,0.7985739707946777,yolo11n,fog_l2
Essen/Essen2/2015-04-22_12-17-10/Trafficlight_2,9,8,0.8888888888888888,0,0.0,8,4.800240993499756,yolo11n,fog_l2
Essen/Essen2/2015-04-22_12-17-10/Trafficlight_1,17,9,0.5294117647058824,0,0.0,9,5.531995058059692,yolo11n,fog_l2
Essen/Essen2/2015-04-22_12-17-10/Trafficlight_3,13,12,0.9230769230769231,0,0.0,8,4.865015029907227,yolo11n,fog_l2
Essen/Essen3/2015-04-22_12-21-40/Trafficlight_2,20,7,0.35,0,0.0,5,0.7978019714355469,yolo11n,fog_l2
Essen/Essen3/2015-04-22_12-21-40/Trafficlight_3,1,0,0.0,0,0.0,0,0.0,yolo11n,fog_l2
Essen/Essen3/2015-04-22_12-22-11/Trafficlight_2,4,4,1.0,0,0.0,4,2.125485897064209,yolo11n,fog_l2
Essen/Essen3/2015-04-22_12-22-11/Trafficlight_3,6,0,0.0,0,0.0,0,0.0,yolo11n,fog_l2
Essen/Essen3/2015-04-22_12-22-11/Trafficlight_4,11,1,0.09090909090909091,0,0.0,1,0.0,yolo11n,fog_l2
Essen/Essen3/2015-04-22_12-24-28/Trafficlight_1,5,5,1.0,0,0.0,5,3.932101011276245,yolo11n,fog_l2
Essen/Essen3/2015-04-22_12-24-28/Trafficlight_2,5,2,0.4,0,0.0,1,0.0,yolo11n,fog_l2
Essen/Essen3/2015-04-22_12-24-28/Trafficlight_3,2,0,0.0,0,0.0,0,0.0,yolo11n,fog_l2
Essen/Essen3/2015-04-22_12-28-48/Trafficlight_1,20,10,0.5,0,0.0,9,4.2678139209747314,yolo11n,fog_l2
Essen/Essen3/2015-04-22_12-28-48/Trafficlight_5,10,10,1.0,0,0.0,10,4.799072980880737,yolo11n,fog_l2
Essen/Essen3/2015-04-22_12-31-21/Trafficlight_4,1,1,1.0,0,0.0,1,0.0,yolo11n,fog_l2
Essen/Essen3/2015-04-22_12-31-56/Trafficlight_1,8,7,0.875,0,0.0,7,0.8002779483795166,yolo11n,fog_l2
Essen/Essen3/2015-04-22_12-31-56/Trafficlight_2,19,1,0.05263157894736842,0,0.0,1,0.0,yolo11n,fog_l2
Essen/Essen3/2015-04-22_12-31-56/Trafficlight_3,9,7,0.7777777777777778,0,0.0,7,7.797140836715698,yolo11n,fog_l2
Essen/Essen3/2015-04-22_12-31-56/Trafficlight_4,9,3,0.3333333333333333,0,0.0,3,2.59854793548584,yolo11n,fog_l2
Essen/Essen3/2015-04-22_12-31-56/Trafficlight_16,8,2,0.25,0,0.0,1,0.0,yolo11n,fog_l2
Essen/Essen3/2015-04-22_12-31-56/Trafficlight_17,6,1,0.16666666666666666,0,0.0,1,0.0,yolo11n,fog_l2
Essen/Essen3/2015-04-22_12-31-56/Trafficlight_18,10,0,0.0,0,0.0,0,0.0,yolo11n,fog_l2
Fulda/Fulda2/2015-05-15_18-00-09/Trafficlight_1,10,0,0.0,0,0.0,0,0.0,yolo11n,fog_l2
Fulda/Fulda2/2015-05-15_18-00-09/Trafficlight_7,3,0,0.0,0,0.0,0,0.0,yolo11n,fog_l2
Fulda/Fulda2/2015-05-15_18-00-57/Trafficlight_1,14,1,0.07142857142857142,0,0.0,1,0.0,yolo11n,fog_l2
Fulda/Fulda2/2015-05-15_18-00-57/Trafficlight_2,10,8,0.8,0,0.0,6,2.9411590099334717,yolo11n,fog_l2
Fulda/Fulda2/2015-05-15_18-00-57/Trafficlight_3,10,4,0.4,0,0.0,3,1.1717360019683838,yolo11n,fog_l2
Fulda/Fulda2/2015-05-15_18-01-58/Trafficlight_14,3,3,1.0,0,0.0,3,1.1750850677490234,yolo11n,fog_l2
Fulda/Fulda2/2015-05-15_18-03-39/Trafficlight_5,11,2,0.18181818181818182,0,0.0,1,0.0,yolo11n,fog_l2
Fulda/Fulda2/2015-05-15_18-03-39/Trafficlight_6,7,0,0.0,0,0.0,0,0.0,yolo11n,fog_l2
Fulda/Fulda2/2015-05-15_18-03-39/Trafficlight_7,11,4,0.36363636363636365,0,0.0,3,1.177419900894165,yolo11n,fog_l2
Fulda/Fulda2/2015-05-15_18-04-24/Trafficlight_2,15,4,0.26666666666666666,0,0.0,4,1.7646360397338867,yolo11n,fog_l2
Fulda/Fulda2/2015-05-15_18-05-38/Trafficlight_1,16,0,0.0,0,0.0,0,0.0,yolo11n,fog_l2
Fulda/Fulda2/2015-05-15_18-05-38/Trafficlight_7,14,3,0.21428571428571427,0,0.0,3,1.176785945892334,yolo11n,fog_l2
Fulda/Fulda2/2015-05-15_18-05-38/Trafficlight_12,7,7,1.0,0,0.0,4,1.763545036315918,yolo11n,fog_l2
Fulda/Fulda2/2015-05-15_18-07-04/Trafficlight_2,7,1,0.14285714285714285,0,0.0,1,0.0,yolo11n,fog_l2
Fulda/Fulda2/2015-05-15_18-07-04/Trafficlight_3,10,10,1.0,0,0.0,10,5.294755935668945,yolo11n,fog_l2
Fulda/Fulda2/2015-05-15_18-07-04/Trafficlight_14,2,2,1.0,0,0.0,2,0.5877358913421631,yolo11n,fog_l2
Fulda/Fulda2/2015-05-15_18-07-37/Trafficlight_2,2,2,1.0,0,0.0,2,0.5985150337219238,yolo11n,fog_l2
Fulda/Fulda2/2015-05-15_18-07-37/Trafficlight_3,3,3,1.0,0,0.0,3,1.1775381565093994,yolo11n,fog_l2
Fulda/Fulda2/2015-05-15_18-08-11/Trafficlight_1,8,0,0.0,0,0.0,0,0.0,yolo11n,fog_l2
Fulda/Fulda2/2015-05-15_18-08-11/Trafficlight_2,8,0,0.0,0,0.0,0,0.0,yolo11n,fog_l2
Fulda/Fulda2/2015-05-15_18-09-21/Trafficlight_1,14,5,0.35714285714285715,0,0.0,3,1.176116943359375,yolo11n,fog_l2
Fulda/Fulda2/2015-05-15_18-09-21/Trafficlight_2,5,1,0.2,0,0.0,1,0.0,yolo11n,fog_l2
Fulda/Fulda2/2015-05-15_18-11-25/Trafficlight_1,14,2,0.14285714285714285,1,0.07142857142857142,1,0.0,yolo11n,fog_l2
Fulda/Fulda2/2015-05-15_18-11-25/Trafficlight_2,9,0,0.0,0,0.0,0,0.0,yolo11n,fog_l2
Fulda/Fulda2/2015-05-15_18-11-25/Trafficlight_3,12,2,0.16666666666666666,0,0.0,1,0.0,yolo11n,fog_l2
Fulda/Fulda2/2015-05-15_18-12-26/Trafficlight_12,1,1,1.0,0,0.0,1,0.0,yolo11n,fog_l2
Fulda/Fulda2/2015-05-15_18-12-26/Trafficlight_13,1,0,0.0,0,0.0,0,0.0,yolo11n,fog_l2
Fulda/Fulda2/2015-05-15_18-13-56/Trafficlight_2,3,1,0.3333333333333333,0,0.0,1,0.0,yolo11n,fog_l2
Fulda/Fulda2/2015-05-15_18-13-56/Trafficlight_3,3,0,0.0,0,0.0,0,0.0,yolo11n,fog_l2
Fulda/Fulda2/2015-05-15_18-13-56/Trafficlight_4,4,4,1.0,0,0.0,4,1.76487398147583,yolo11n,fog_l2
Hannover/Hannover4/2015-04-20_13-51-29/Trafficlight_7,20,20,1.0,0,0.0,20,5.936743974685669,yolo11n,fog_l2
Hannover/Hannover4/2015-04-20_13-51-36/Trafficlight_4,20,20,1.0,0,0.0,20,1.467405080795288,yolo11n,fog_l2
Hannover/Hannover4/2015-04-20_13-51-36/Trafficlight_6,10,10,1.0,0,0.0,10,0.6674211025238037,yolo11n,fog_l2
Hannover/Hannover4/2015-04-20_13-51-40/Trafficlight_2,20,8,0.4,0,0.0,5,2.466715097427368,yolo11n,fog_l2
Hannover/Hannover4/2015-04-20_13-51-40/Trafficlight_1,18,16,0.8888888888888888,0,0.0,10,6.8008270263671875,yolo11n,fog_l2
Hannover/Hannover4/2015-04-20_13-51-40/Trafficlight_3,19,19,1.0,0,0.0,19,11.204802989959717,yolo11n,fog_l2
Hannover/Hannover4/2015-04-20_13-54-28/Trafficlight_2,4,0,0.0,0,0.0,0,0.0,yolo11n,fog_l2
Hannover/Hannover4/2015-04-20_13-54-28/Trafficlight_3,13,3,0.23076923076923078,0,0.0,2,1.8680229187011719,yolo11n,fog_l2
Hannover/Hannover4/2015-04-20_13-54-28/Trafficlight_7,5,5,1.0,0,0.0,5,3.7315638065338135,yolo11n,fog_l2
Hannover/Hannover4/2015-04-20_13-56-44/Trafficlight_3,12,0,0.0,0,0.0,0,0.0,yolo11n,fog_l2
Hannover/Hannover4/2015-04-20_13-56-44/Trafficlight_4,19,9,0.47368421052631576,0,0.0,9,5.733983993530273,yolo11n,fog_l2
Hannover/Hannover4/2015-04-20_13-57-56/Trafficlight_4,19,19,1.0,0,0.0,19,1.1975510120391846,yolo11n,fog_l2
Hannover/Hannover4/2015-04-20_13-58-03/Trafficlight_3,16,1,0.0625,0,0.0,1,0.0,yolo11n,fog_l2
Hannover/Hannover4/2015-04-20_13-58-03/Trafficlight_4,23,11,0.4782608695652174,0,0.0,10,6.198125123977661,yolo11n,fog_l2
Hannover/Hannover4/2015-04-20_13-59-27/Trafficlight_1,20,20,1.0,0,0.0,20,1.3349270820617676,yolo11n,fog_l2
Hannover/Hannover4/2015-04-20_14-00-12/Trafficlight_1,26,26,1.0,0,0.0,14,6.397797107696533,yolo11n,fog_l2
Hannover/Hannover4/2015-04-20_14-00-12/Trafficlight_2,29,7,0.2413793103448276,0,0.0,6,2.8634190559387207,yolo11n,fog_l2
Hannover/Hannover4/2015-04-20_14-00-12/Trafficlight_3,9,7,0.7777777777777778,0,0.0,4,1.7992451190948486,yolo11n,fog_l2
Hannover/Hannover4/2015-04-20_14-01-01/Trafficlight_2,20,0,0.0,0,0.0,0,0.0,yolo11n,fog_l2
Hannover/Hannover4/2015-04-20_14-01-01/Trafficlight_1,20,10,0.5,0,0.0,8,6.068166017532349,yolo11n,fog_l2
Hannover/Hannover4/2015-04-20_14-02-07/Trafficlight_4,20,20,1.0,0,0.0,20,5.469353914260864,yolo11n,fog_l2
Hannover/Hannover4/2015-04-20_14-02-24/Trafficlight_2,8,8,1.0,0,0.0,8,2.2011499404907227,yolo11n,fog_l2
Hannover/Hannover4/2015-04-20_14-02-24/Trafficlight_3,10,10,1.0,0,0.0,9,2.5317258834838867,yolo11n,fog_l2
Hannover/Hannover4/2015-04-20_14-02-24/Trafficlight_1,9,9,1.0,0,0.0,9,2.5317258834838867,yolo11n,fog_l2
Hannover/Hannover4/2015-04-20_14-02-24/Trafficlight_5,1,1,1.0,0,0.0,1,0.0,yolo11n,fog_l2
Hannover/Hannover4/2015-04-20_14-04-24/Trafficlight_3,6,5,0.8333333333333334,0,0.0,4,1.6685810089111328,yolo11n,fog_l2
Hannover/Hannover4/2015-04-20_14-04-24/Trafficlight_4,4,4,1.0,0,0.0,4,1.6685810089111328,yolo11n,fog_l2
Hannover/Hannover4/2015-04-20_14-04-24/Trafficlight_5,14,12,0.8571428571428571,0,0.0,10,5.067967891693115,yolo11n,fog_l2
Hannover/Hannover4/2015-04-20_14-05-57/Trafficlight_2,12,2,0.16666666666666666,0,0.0,1,0.0,yolo11n,fog_l2
Hannover/Hannover4/2015-04-20_14-05-57/Trafficlight_1,7,7,1.0,0,0.0,7,5.333891868591309,yolo11n,fog_l2
Hannover/Hannover4/2015-04-20_14-05-57/Trafficlight_3,17,7,0.4117647058823529,0,0.0,7,5.33040714263916,yolo11n,fog_l2
Hannover/Hannover4/2015-04-20_14-06-51/Trafficlight_2,15,0,0.0,0,0.0,0,0.0,yolo11n,fog_l2
Hannover/Hannover4/2015-04-20_14-06-51/Trafficlight_1,18,6,0.3333333333333333,0,0.0,4,1.5995299816131592,yolo11n,fog_l2
Hannover/Hannover4/2015-04-20_14-06-51/Trafficlight_3,18,14,0.7777777777777778,0,0.0,6,2.8019139766693115,yolo11n,fog_l2
Hannover/Hannover4/2015-04-20_14-08-36/Trafficlight_4,10,4,0.4,1,0.1,2,0.33344006538391113,yolo11n,fog_l2
Hannover/Hannover4/2015-04-20_14-08-36/Trafficlight_5,20,1,0.05,0,0.0,1,0.0,yolo11n,fog_l2
Hannover/Hannover4/2015-04-20_14-08-36/Trafficlight_3,9,1,0.1111111111111111,0,0.0,1,0.0,yolo11n,fog_l2
Hannover/Hannover4/2015-04-20_14-09-52/Trafficlight_1,20,4,0.2,0,0.0,2,0.46445202827453613,yolo11n,fog_l2
Hannover/Hannover4/2015-04-20_14-09-52/Trafficlight_2,20,6,0.3,0,0.0,2,0.5333361625671387,yolo11n,fog_l2
Hannover/Hannover4/2015-04-20_14-11-20/Trafficlight_1,12,10,0.8333333333333334,0,0.0,5,1.8705711364746094,yolo11n,fog_l2
Hannover/Hannover4/2015-04-20_14-11-20/Trafficlight_3,3,1,0.3333333333333333,0,0.0,1,0.0,yolo11n,fog_l2
Hannover/Hannover4/2015-04-20_14-12-16/Trafficlight_4,7,7,1.0,0,0.0,7,2.398069143295288,yolo11n,fog_l2
Hannover/Hannover4/2015-04-20_14-12-16/Trafficlight_5,7,7,1.0,0,0.0,7,2.398069143295288,yolo11n,fog_l2
Hannover/Hannover4/2015-04-20_14-12-16/Trafficlight_6,20,20,1.0,0,0.0,20,7.598844051361084,yolo11n,fog_l2
Hannover/Hannover4/2015-04-20_14-16-02/Trafficlight_2,14,5,0.35714285714285715,0,0.0,2,0.6692650318145752,yolo11n,fog_l2
Hannover/Hannover4/2015-04-20_14-16-02/Trafficlight_3,19,12,0.631578947368421,0,0.0,3,1.2660939693450928,yolo11n,fog_l2
Hannover/Hannover4/2015-04-20_14-16-02/Trafficlight_1,8,8,1.0,0,0.0,8,4.332615852355957,yolo11n,fog_l2
Hannover/Hannover4/2015-04-20_14-17-12/Trafficlight_2,20,6,0.3,0,0.0,3,0.6671879291534424,yolo11n,fog_l2
Hannover/Hannover4/2015-04-20_14-17-12/TrafficLight_6,20,20,1.0,0,0.0,20,6.199991941452026,yolo11n,fog_l2
Hannover/Hannover4/2015-04-20_14-31-46/Trafficlight_3,4,0,0.0,0,0.0,0,0.0,yolo11n,fog_l2
Hannover/Hannover4/2015-04-20_14-31-46/Trafficlight_4,8,0,0.0,0,0.0,0,0.0,yolo11n,fog_l2
Hannover/Hannover4/2015-04-20_14-31-46/Trafficlight_2,9,2,0.2222222222222222,0,0.0,1,0.0,yolo11n,fog_l2
Hannover/Hannover4/2015-04-20_14-32-25/Trafficlight_3,14,0,0.0,0,0.0,0,0.0,yolo11n,fog_l2
Hannover/Hannover4/2015-04-20_14-32-25/Trafficlight_4,20,7,0.35,0,0.0,7,3.332705020904541,yolo11n,fog_l2
Hannover/Hannover4/2015-04-20_14-33-38/Trafficlight_2,6,3,0.5,0,0.0,3,0.33611202239990234,yolo11n,fog_l2
Hannover/Hannover4/2015-04-20_14-33-38/Trafficlight_3,20,19,0.95,0,0.0,14,2.3345282077789307,yolo11n,fog_l2
Koeln/Koeln2/2015-04-23_12-31-31/Trafficlight_1,2,2,1.0,0,0.0,2,0.47226786613464355,yolo11n,fog_l2
Koeln/Koeln2/2015-04-23_12-31-31/Trafficlight_2,2,2,1.0,0,0.0,2,0.47226786613464355,yolo11n,fog_l2
Koeln/Koeln2/2015-04-23_12-31-31/Trafficlight_3,2,2,1.0,0,0.0,2,0.47226786613464355,yolo11n,fog_l2
Koeln/Koeln2/2015-04-23_12-33-22/Trafficlight_19,1,1,1.0,0,0.0,1,0.0,yolo11n,fog_l2
Koeln/Koeln2/2015-04-23_12-54-40/Trafficlight_3,9,3,0.3333333333333333,0,0.0,1,0.0,yolo11n,fog_l2
Koeln/Koeln2/2015-04-23_12-54-40/Trafficlight_4,9,2,0.2222222222222222,2,0.2222222222222222,2,0.8254489898681641,yolo11n,fog_l2
Koeln/Koeln2/2015-04-23_12-55-44/Trafficlight_3,8,6,0.75,0,0.0,6,3.821012020111084,yolo11n,fog_l2
Koeln/Koeln2/2015-04-23_12-55-44/Trafficlight_1,8,6,0.75,0,0.0,4,2.2907629013061523,yolo11n,fog_l2
Koeln/Koeln2/2015-04-23_12-55-44/Trafficlight_2,7,5,0.7142857142857143,0,0.0,4,2.2923190593719482,yolo11n,fog_l2
Koeln/Koeln2/2015-04-23_12-56-08/Trafficlight_2,11,1,0.09090909090909091,0,0.0,1,0.0,yolo11n,fog_l2
Koeln/Koeln2/2015-04-23_12-56-08/Trafficlight_1,20,11,0.55,0,0.0,8,6.172895908355713,yolo11n,fog_l2
Koeln/Koeln2/2015-04-23_12-56-08/Trafficlight_3,15,3,0.2,0,0.0,2,0.8821530342102051,yolo11n,fog_l2
Koeln/Koeln2/2015-04-23_12-58-12/Trafficlight_1,20,20,1.0,0,0.0,20,18.408507108688354,yolo11n,fog_l2
Koeln/Koeln2/2015-04-23_12-58-12/Trafficlight_2,20,3,0.15,0,0.0,3,1.9399011135101318,yolo11n,fog_l2
Koeln/Koeln2/2015-04-23_13-03-59/Trafficlight_2,5,5,1.0,0,0.0,5,2.116795063018799,yolo11n,fog_l2
Koeln/Koeln2/2015-04-23_13-03-59/Trafficlight_3,7,7,1.0,0,0.0,7,3.4705021381378174,yolo11n,fog_l2
Koeln/Koeln2/2015-04-23_13-05-35/Trafficlight_4,3,0,0.0,0,0.0,0,0.0,yolo11n,fog_l2
Koeln/Koeln2/2015-04-23_13-05-35/Trafficlight_5,4,4,1.0,0,0.0,4,2.763115882873535,yolo11n,fog_l2
Koeln/Koeln2/2015-04-23_13-10-19/Trafficlight_1,3,0,0.0,0,0.0,0,0.0,yolo11n,fog_l2
Koeln/Koeln2/2015-04-23_13-10-19/Trafficlight_3,5,1,0.2,0,0.0,1,0.0,yolo11n,fog_l2
Koeln/Koeln2/2015-04-23_13-10-19/Trafficlight_7,6,6,1.0,0,0.0,4,2.4686670303344727,yolo11n,fog_l2
Koeln/Koeln2/2015-04-23_13-10-19/Trafficlight_8,6,6,1.0,0,0.0,4,2.4686670303344727,yolo11n,fog_l2
Koeln/Koeln2/2015-04-23_13-11-46/Trafficlight_1,5,5,1.0,0,0.0,5,4.520406007766724,yolo11n,fog_l2
Koeln/Koeln2/2015-04-23_13-11-46/Trafficlight_3,7,5,0.7142857142857143,0,0.0,4,3.588679075241089,yolo11n,fog_l2
Koeln/Koeln2/2015-04-23_13-15-36/Trafficlight_4,13,13,1.0,0,0.0,13,6.585233926773071,yolo11n,fog_l2
Koeln/Koeln2/2015-04-23_13-15-36/Trafficlight_5,2,2,1.0,0,0.0,2,0.7070450782775879,yolo11n,fog_l2
Koeln/Koeln2/2015-04-23_13-15-59/Trafficlight_4,15,0,0.0,0,0.0,0,0.0,yolo11n,fog_l2
Koeln/Koeln2/2015-04-23_13-15-59/Trafficlight_3,7,0,0.0,0,0.0,0,0.0,yolo11n,fog_l2
Koeln/Koeln2/2015-04-23_13-16-45/Trafficlight_5,2,0,0.0,0,0.0,0,0.0,yolo11n,fog_l2
Koeln/Koeln2/2015-04-23_13-18-13/Trafficlight_4,7,5,0.7142857142857143,0,0.0,5,1.4128310680389404,yolo11n,fog_l2
Koeln/Koeln2/2015-04-23_13-18-13/Trafficlight_5,12,0,0.0,0,0.0,0,0.0,yolo11n,fog_l2
Koeln/Koeln2/2015-04-23_13-18-13/Trafficlight_6,13,2,0.15384615384615385,0,0.0,1,0.0,yolo11n,fog_l2
Koeln/Koeln2/2015-04-23_13-18-13/Trafficlight_7,19,4,0.21052631578947367,0,0.0,4,1.0616159439086914,yolo11n,fog_l2
Koeln/Koeln2/2015-04-23_13-19-07/Trafficlight_1,12,3,0.25,0,0.0,3,3.5288150310516357,yolo11n,fog_l2
Koeln/Koeln2/2015-04-23_13-19-07/Trafficlight_2,4,0,0.0,0,0.0,0,0.0,yolo11n,fog_l2
Koeln/Koeln2/2015-04-23_13-19-07/Trafficlight_3,5,5,1.0,0,0.0,5,7.0580809116363525,yolo11n,fog_l2
Koeln/Koeln2/2015-04-23_13-19-07/Trafficlight_6,12,4,0.3333333333333333,0,0.0,1,0.0,yolo11n,fog_l2
Koeln/Koeln2/2015-04-23_13-19-07/Trafficlight_7,5,2,0.4,0,0.0,1,0.0,yolo11n,fog_l2
Koeln/Koeln2/2015-04-23_13-19-07/Trafficlight_8,6,5,0.8333333333333334,0,0.0,1,0.0,yolo11n,fog_l2
Koeln/Koeln2/2015-04-23_13-22-16/Trafficlight_5,16,6,0.375,0,0.0,2,0.8228309154510498,yolo11n,fog_l2
Koeln/Koeln2/2015-04-23_13-22-16/Trafficlight_6,14,14,1.0,0,0.0,14,11.05482292175293,yolo11n,fog_l2
Koeln/Koeln2/2015-04-23_13-26-00/Trafficlight_1,5,5,1.0,0,0.0,5,0.23670387268066406,yolo11n,fog_l2
Koeln/Koeln2/2015-04-23_13-26-00/Trafficlight_2,11,11,1.0,0,0.0,11,0.6478209495544434,yolo11n,fog_l2
Koeln/Koeln2/2015-04-23_13-27-52/Trafficlight_2,9,5,0.5555555555555556,0,0.0,5,2.591688871383667,yolo11n,fog_l2
Koeln/Koeln2/2015-04-23_13-27-52/Trafficlight_3,9,8,0.8888888888888888,0,0.0,8,4.529943943023682,yolo11n,fog_l2
Koeln/Koeln2/2015-04-23_13-28-56/Trafficlight_1,1,0,0.0,0,0.0,0,0.0,yolo11n,fog_l2
Koeln/Koeln2/2015-04-23_13-28-56/Trafficlight_3,1,0,0.0,0,0.0,0,0.0,yolo11n,fog_l2
Koeln/Koeln2/2015-04-23_13-29-48/Trafficlight_1,17,9,0.5294117647058824,0,0.0,6,1.708237886428833,yolo11n,fog_l2
Koeln/Koeln2/2015-04-23_13-29-48/Trafficlight_2,13,12,0.9230769230769231,0,0.0,7,2.060365915298462,yolo11n,fog_l2
Koeln/Koeln2/2015-04-23_13-29-48/Trafficlight_3,17,16,0.9411764705882353,0,0.0,15,5.173794984817505,yolo11n,fog_l2
Koeln/Koeln2/2015-04-23_13-30-07/Trafficlight_2,11,1,0.09090909090909091,0,0.0,1,0.0,yolo11n,fog_l2
Koeln/Koeln2/2015-04-23_13-30-07/Trafficlight_3,14,4,0.2857142857142857,0,0.0,3,1.1876580715179443,yolo11n,fog_l2
Koeln/Koeln2/2015-04-23_13-30-57/Trafficlight_3,10,1,0.1,0,0.0,1,0.0,yolo11n,fog_l2
Koeln/Koeln2/2015-04-23_13-30-57/Trafficlight_4,12,6,0.5,0,0.0,4,2.409276008605957,yolo11n,fog_l2
Essen/Essen2/2015-04-22_11-54-56/Trafficlight_1,16,5,0.3125,0,0.0,5,1.597592830657959,yolo12n,fog_l2
Essen/Essen2/2015-04-22_11-54-56/Trafficlight_2,12,4,0.3333333333333333,0,0.0,2,0.39777588844299316,yolo12n,fog_l2
Essen/Essen2/2015-04-22_11-55-29/Trafficlight_1,22,4,0.18181818181818182,0,0.0,3,0.7988808155059814,yolo12n,fog_l2
Essen/Essen2/2015-04-22_11-55-29/Trafficlight_2,15,0,0.0,0,0.0,0,0.0,yolo12n,fog_l2
Essen/Essen2/2015-04-22_11-55-29/Trafficlight_3,21,5,0.23809523809523808,0,0.0,2,0.40033817291259766,yolo12n,fog_l2
Essen/Essen2/2015-04-22_11-58-40/Trafficlight_1,1,0,0.0,0,0.0,0,0.0,yolo12n,fog_l2
Essen/Essen2/2015-04-22_11-58-40/Trafficlight_2,1,0,0.0,0,0.0,0,0.0,yolo12n,fog_l2
Essen/Essen2/2015-04-22_11-59-47/Trafficlight_1,14,11,0.7857142857142857,0,0.0,11,8.468425035476685,yolo12n,fog_l2
Essen/Essen2/2015-04-22_11-59-47/Trafficlight_2,18,1,0.05555555555555555,0,0.0,1,0.0,yolo12n,fog_l2
Essen/Essen2/2015-04-22_11-59-47/Trafficlight_3,21,19,0.9047619047619048,0,0.0,19,9.5329430103302,yolo12n,fog_l2
Essen/Essen2/2015-04-22_12-00-12/Trafficlight_1,12,9,0.75,0,0.0,5,1.0697369575500488,yolo12n,fog_l2
Essen/Essen2/2015-04-22_12-00-12/Trafficlight_2,12,6,0.5,0,0.0,5,1.0730500221252441,yolo12n,fog_l2
Essen/Essen2/2015-04-22_12-00-12/Trafficlight_3,18,4,0.2222222222222222,0,0.0,3,0.5344600677490234,yolo12n,fog_l2
Essen/Essen2/2015-04-22_12-00-50/Trafficlight_1,8,3,0.375,0,0.0,2,1.7320420742034912,yolo12n,fog_l2
Essen/Essen2/2015-04-22_12-00-50/Trafficlight_2,4,0,0.0,0,0.0,0,0.0,yolo12n,fog_l2
Essen/Essen2/2015-04-22_12-00-50/Trafficlight_3,7,3,0.42857142857142855,0,0.0,3,3.466460943222046,yolo12n,fog_l2
Essen/Essen2/2015-04-22_12-03-07/Trafficlight_7,1,1,1.0,0,0.0,1,0.0,yolo12n,fog_l2
Essen/Essen2/2015-04-22_12-03-07/Trafficlight_8,1,1,1.0,0,0.0,1,0.0,yolo12n,fog_l2
Essen/Essen2/2015-04-22_12-03-17/Trafficlight_1,11,11,1.0,0,0.0,11,3.3990509510040283,yolo12n,fog_l2
Essen/Essen2/2015-04-22_12-03-17/Trafficlight_2,11,3,0.2727272727272727,0,0.0,1,0.0,yolo12n,fog_l2
Essen/Essen2/2015-04-22_12-03-17/Trafficlight_3,10,1,0.1,0,0.0,1,0.0,yolo12n,fog_l2
Essen/Essen2/2015-04-22_12-03-17/Trafficlight_4,2,2,1.0,0,0.0,2,0.33318114280700684,yolo12n,fog_l2
Essen/Essen2/2015-04-22_12-04-52/Trafficlight_1,18,16,0.8888888888888888,0,0.0,9,2.8018081188201904,yolo12n,fog_l2
Essen/Essen2/2015-04-22_12-04-52/Trafficlight_5,6,6,1.0,0,0.0,6,1.664518117904663,yolo12n,fog_l2
Essen/Essen2/2015-04-22_12-07-48/Trafficlight_1,7,7,1.0,0,0.0,7,1.999337911605835,yolo12n,fog_l2
Essen/Essen2/2015-04-22_12-07-48/Trafficlight_2,7,0,0.0,0,0.0,0,0.0,yolo12n,fog_l2
Essen/Essen2/2015-04-22_12-07-48/Trafficlight_3,7,7,1.0,0,0.0,7,1.999337911605835,yolo12n,fog_l2
Essen/Essen2/2015-04-22_12-10-46/Trafficlight_2,10,0,0.0,0,0.0,0,0.0,yolo12n,fog_l2
Essen/Essen2/2015-04-22_12-10-46/Trafficlight_3,16,5,0.3125,0,0.0,4,3.0016729831695557,yolo12n,fog_l2
Essen/Essen2/2015-04-22_12-10-46/Trafficlight_1,13,6,0.46153846153846156,0,0.0,4,3.0016729831695557,yolo12n,fog_l2
Essen/Essen2/2015-04-22_12-12-38/Trafficlight_1,14,9,0.6428571428571429,0,0.0,9,3.8686540126800537,yolo12n,fog_l2
Essen/Essen2/2015-04-22_12-12-38/Trafficlight_2,16,1,0.0625,0,0.0,1,0.0,yolo12n,fog_l2
Essen/Essen2/2015-04-22_12-14-33/Trafficlight_1,5,5,1.0,0,0.0,5,1.8019039630889893,yolo12n,fog_l2
Essen/Essen2/2015-04-22_12-14-33/Trafficlight_2,4,3,0.75,0,0.0,3,1.3334009647369385,yolo12n,fog_l2
Essen/Essen2/2015-04-22_12-14-33/Trafficlight_3,5,5,1.0,0,0.0,5,1.8019039630889893,yolo12n,fog_l2
Essen/Essen2/2015-04-22_12-16-21/Trafficlight_1,16,1,0.0625,0,0.0,1,0.0,yolo12n,fog_l2
Essen/Essen2/2015-04-22_12-16-21/Trafficlight_2,12,7,0.5833333333333334,0,0.0,4,1.1986589431762695,yolo12n,fog_l2
Essen/Essen2/2015-04-22_12-17-10/Trafficlight_2,9,9,1.0,0,0.0,9,5.531995058059692,yolo12n,fog_l2
Essen/Essen2/2015-04-22_12-17-10/Trafficlight_1,17,8,0.47058823529411764,0,0.0,8,4.800240993499756,yolo12n,fog_l2
Essen/Essen2/2015-04-22_12-17-10/Trafficlight_3,13,10,0.7692307692307693,0,0.0,7,4.13326096534729,yolo12n,fog_l2
Essen/Essen3/2015-04-22_12-21-40/Trafficlight_2,20,7,0.35,0,0.0,3,0.40125393867492676,yolo12n,fog_l2
Essen/Essen3/2015-04-22_12-21-40/Trafficlight_3,1,0,0.0,0,0.0,0,0.0,yolo12n,fog_l2
Essen/Essen3/2015-04-22_12-22-11/Trafficlight_2,4,4,1.0,0,0.0,4,2.125485897064209,yolo12n,fog_l2
Essen/Essen3/2015-04-22_12-22-11/Trafficlight_3,6,0,0.0,0,0.0,0,0.0,yolo12n,fog_l2
Essen/Essen3/2015-04-22_12-22-11/Trafficlight_4,11,2,0.18181818181818182,0,0.0,2,0.7975540161132812,yolo12n,fog_l2
Essen/Essen3/2015-04-22_12-24-28/Trafficlight_1,5,5,1.0,0,0.0,5,3.932101011276245,yolo12n,fog_l2
Essen/Essen3/2015-04-22_12-24-28/Trafficlight_2,5,4,0.8,0,0.0,4,2.9311981201171875,yolo12n,fog_l2
Essen/Essen3/2015-04-22_12-24-28/Trafficlight_3,2,0,0.0,0,0.0,0,0.0,yolo12n,fog_l2
Essen/Essen3/2015-04-22_12-28-48/Trafficlight_1,20,16,0.8,0,0.0,16,8.531337022781372,yolo12n,fog_l2
Essen/Essen3/2015-04-22_12-28-48/Trafficlight_5,10,10,1.0,0,0.0,10,4.799072980880737,yolo12n,fog_l2
Essen/Essen3/2015-04-22_12-31-21/Trafficlight_4,1,1,1.0,0,0.0,1,0.0,yolo12n,fog_l2
Essen/Essen3/2015-04-22_12-31-56/Trafficlight_1,8,7,0.875,0,0.0,7,0.8002779483795166,yolo12n,fog_l2
Essen/Essen3/2015-04-22_12-31-56/Trafficlight_2,19,0,0.0,0,0.0,0,0.0,yolo12n,fog_l2
Essen/Essen3/2015-04-22_12-31-56/Trafficlight_3,9,9,1.0,0,0.0,9,10.398319005966187,yolo12n,fog_l2
Essen/Essen3/2015-04-22_12-31-56/Trafficlight_4,9,3,0.3333333333333333,0,0.0,3,2.59854793548584,yolo12n,fog_l2
Essen/Essen3/2015-04-22_12-31-56/Trafficlight_16,8,4,0.5,0,0.0,4,1.800206184387207,yolo12n,fog_l2
Essen/Essen3/2015-04-22_12-31-56/Trafficlight_17,6,0,0.0,0,0.0,0,0.0,yolo12n,fog_l2
Essen/Essen3/2015-04-22_12-31-56/Trafficlight_18,10,0,0.0,0,0.0,0,0.0,yolo12n,fog_l2
Fulda/Fulda2/2015-05-15_18-00-09/Trafficlight_1,10,1,0.1,0,0.0,1,0.0,yolo12n,fog_l2
Fulda/Fulda2/2015-05-15_18-00-09/Trafficlight_7,3,1,0.3333333333333333,0,0.0,1,0.0,yolo12n,fog_l2
Fulda/Fulda2/2015-05-15_18-00-57/Trafficlight_1,14,2,0.14285714285714285,0,0.0,2,0.5887351036071777,yolo12n,fog_l2
Fulda/Fulda2/2015-05-15_18-00-57/Trafficlight_2,10,4,0.4,0,0.0,2,0.5901889801025391,yolo12n,fog_l2
Fulda/Fulda2/2015-05-15_18-00-57/Trafficlight_3,10,5,0.5,0,0.0,3,1.1717360019683838,yolo12n,fog_l2
Fulda/Fulda2/2015-05-15_18-01-58/Trafficlight_14,3,3,1.0,0,0.0,3,1.1750850677490234,yolo12n,fog_l2
Fulda/Fulda2/2015-05-15_18-03-39/Trafficlight_5,11,5,0.45454545454545453,0,0.0,4,1.7642998695373535,yolo12n,fog_l2
Fulda/Fulda2/2015-05-15_18-03-39/Trafficlight_6,7,0,0.0,0,0.0,0,0.0,yolo12n,fog_l2
Fulda/Fulda2/2015-05-15_18-03-39/Trafficlight_7,11,3,0.2727272727272727,0,0.0,2,0.5882539749145508,yolo12n,fog_l2
Fulda/Fulda2/2015-05-15_18-04-24/Trafficlight_2,15,3,0.2,0,0.0,2,0.5902462005615234,yolo12n,fog_l2
Fulda/Fulda2/2015-05-15_18-05-38/Trafficlight_1,16,1,0.0625,0,0.0,1,0.0,yolo12n,fog_l2
Fulda/Fulda2/2015-05-15_18-05-38/Trafficlight_7,14,4,0.2857142857142857,0,0.0,3,1.176785945892334,yolo12n,fog_l2
Fulda/Fulda2/2015-05-15_18-05-38/Trafficlight_12,7,7,1.0,0,0.0,4,1.763545036315918,yolo12n,fog_l2
Fulda/Fulda2/2015-05-15_18-07-04/Trafficlight_2,7,2,0.2857142857142857,0,0.0,1,0.0,yolo12n,fog_l2
Fulda/Fulda2/2015-05-15_18-07-04/Trafficlight_3,10,10,1.0,0,0.0,10,5.294755935668945,yolo12n,fog_l2
Fulda/Fulda2/2015-05-15_18-07-04/Trafficlight_14,2,2,1.0,0,0.0,2,0.5877358913421631,yolo12n,fog_l2
Fulda/Fulda2/2015-05-15_18-07-37/Trafficlight_2,2,2,1.0,0,0.0,2,0.5985150337219238,yolo12n,fog_l2
Fulda/Fulda2/2015-05-15_18-07-37/Trafficlight_3,3,3,1.0,0,0.0,3,1.1775381565093994,yolo12n,fog_l2
Fulda/Fulda2/2015-05-15_18-08-11/Trafficlight_1,8,0,0.0,0,0.0,0,0.0,yolo12n,fog_l2
Fulda/Fulda2/2015-05-15_18-08-11/Trafficlight_2,8,0,0.0,0,0.0,0,0.0,yolo12n,fog_l2
Fulda/Fulda2/2015-05-15_18-09-21/Trafficlight_1,14,7,0.5,0,0.0,3,1.176116943359375,yolo12n,fog_l2
Fulda/Fulda2/2015-05-15_18-09-21/Trafficlight_2,5,1,0.2,0,0.0,1,0.0,yolo12n,fog_l2
Fulda/Fulda2/2015-05-15_18-11-25/Trafficlight_1,14,3,0.21428571428571427,0,0.0,1,0.0,yolo12n,fog_l2
Fulda/Fulda2/2015-05-15_18-11-25/Trafficlight_2,9,0,0.0,0,0.0,0,0.0,yolo12n,fog_l2
Fulda/Fulda2/2015-05-15_18-11-25/Trafficlight_3,12,1,0.08333333333333333,0,0.0,1,0.0,yolo12n,fog_l2
Fulda/Fulda2/2015-05-15_18-12-26/Trafficlight_12,1,1,1.0,0,0.0,1,0.0,yolo12n,fog_l2
Fulda/Fulda2/2015-05-15_18-12-26/Trafficlight_13,1,1,1.0,0,0.0,1,0.0,yolo12n,fog_l2
Fulda/Fulda2/2015-05-15_18-13-56/Trafficlight_2,3,2,0.6666666666666666,0,0.0,2,0.5888731479644775,yolo12n,fog_l2
Fulda/Fulda2/2015-05-15_18-13-56/Trafficlight_3,3,0,0.0,0,0.0,0,0.0,yolo12n,fog_l2
Fulda/Fulda2/2015-05-15_18-13-56/Trafficlight_4,4,4,1.0,0,0.0,4,1.76487398147583,yolo12n,fog_l2
Hannover/Hannover4/2015-04-20_13-51-29/Trafficlight_7,20,20,1.0,0,0.0,20,5.936743974685669,yolo12n,fog_l2
Hannover/Hannover4/2015-04-20_13-51-36/Trafficlight_4,20,20,1.0,0,0.0,20,1.467405080795288,yolo12n,fog_l2
Hannover/Hannover4/2015-04-20_13-51-36/Trafficlight_6,10,10,1.0,0,0.0,10,0.6674211025238037,yolo12n,fog_l2
Hannover/Hannover4/2015-04-20_13-51-40/Trafficlight_2,20,5,0.25,0,0.0,2,0.6015369892120361,yolo12n,fog_l2
Hannover/Hannover4/2015-04-20_13-51-40/Trafficlight_1,18,16,0.8888888888888888,0,0.0,11,7.464932203292847,yolo12n,fog_l2
Hannover/Hannover4/2015-04-20_13-51-40/Trafficlight_3,19,19,1.0,0,0.0,19,11.204802989959717,yolo12n,fog_l2
Hannover/Hannover4/2015-04-20_13-54-28/Trafficlight_2,4,0,0.0,0,0.0,0,0.0,yolo12n,fog_l2
Hannover/Hannover4/2015-04-20_13-54-28/Trafficlight_3,13,4,0.3076923076923077,0,0.0,2,1.8680229187011719,yolo12n,fog_l2
Hannover/Hannover4/2015-04-20_13-54-28/Trafficlight_7,5,5,1.0,0,0.0,5,3.7315638065338135,yolo12n,fog_l2
Hannover/Hannover4/2015-04-20_13-56-44/Trafficlight_3,12,0,0.0,0,0.0,0,0.0,yolo12n,fog_l2
Hannover/Hannover4/2015-04-20_13-56-44/Trafficlight_4,19,9,0.47368421052631576,0,0.0,9,5.733983993530273,yolo12n,fog_l2
Hannover/Hannover4/2015-04-20_13-57-56/Trafficlight_4,19,19,1.0,0,0.0,19,1.1975510120391846,yolo12n,fog_l2
Hannover/Hannover4/2015-04-20_13-58-03/Trafficlight_3,16,2,0.125,0,0.0,2,0.6641430854797363,yolo12n,fog_l2
Hannover/Hannover4/2015-04-20_13-58-03/Trafficlight_4,23,12,0.5217391304347826,0,0.0,9,5.466191053390503,yolo12n,fog_l2
Hannover/Hannover4/2015-04-20_13-59-27/Trafficlight_1,20,20,1.0,0,0.0,20,1.3349270820617676,yolo12n,fog_l2
Hannover/Hannover4/2015-04-20_14-00-12/Trafficlight_1,26,26,1.0,0,0.0,14,6.397797107696533,yolo12n,fog_l2
Hannover/Hannover4/2015-04-20_14-00-12/Trafficlight_2,29,9,0.3103448275862069,0,0.0,6,2.8634190559387207,yolo12n,fog_l2
Hannover/Hannover4/2015-04-20_14-00-12/Trafficlight_3,9,7,0.7777777777777778,0,0.0,4,1.7992451190948486,yolo12n,fog_l2
Hannover/Hannover4/2015-04-20_14-01-01/Trafficlight_2,20,0,0.0,0,0.0,0,0.0,yolo12n,fog_l2
Hannover/Hannover4/2015-04-20_14-01-01/Trafficlight_1,20,11,0.55,0,0.0,10,8.668031930923462,yolo12n,fog_l2
Hannover/Hannover4/2015-04-20_14-02-07/Trafficlight_4,20,20,1.0,0,0.0,20,5.469353914260864,yolo12n,fog_l2
Hannover/Hannover4/2015-04-20_14-02-24/Trafficlight_2,8,8,1.0,0,0.0,8,2.2011499404907227,yolo12n,fog_l2
Hannover/Hannover4/2015-04-20_14-02-24/Trafficlight_3,10,10,1.0,0,0.0,9,2.5317258834838867,yolo12n,fog_l2
Hannover/Hannover4/2015-04-20_14-02-24/Trafficlight_1,9,9,1.0,0,0.0,9,2.5317258834838867,yolo12n,fog_l2
Hannover/Hannover4/2015-04-20_14-02-24/Trafficlight_5,1,1,1.0,0,0.0,1,0.0,yolo12n,fog_l2
Hannover/Hannover4/2015-04-20_14-04-24/Trafficlight_3,6,5,0.8333333333333334,0,0.0,4,1.6685810089111328,yolo12n,fog_l2
Hannover/Hannover4/2015-04-20_14-04-24/Trafficlight_4,4,4,1.0,0,0.0,4,1.6685810089111328,yolo12n,fog_l2
Hannover/Hannover4/2015-04-20_14-04-24/Trafficlight_5,14,12,0.8571428571428571,0,0.0,10,5.067967891693115,yolo12n,fog_l2
Hannover/Hannover4/2015-04-20_14-05-57/Trafficlight_2,12,5,0.4166666666666667,0,0.0,2,0.8697729110717773,yolo12n,fog_l2
Hannover/Hannover4/2015-04-20_14-05-57/Trafficlight_1,7,7,1.0,0,0.0,7,5.333891868591309,yolo12n,fog_l2
Hannover/Hannover4/2015-04-20_14-05-57/Trafficlight_3,17,8,0.47058823529411764,1,0.058823529411764705,8,6.198163986206055,yolo12n,fog_l2
Hannover/Hannover4/2015-04-20_14-06-51/Trafficlight_2,15,2,0.13333333333333333,0,0.0,1,0.0,yolo12n,fog_l2
Hannover/Hannover4/2015-04-20_14-06-51/Trafficlight_1,18,6,0.3333333333333333,0,0.0,4,1.5995299816131592,yolo12n,fog_l2
Hannover/Hannover4/2015-04-20_14-06-51/Trafficlight_3,18,15,0.8333333333333334,0,0.0,9,4.401443958282471,yolo12n,fog_l2
Hannover/Hannover4/2015-04-20_14-08-36/Trafficlight_4,10,7,0.7,0,0.0,3,0.6699709892272949,yolo12n,fog_l2
Hannover/Hannover4/2015-04-20_14-08-36/Trafficlight_5,20,6,0.3,0,0.0,3,0.664525032043457,yolo12n,fog_l2
Hannover/Hannover4/2015-04-20_14-08-36/Trafficlight_3,9,2,0.2222222222222222,0,0.0,2,0.3324880599975586,yolo12n,fog_l2
Hannover/Hannover4/2015-04-20_14-09-52/Trafficlight_1,20,8,0.4,0,0.0,7,2.866025924682617,yolo12n,fog_l2
Hannover/Hannover4/2015-04-20_14-09-52/Trafficlight_2,20,4,0.2,0,0.0,3,0.9366679191589355,yolo12n,fog_l2
Hannover/Hannover4/2015-04-20_14-11-20/Trafficlight_1,12,11,0.9166666666666666,0,0.0,8,3.268470048904419,yolo12n,fog_l2
Hannover/Hannover4/2015-04-20_14-11-20/Trafficlight_3,3,2,0.6666666666666666,0,0.0,1,0.0,yolo12n,fog_l2
Hannover/Hannover4/2015-04-20_14-12-16/Trafficlight_4,7,7,1.0,0,0.0,7,2.398069143295288,yolo12n,fog_l2
Hannover/Hannover4/2015-04-20_14-12-16/Trafficlight_5,7,7,1.0,0,0.0,7,2.398069143295288,yolo12n,fog_l2
Hannover/Hannover4/2015-04-20_14-12-16/Trafficlight_6,20,20,1.0,0,0.0,20,7.598844051361084,yolo12n,fog_l2
Hannover/Hannover4/2015-04-20_14-16-02/Trafficlight_2,14,8,0.5714285714285714,0,0.0,5,2.470160961151123,yolo12n,fog_l2
Hannover/Hannover4/2015-04-20_14-16-02/Trafficlight_3,19,19,1.0,0,0.0,19,11.200973987579346,yolo12n,fog_l2
Hannover/Hannover4/2015-04-20_14-16-02/Trafficlight_1,8,8,1.0,0,0.0,8,4.332615852355957,yolo12n,fog_l2
Hannover/Hannover4/2015-04-20_14-17-12/Trafficlight_2,20,6,0.3,0,0.0,2,0.33080101013183594,yolo12n,fog_l2
Hannover/Hannover4/2015-04-20_14-17-12/TrafficLight_6,20,20,1.0,0,0.0,20,6.199991941452026,yolo12n,fog_l2
Hannover/Hannover4/2015-04-20_14-31-46/Trafficlight_3,4,0,0.0,0,0.0,0,0.0,yolo12n,fog_l2
Hannover/Hannover4/2015-04-20_14-31-46/Trafficlight_4,8,0,0.0,0,0.0,0,0.0,yolo12n,fog_l2
Hannover/Hannover4/2015-04-20_14-31-46/Trafficlight_2,9,5,0.5555555555555556,0,0.0,3,1.2638428211212158,yolo12n,fog_l2
Hannover/Hannover4/2015-04-20_14-32-25/Trafficlight_3,14,0,0.0,0,0.0,0,0.0,yolo12n,fog_l2
Hannover/Hannover4/2015-04-20_14-32-25/Trafficlight_4,20,7,0.35,0,0.0,7,3.332705020904541,yolo12n,fog_l2
Hannover/Hannover4/2015-04-20_14-33-38/Trafficlight_2,6,4,0.6666666666666666,0,0.0,4,0.5363099575042725,yolo12n,fog_l2
Hannover/Hannover4/2015-04-20_14-33-38/Trafficlight_3,20,11,0.55,2,0.1,8,1.2663359642028809,yolo12n,fog_l2
Koeln/Koeln2/2015-04-23_12-31-31/Trafficlight_1,2,2,1.0,0,0.0,2,0.47226786613464355,yolo12n,fog_l2
Koeln/Koeln2/2015-04-23_12-31-31/Trafficlight_2,2,2,1.0,0,0.0,2,0.47226786613464355,yolo12n,fog_l2
Koeln/Koeln2/2015-04-23_12-31-31/Trafficlight_3,2,2,1.0,0,0.0,2,0.47226786613464355,yolo12n,fog_l2
Koeln/Koeln2/2015-04-23_12-33-22/Trafficlight_19,1,1,1.0,0,0.0,1,0.0,yolo12n,fog_l2
Koeln/Koeln2/2015-04-23_12-54-40/Trafficlight_3,9,3,0.3333333333333333,0,0.0,2,0.8254489898681641,yolo12n,fog_l2
Koeln/Koeln2/2015-04-23_12-54-40/Trafficlight_4,9,6,0.6666666666666666,0,0.0,3,1.7074310779571533,yolo12n,fog_l2
Koeln/Koeln2/2015-04-23_12-55-44/Trafficlight_3,8,6,0.75,0,0.0,6,3.821012020111084,yolo12n,fog_l2
Koeln/Koeln2/2015-04-23_12-55-44/Trafficlight_1,8,4,0.5,0,0.0,4,2.2907629013061523,yolo12n,fog_l2
Koeln/Koeln2/2015-04-23_12-55-44/Trafficlight_2,7,6,0.8571428571428571,0,0.0,6,3.821012020111084,yolo12n,fog_l2
Koeln/Koeln2/2015-04-23_12-56-08/Trafficlight_2,11,1,0.09090909090909091,0,0.0,1,0.0,yolo12n,fog_l2
Koeln/Koeln2/2015-04-23_12-56-08/Trafficlight_1,20,11,0.55,0,0.0,8,6.172895908355713,yolo12n,fog_l2
Koeln/Koeln2/2015-04-23_12-56-08/Trafficlight_3,15,3,0.2,0,0.0,2,0.8821530342102051,yolo12n,fog_l2
Koeln/Koeln2/2015-04-23_12-58-12/Trafficlight_1,20,15,0.75,0,0.0,13,11.646078109741211,yolo12n,fog_l2
Koeln/Koeln2/2015-04-23_12-58-12/Trafficlight_2,20,3,0.15,0,0.0,3,1.9399011135101318,yolo12n,fog_l2
Koeln/Koeln2/2015-04-23_13-03-59/Trafficlight_2,5,5,1.0,0,0.0,5,2.116795063018799,yolo12n,fog_l2
Koeln/Koeln2/2015-04-23_13-03-59/Trafficlight_3,7,7,1.0,0,0.0,7,3.4705021381378174,yolo12n,fog_l2
Koeln/Koeln2/2015-04-23_13-05-35/Trafficlight_4,3,0,0.0,0,0.0,0,0.0,yolo12n,fog_l2
Koeln/Koeln2/2015-04-23_13-05-35/Trafficlight_5,4,4,1.0,0,0.0,4,2.763115882873535,yolo12n,fog_l2
Koeln/Koeln2/2015-04-23_13-10-19/Trafficlight_1,3,3,1.0,0,0.0,3,1.2942790985107422,yolo12n,fog_l2
Koeln/Koeln2/2015-04-23_13-10-19/Trafficlight_3,5,5,1.0,0,0.0,5,2.5852479934692383,yolo12n,fog_l2
Koeln/Koeln2/2015-04-23_13-10-19/Trafficlight_7,6,6,1.0,0,0.0,4,2.4686670303344727,yolo12n,fog_l2
Koeln/Koeln2/2015-04-23_13-10-19/Trafficlight_8,6,6,1.0,0,0.0,4,2.4686670303344727,yolo12n,fog_l2
Koeln/Koeln2/2015-04-23_13-11-46/Trafficlight_1,5,5,1.0,0,0.0,5,4.520406007766724,yolo12n,fog_l2
Koeln/Koeln2/2015-04-23_13-11-46/Trafficlight_3,7,4,0.5714285714285714,0,0.0,3,2.4709131717681885,yolo12n,fog_l2
Koeln/Koeln2/2015-04-23_13-15-36/Trafficlight_4,13,13,1.0,0,0.0,13,6.585233926773071,yolo12n,fog_l2
Koeln/Koeln2/2015-04-23_13-15-36/Trafficlight_5,2,2,1.0,0,0.0,2,0.7070450782775879,yolo12n,fog_l2
Koeln/Koeln2/2015-04-23_13-15-59/Trafficlight_4,15,0,0.0,0,0.0,0,0.0,yolo12n,fog_l2
Koeln/Koeln2/2015-04-23_13-15-59/Trafficlight_3,7,0,0.0,0,0.0,0,0.0,yolo12n,fog_l2
Koeln/Koeln2/2015-04-23_13-16-45/Trafficlight_5,2,0,0.0,0,0.0,0,0.0,yolo12n,fog_l2
Koeln/Koeln2/2015-04-23_13-18-13/Trafficlight_4,7,6,0.8571428571428571,0,0.0,5,1.4128310680389404,yolo12n,fog_l2
Koeln/Koeln2/2015-04-23_13-18-13/Trafficlight_5,12,1,0.08333333333333333,0,0.0,1,0.0,yolo12n,fog_l2
Koeln/Koeln2/2015-04-23_13-18-13/Trafficlight_6,13,3,0.23076923076923078,0,0.0,2,0.3535020351409912,yolo12n,fog_l2
Koeln/Koeln2/2015-04-23_13-18-13/Trafficlight_7,19,4,0.21052631578947367,0,0.0,4,1.0616159439086914,yolo12n,fog_l2
Koeln/Koeln2/2015-04-23_13-19-07/Trafficlight_1,12,3,0.25,0,0.0,2,1.7641019821166992,yolo12n,fog_l2
Koeln/Koeln2/2015-04-23_13-19-07/Trafficlight_2,4,2,0.5,0,0.0,1,0.0,yolo12n,fog_l2
Koeln/Koeln2/2015-04-23_13-19-07/Trafficlight_3,5,5,1.0,0,0.0,5,7.0580809116363525,yolo12n,fog_l2
Koeln/Koeln2/2015-04-23_13-19-07/Trafficlight_6,12,4,0.3333333333333333,0,0.0,1,0.0,yolo12n,fog_l2
Koeln/Koeln2/2015-04-23_13-19-07/Trafficlight_7,5,2,0.4,0,0.0,1,0.0,yolo12n,fog_l2
Koeln/Koeln2/2015-04-23_13-19-07/Trafficlight_8,6,6,1.0,0,0.0,1,0.0,yolo12n,fog_l2
Koeln/Koeln2/2015-04-23_13-22-16/Trafficlight_5,16,10,0.625,0,0.0,4,2.5315229892730713,yolo12n,fog_l2
Koeln/Koeln2/2015-04-23_13-22-16/Trafficlight_6,14,14,1.0,0,0.0,14,11.05482292175293,yolo12n,fog_l2
Koeln/Koeln2/2015-04-23_13-26-00/Trafficlight_1,5,5,1.0,0,0.0,5,0.23670387268066406,yolo12n,fog_l2
Koeln/Koeln2/2015-04-23_13-26-00/Trafficlight_2,11,11,1.0,0,0.0,11,0.6478209495544434,yolo12n,fog_l2
Koeln/Koeln2/2015-04-23_13-27-52/Trafficlight_2,9,6,0.6666666666666666,0,0.0,5,2.591688871383667,yolo12n,fog_l2
Koeln/Koeln2/2015-04-23_13-27-52/Trafficlight_3,9,9,1.0,0,0.0,9,5.17716908454895,yolo12n,fog_l2
Koeln/Koeln2/2015-04-23_13-28-56/Trafficlight_1,1,0,0.0,0,0.0,0,0.0,yolo12n,fog_l2
Koeln/Koeln2/2015-04-23_13-28-56/Trafficlight_3,1,0,0.0,0,0.0,0,0.0,yolo12n,fog_l2
Koeln/Koeln2/2015-04-23_13-29-48/Trafficlight_1,17,6,0.35294117647058826,0,0.0,6,1.708237886428833,yolo12n,fog_l2
Koeln/Koeln2/2015-04-23_13-29-48/Trafficlight_2,13,12,0.9230769230769231,0,0.0,7,2.060365915298462,yolo12n,fog_l2
Koeln/Koeln2/2015-04-23_13-29-48/Trafficlight_3,17,17,1.0,0,0.0,17,5.824321031570435,yolo12n,fog_l2
Koeln/Koeln2/2015-04-23_13-30-07/Trafficlight_2,11,3,0.2727272727272727,0,0.0,3,1.1876580715179443,yolo12n,fog_l2
Koeln/Koeln2/2015-04-23_13-30-07/Trafficlight_3,14,4,0.2857142857142857,0,0.0,3,1.1876580715179443,yolo12n,fog_l2
Koeln/Koeln2/2015-04-23_13-30-57/Trafficlight_3,10,2,0.2,0,0.0,2,0.705172061920166,yolo12n,fog_l2
Koeln/Koeln2/2015-04-23_13-30-57/Trafficlight_4,12,6,0.5,0,0.0,4,2.409276008605957,yolo12n,fog_l2
Essen/Essen2/2015-04-22_11-54-56/Trafficlight_1,16,7,0.4375,0,0.0,6,1.9992518424987793,yolov8n,fog_l3
Essen/Essen2/2015-04-22_11-54-56/Trafficlight_2,12,7,0.5833333333333334,0,0.0,6,2.0003249645233154,yolov8n,fog_l3
Essen/Essen2/2015-04-22_11-55-29/Trafficlight_1,22,18,0.8181818181818182,0,0.0,11,3.998076915740967,yolov8n,fog_l3
Essen/Essen2/2015-04-22_11-55-29/Trafficlight_2,15,2,0.13333333333333333,0,0.0,1,0.0,yolov8n,fog_l3
Essen/Essen2/2015-04-22_11-55-29/Trafficlight_3,21,15,0.7142857142857143,0,0.0,6,1.9997048377990723,yolov8n,fog_l3
Essen/Essen2/2015-04-22_11-58-40/Trafficlight_1,1,0,0.0,0,0.0,0,0.0,yolov8n,fog_l3
Essen/Essen2/2015-04-22_11-58-40/Trafficlight_2,1,0,0.0,0,0.0,0,0.0,yolov8n,fog_l3
Essen/Essen2/2015-04-22_11-59-47/Trafficlight_1,14,14,1.0,0,0.0,14,10.068872928619385,yolov8n,fog_l3
Essen/Essen2/2015-04-22_11-59-47/Trafficlight_2,18,15,0.8333333333333334,0,0.0,8,3.6669721603393555,yolov8n,fog_l3
Essen/Essen2/2015-04-22_11-59-47/Trafficlight_3,21,20,0.9523809523809523,0,0.0,20,10.068872928619385,yolov8n,fog_l3
Essen/Essen2/2015-04-22_12-00-12/Trafficlight_1,12,12,1.0,0,0.0,11,2.66969895362854,yolov8n,fog_l3
Essen/Essen2/2015-04-22_12-00-12/Trafficlight_2,12,9,0.75,0,0.0,6,1.6610400676727295,yolov8n,fog_l3
Essen/Essen2/2015-04-22_12-00-12/Trafficlight_3,18,16,0.8888888888888888,0,0.0,9,2.7340900897979736,yolov8n,fog_l3
Essen/Essen2/2015-04-22_12-00-50/Trafficlight_1,8,5,0.625,0,0.0,3,3.466460943222046,yolov8n,fog_l3
Essen/Essen2/2015-04-22_12-00-50/Trafficlight_2,4,1,0.25,0,0.0,1,0.0,yolov8n,fog_l3
Essen/Essen2/2015-04-22_12-00-50/Trafficlight_3,7,3,0.42857142857142855,0,0.0,3,3.466460943222046,yolov8n,fog_l3
Essen/Essen2/2015-04-22_12-03-07/Trafficlight_7,1,1,1.0,0,0.0,1,0.0,yolov8n,fog_l3
Essen/Essen2/2015-04-22_12-03-07/Trafficlight_8,1,1,1.0,0,0.0,1,0.0,yolov8n,fog_l3
Essen/Essen2/2015-04-22_12-03-17/Trafficlight_1,11,11,1.0,0,0.0,11,3.3990509510040283,yolov8n,fog_l3
Essen/Essen2/2015-04-22_12-03-17/Trafficlight_2,11,8,0.7272727272727273,0,0.0,7,1.9989559650421143,yolov8n,fog_l3
Essen/Essen2/2015-04-22_12-03-17/Trafficlight_3,10,5,0.5,0,0.0,4,0.9981098175048828,yolov8n,fog_l3
Essen/Essen2/2015-04-22_12-03-17/Trafficlight_4,2,2,1.0,0,0.0,2,0.33318114280700684,yolov8n,fog_l3
Essen/Essen2/2015-04-22_12-04-52/Trafficlight_1,18,14,0.7777777777777778,0,0.0,6,1.6682360172271729,yolov8n,fog_l3
Essen/Essen2/2015-04-22_12-04-52/Trafficlight_5,6,6,1.0,0,0.0,6,1.664518117904663,yolov8n,fog_l3
Essen/Essen2/2015-04-22_12-07-48/Trafficlight_1,7,7,1.0,0,0.0,7,1.999337911605835,yolov8n,fog_l3
Essen/Essen2/2015-04-22_12-07-48/Trafficlight_2,7,0,0.0,0,0.0,0,0.0,yolov8n,fog_l3
Essen/Essen2/2015-04-22_12-07-48/Trafficlight_3,7,7,1.0,0,0.0,7,1.999337911605835,yolov8n,fog_l3
Essen/Essen2/2015-04-22_12-10-46/Trafficlight_2,10,3,0.3,0,0.0,2,1.0018799304962158,yolov8n,fog_l3
Essen/Essen2/2015-04-22_12-10-46/Trafficlight_3,16,7,0.4375,0,0.0,7,6.202786922454834,yolov8n,fog_l3
Essen/Essen2/2015-04-22_12-10-46/Trafficlight_1,13,9,0.6923076923076923,0,0.0,4,3.0016729831695557,yolov8n,fog_l3
Essen/Essen2/2015-04-22_12-12-38/Trafficlight_1,14,13,0.9285714285714286,0,0.0,11,4.998569011688232,yolov8n,fog_l3
Essen/Essen2/2015-04-22_12-12-38/Trafficlight_2,16,6,0.375,0,0.0,4,1.1312670707702637,yolov8n,fog_l3
Essen/Essen2/2015-04-22_12-14-33/Trafficlight_1,5,5,1.0,0,0.0,5,1.8019039630889893,yolov8n,fog_l3
Essen/Essen2/2015-04-22_12-14-33/Trafficlight_2,4,4,1.0,0,0.0,4,1.8019039630889893,yolov8n,fog_l3
Essen/Essen2/2015-04-22_12-14-33/Trafficlight_3,5,5,1.0,0,0.0,5,1.8019039630889893,yolov8n,fog_l3
Essen/Essen2/2015-04-22_12-16-21/Trafficlight_1,16,2,0.125,0,0.0,1,0.0,yolov8n,fog_l3
Essen/Essen2/2015-04-22_12-16-21/Trafficlight_2,12,9,0.75,0,0.0,8,2.7990009784698486,yolov8n,fog_l3
Essen/Essen2/2015-04-22_12-17-10/Trafficlight_2,9,9,1.0,0,0.0,9,5.531995058059692,yolov8n,fog_l3
Essen/Essen2/2015-04-22_12-17-10/Trafficlight_1,17,9,0.5294117647058824,0,0.0,9,5.531995058059692,yolov8n,fog_l3
Essen/Essen2/2015-04-22_12-17-10/Trafficlight_3,13,13,1.0,0,0.0,13,8.866031885147095,yolov8n,fog_l3
Essen/Essen3/2015-04-22_12-21-40/Trafficlight_2,20,12,0.6,0,0.0,12,2.201457977294922,yolov8n,fog_l3
Essen/Essen3/2015-04-22_12-21-40/Trafficlight_3,1,0,0.0,0,0.0,0,0.0,yolov8n,fog_l3
Essen/Essen3/2015-04-22_12-22-11/Trafficlight_2,4,4,1.0,0,0.0,4,2.125485897064209,yolov8n,fog_l3
Essen/Essen3/2015-04-22_12-22-11/Trafficlight_3,6,2,0.3333333333333333,0,0.0,2,0.7975540161132812,yolov8n,fog_l3
Essen/Essen3/2015-04-22_12-22-11/Trafficlight_4,11,7,0.6363636363636364,0,0.0,6,3.45933198928833,yolov8n,fog_l3
Essen/Essen3/2015-04-22_12-24-28/Trafficlight_1,5,5,1.0,0,0.0,5,3.932101011276245,yolov8n,fog_l3
Essen/Essen3/2015-04-22_12-24-28/Trafficlight_2,5,4,0.8,0,0.0,4,2.9311981201171875,yolov8n,fog_l3
Essen/Essen3/2015-04-22_12-24-28/Trafficlight_3,2,2,1.0,0,0.0,2,1.0009028911590576,yolov8n,fog_l3
Essen/Essen3/2015-04-22_12-28-48/Trafficlight_1,20,16,0.8,0,0.0,9,4.2678139209747314,yolov8n,fog_l3
Essen/Essen3/2015-04-22_12-28-48/Trafficlight_5,10,10,1.0,0,0.0,10,4.799072980880737,yolov8n,fog_l3
Essen/Essen3/2015-04-22_12-31-21/Trafficlight_4,1,1,1.0,0,0.0,1,0.0,yolov8n,fog_l3
Essen/Essen3/2015-04-22_12-31-56/Trafficlight_1,8,7,0.875,0,0.0,7,0.8002779483795166,yolov8n,fog_l3
Essen/Essen3/2015-04-22_12-31-56/Trafficlight_2,19,1,0.05263157894736842,0,0.0,1,0.0,yolov8n,fog_l3
Essen/Essen3/2015-04-22_12-31-56/Trafficlight_3,9,8,0.8888888888888888,0,0.0,6,6.46475887298584,yolov8n,fog_l3
Essen/Essen3/2015-04-22_12-31-56/Trafficlight_4,9,3,0.3333333333333333,0,0.0,3,2.59854793548584,yolov8n,fog_l3
Essen/Essen3/2015-04-22_12-31-56/Trafficlight_16,8,6,0.75,0,0.0,6,3.0005571842193604,yolov8n,fog_l3
Essen/Essen3/2015-04-22_12-31-56/Trafficlight_17,6,1,0.16666666666666666,0,0.0,1,0.0,yolov8n,fog_l3
Essen/Essen3/2015-04-22_12-31-56/Trafficlight_18,10,2,0.2,0,0.0,2,0.6007170677185059,yolov8n,fog_l3
Fulda/Fulda2/2015-05-15_18-00-09/Trafficlight_1,10,6,0.6,0,0.0,3,1.177671194076538,yolov8n,fog_l3
Fulda/Fulda2/2015-05-15_18-00-09/Trafficlight_7,3,1,0.3333333333333333,0,0.0,1,0.0,yolov8n,fog_l3
Fulda/Fulda2/2015-05-15_18-00-57/Trafficlight_1,14,8,0.5714285714285714,0,0.0,4,1.764272928237915,yolov8n,fog_l3
Fulda/Fulda2/2015-05-15_18-00-57/Trafficlight_2,10,10,1.0,0,0.0,10,5.2941648960113525,yolov8n,fog_l3
Fulda/Fulda2/2015-05-15_18-00-57/Trafficlight_3,10,10,1.0,0,0.0,10,5.290283918380737,yolov8n,fog_l3
Fulda/Fulda2/2015-05-15_18-01-58/Trafficlight_14,3,3,1.0,0,0.0,3,1.1750850677490234,yolov8n,fog_l3
Fulda/Fulda2/2015-05-15_18-03-39/Trafficlight_5,11,6,0.5454545454545454,0,0.0,2,0.5882539749145508,yolov8n,fog_l3
Fulda/Fulda2/2015-05-15_18-03-39/Trafficlight_6,7,0,0.0,0,0.0,0,0.0,yolov8n,fog_l3
Fulda/Fulda2/2015-05-15_18-03-39/Trafficlight_7,11,7,0.6363636363636364,0,0.0,5,2.3544859886169434,yolov8n,fog_l3
Fulda/Fulda2/2015-05-15_18-04-24/Trafficlight_2,15,6,0.4,0,0.0,6,2.943601131439209,yolov8n,fog_l3
Fulda/Fulda2/2015-05-15_18-05-38/Trafficlight_1,16,5,0.3125,0,0.0,2,0.594959020614624,yolov8n,fog_l3
Fulda/Fulda2/2015-05-15_18-05-38/Trafficlight_7,14,7,0.5,0,0.0,4,1.7646582126617432,yolov8n,fog_l3
Fulda/Fulda2/2015-05-15_18-05-38/Trafficlight_12,7,7,1.0,0,0.0,4,1.763545036315918,yolov8n,fog_l3
Fulda/Fulda2/2015-05-15_18-07-04/Trafficlight_2,7,4,0.5714285714285714,0,0.0,2,0.5877358913421631,yolov8n,fog_l3
Fulda/Fulda2/2015-05-15_18-07-04/Trafficlight_3,10,10,1.0,0,0.0,10,5.294755935668945,yolov8n,fog_l3
Fulda/Fulda2/2015-05-15_18-07-04/Trafficlight_14,2,2,1.0,0,0.0,2,0.5877358913421631,yolov8n,fog_l3
Fulda/Fulda2/2015-05-15_18-07-37/Trafficlight_2,2,2,1.0,0,0.0,2,0.5985150337219238,yolov8n,fog_l3
Fulda/Fulda2/2015-05-15_18-07-37/Trafficlight_3,3,3,1.0,0,0.0,3,1.1775381565093994,yolov8n,fog_l3
Fulda/Fulda2/2015-05-15_18-08-11/Trafficlight_1,8,1,0.125,0,0.0,1,0.0,yolov8n,fog_l3
Fulda/Fulda2/2015-05-15_18-08-11/Trafficlight_2,8,0,0.0,0,0.0,0,0.0,yolov8n,fog_l3
Fulda/Fulda2/2015-05-15_18-09-21/Trafficlight_1,14,11,0.7857142857142857,0,0.0,7,3.532902956008911,yolov8n,fog_l3
Fulda/Fulda2/2015-05-15_18-09-21/Trafficlight_2,5,1,0.2,0,0.0,1,0.0,yolov8n,fog_l3
Fulda/Fulda2/2015-05-15_18-11-25/Trafficlight_1,14,5,0.35714285714285715,0,0.0,3,1.1752421855926514,yolov8n,fog_l3
Fulda/Fulda2/2015-05-15_18-11-25/Trafficlight_2,9,0,0.0,0,0.0,0,0.0,yolov8n,fog_l3
Fulda/Fulda2/2015-05-15_18-11-25/Trafficlight_3,12,8,0.6666666666666666,0,0.0,5,2.3532800674438477,yolov8n,fog_l3
Fulda/Fulda2/2015-05-15_18-12-26/Trafficlight_12,1,1,1.0,0,0.0,1,0.0,yolov8n,fog_l3
Fulda/Fulda2/2015-05-15_18-12-26/Trafficlight_13,1,1,1.0,0,0.0,1,0.0,yolov8n,fog_l3
Fulda/Fulda2/2015-05-15_18-13-56/Trafficlight_2,3,1,0.3333333333333333,0,0.0,1,0.0,yolov8n,fog_l3
Fulda/Fulda2/2015-05-15_18-13-56/Trafficlight_3,3,0,0.0,0,0.0,0,0.0,yolov8n,fog_l3
Fulda/Fulda2/2015-05-15_18-13-56/Trafficlight_4,4,4,1.0,0,0.0,4,1.76487398147583,yolov8n,fog_l3
Hannover/Hannover4/2015-04-20_13-51-29/Trafficlight_7,20,20,1.0,0,0.0,20,5.936743974685669,yolov8n,fog_l3
Hannover/Hannover4/2015-04-20_13-51-36/Trafficlight_4,20,20,1.0,0,0.0,20,1.467405080795288,yolov8n,fog_l3
Hannover/Hannover4/2015-04-20_13-51-36/Trafficlight_6,10,10,1.0,0,0.0,10,0.6674211025238037,yolov8n,fog_l3
Hannover/Hannover4/2015-04-20_13-51-40/Trafficlight_2,20,14,0.7,0,0.0,9,4.930732011795044,yolov8n,fog_l3
Hannover/Hannover4/2015-04-20_13-51-40/Trafficlight_1,18,18,1.0,0,0.0,18,11.801587104797363,yolov8n,fog_l3
Hannover/Hannover4/2015-04-20_13-51-40/Trafficlight_3,19,19,1.0,0,0.0,19,11.204802989959717,yolov8n,fog_l3
Hannover/Hannover4/2015-04-20_13-54-28/Trafficlight_2,4,0,0.0,0,0.0,0,0.0,yolov8n,fog_l3
Hannover/Hannover4/2015-04-20_13-54-28/Trafficlight_3,13,7,0.5384615384615384,0,0.0,2,1.8680229187011719,yolov8n,fog_l3
Hannover/Hannover4/2015-04-20_13-54-28/Trafficlight_7,5,5,1.0,0,0.0,5,3.7315638065338135,yolov8n,fog_l3
Hannover/Hannover4/2015-04-20_13-56-44/Trafficlight_3,12,2,0.16666666666666666,0,0.0,2,0.6693699359893799,yolov8n,fog_l3
Hannover/Hannover4/2015-04-20_13-56-44/Trafficlight_4,19,16,0.8421052631578947,0,0.0,9,5.733983993530273,yolov8n,fog_l3
Hannover/Hannover4/2015-04-20_13-57-56/Trafficlight_4,19,19,1.0,0,0.0,19,1.1975510120391846,yolov8n,fog_l3
Hannover/Hannover4/2015-04-20_13-58-03/Trafficlight_3,16,8,0.5,0,0.0,8,4.800351142883301,yolov8n,fog_l3
Hannover/Hannover4/2015-04-20_13-58-03/Trafficlight_4,23,22,0.9565217391304348,0,0.0,15,9.663145065307617,yolov8n,fog_l3
Hannover/Hannover4/2015-04-20_13-59-27/Trafficlight_1,20,20,1.0,0,0.0,20,1.3349270820617676,yolov8n,fog_l3
Hannover/Hannover4/2015-04-20_14-00-12/Trafficlight_1,26,26,1.0,0,0.0,14,6.397797107696533,yolov8n,fog_l3
Hannover/Hannover4/2015-04-20_14-00-12/Trafficlight_2,29,16,0.5517241379310345,0,0.0,10,5.196062088012695,yolov8n,fog_l3
Hannover/Hannover4/2015-04-20_14-00-12/Trafficlight_3,9,9,1.0,0,0.0,9,4.66677713394165,yolov8n,fog_l3
Hannover/Hannover4/2015-04-20_14-01-01/Trafficlight_2,20,1,0.05,0,0.0,1,0.0,yolov8n,fog_l3
Hannover/Hannover4/2015-04-20_14-01-01/Trafficlight_1,20,12,0.6,0,0.0,10,8.668031930923462,yolov8n,fog_l3
Hannover/Hannover4/2015-04-20_14-02-07/Trafficlight_4,20,20,1.0,0,0.0,20,5.469353914260864,yolov8n,fog_l3
Hannover/Hannover4/2015-04-20_14-02-24/Trafficlight_2,8,8,1.0,0,0.0,8,2.2011499404907227,yolov8n,fog_l3
Hannover/Hannover4/2015-04-20_14-02-24/Trafficlight_3,10,10,1.0,0,0.0,9,2.5317258834838867,yolov8n,fog_l3
Hannover/Hannover4/2015-04-20_14-02-24/Trafficlight_1,9,9,1.0,0,0.0,9,2.5317258834838867,yolov8n,fog_l3
Hannover/Hannover4/2015-04-20_14-02-24/Trafficlight_5,1,1,1.0,0,0.0,1,0.0,yolov8n,fog_l3
Hannover/Hannover4/2015-04-20_14-04-24/Trafficlight_3,6,5,0.8333333333333334,0,0.0,4,1.6685810089111328,yolov8n,fog_l3
Hannover/Hannover4/2015-04-20_14-04-24/Trafficlight_4,4,4,1.0,0,0.0,4,1.6685810089111328,yolov8n,fog_l3
Hannover/Hannover4/2015-04-20_14-04-24/Trafficlight_5,14,14,1.0,0,0.0,10,5.067967891693115,yolov8n,fog_l3
Hannover/Hannover4/2015-04-20_14-05-57/Trafficlight_2,12,5,0.4166666666666667,0,0.0,2,0.8697729110717773,yolov8n,fog_l3
Hannover/Hannover4/2015-04-20_14-05-57/Trafficlight_1,7,7,1.0,0,0.0,7,5.333891868591309,yolov8n,fog_l3
Hannover/Hannover4/2015-04-20_14-05-57/Trafficlight_3,17,11,0.6470588235294118,0,0.0,9,7.063100099563599,yolov8n,fog_l3
Hannover/Hannover4/2015-04-20_14-06-51/Trafficlight_2,15,10,0.6666666666666666,0,0.0,7,3.2667808532714844,yolov8n,fog_l3
Hannover/Hannover4/2015-04-20_14-06-51/Trafficlight_1,18,18,1.0,0,0.0,18,9.332195043563843,yolov8n,fog_l3
Hannover/Hannover4/2015-04-20_14-06-51/Trafficlight_3,18,18,1.0,0,0.0,18,9.332195043563843,yolov8n,fog_l3
Hannover/Hannover4/2015-04-20_14-08-36/Trafficlight_4,10,9,0.9,0,0.0,5,1.3329050540924072,yolov8n,fog_l3
Hannover/Hannover4/2015-04-20_14-08-36/Trafficlight_5,20,16,0.8,0,0.0,9,2.7318718433380127,yolov8n,fog_l3
Hannover/Hannover4/2015-04-20_14-08-36/Trafficlight_3,9,1,0.1111111111111111,0,0.0,1,0.0,yolov8n,fog_l3
Hannover/Hannover4/2015-04-20_14-09-52/Trafficlight_1,20,8,0.4,0,0.0,8,3.3325178623199463,yolov8n,fog_l3
Hannover/Hannover4/2015-04-20_14-09-52/Trafficlight_2,20,8,0.4,0,0.0,8,3.3325178623199463,yolov8n,fog_l3
Hannover/Hannover4/2015-04-20_14-11-20/Trafficlight_1,12,11,0.9166666666666666,0,0.0,6,2.3361079692840576,yolov8n,fog_l3
Hannover/Hannover4/2015-04-20_14-11-20/Trafficlight_3,3,2,0.6666666666666666,0,0.0,1,0.0,yolov8n,fog_l3
Hannover/Hannover4/2015-04-20_14-12-16/Trafficlight_4,7,7,1.0,0,0.0,7,2.398069143295288,yolov8n,fog_l3
Hannover/Hannover4/2015-04-20_14-12-16/Trafficlight_5,7,7,1.0,0,0.0,7,2.398069143295288,yolov8n,fog_l3
Hannover/Hannover4/2015-04-20_14-12-16/Trafficlight_6,20,20,1.0,0,0.0,20,7.598844051361084,yolov8n,fog_l3
Hannover/Hannover4/2015-04-20_14-16-02/Trafficlight_2,14,10,0.7142857142857143,0,0.0,5,2.470160961151123,yolov8n,fog_l3
Hannover/Hannover4/2015-04-20_14-16-02/Trafficlight_3,19,19,1.0,0,0.0,19,11.200973987579346,yolov8n,fog_l3
Hannover/Hannover4/2015-04-20_14-16-02/Trafficlight_1,8,8,1.0,0,0.0,8,4.332615852355957,yolov8n,fog_l3
Hannover/Hannover4/2015-04-20_14-17-12/Trafficlight_2,20,17,0.85,0,0.0,13,3.8710718154907227,yolov8n,fog_l3
Hannover/Hannover4/2015-04-20_14-17-12/TrafficLight_6,20,20,1.0,0,0.0,20,6.199991941452026,yolov8n,fog_l3
Hannover/Hannover4/2015-04-20_14-31-46/Trafficlight_3,4,0,0.0,0,0.0,0,0.0,yolov8n,fog_l3
Hannover/Hannover4/2015-04-20_14-31-46/Trafficlight_4,8,5,0.625,0,0.0,2,0.6659159660339355,yolov8n,fog_l3
Hannover/Hannover4/2015-04-20_14-31-46/Trafficlight_2,9,3,0.3333333333333333,0,0.0,2,0.6659159660339355,yolov8n,fog_l3
Hannover/Hannover4/2015-04-20_14-32-25/Trafficlight_3,14,0,0.0,0,0.0,0,0.0,yolov8n,fog_l3
Hannover/Hannover4/2015-04-20_14-32-25/Trafficlight_4,20,15,0.75,0,0.0,14,7.199410915374756,yolov8n,fog_l3
Hannover/Hannover4/2015-04-20_14-33-38/Trafficlight_2,6,3,0.5,0,0.0,3,0.33611202239990234,yolov8n,fog_l3
Hannover/Hannover4/2015-04-20_14-33-38/Trafficlight_3,20,20,1.0,0,0.0,20,3.469114065170288,yolov8n,fog_l3
Koeln/Koeln2/2015-04-23_12-31-31/Trafficlight_1,2,2,1.0,0,0.0,2,0.47226786613464355,yolov8n,fog_l3
Koeln/Koeln2/2015-04-23_12-31-31/Trafficlight_2,2,2,1.0,0,0.0,2,0.47226786613464355,yolov8n,fog_l3
Koeln/Koeln2/2015-04-23_12-31-31/Trafficlight_3,2,2,1.0,0,0.0,2,0.47226786613464355,yolov8n,fog_l3
Koeln/Koeln2/2015-04-23_12-33-22/Trafficlight_19,1,1,1.0,0,0.0,1,0.0,yolov8n,fog_l3
Koeln/Koeln2/2015-04-23_12-54-40/Trafficlight_3,9,6,0.6666666666666666,0,0.0,5,3.411067008972168,yolov8n,fog_l3
Koeln/Koeln2/2015-04-23_12-54-40/Trafficlight_4,9,5,0.5555555555555556,4,0.4444444444444444,5,3.411067008972168,yolov8n,fog_l3
Koeln/Koeln2/2015-04-23_12-55-44/Trafficlight_3,8,7,0.875,0,0.0,7,4.584281921386719,yolov8n,fog_l3
Koeln/Koeln2/2015-04-23_12-55-44/Trafficlight_1,8,5,0.625,0,0.0,4,2.2907629013061523,yolov8n,fog_l3
Koeln/Koeln2/2015-04-23_12-55-44/Trafficlight_2,7,7,1.0,0,0.0,7,4.584281921386719,yolov8n,fog_l3
Koeln/Koeln2/2015-04-23_12-56-08/Trafficlight_2,11,2,0.18181818181818182,0,0.0,1,0.0,yolov8n,fog_l3
Koeln/Koeln2/2015-04-23_12-56-08/Trafficlight_1,20,17,0.85,0,0.0,11,8.818592071533203,yolov8n,fog_l3
Koeln/Koeln2/2015-04-23_12-56-08/Trafficlight_3,15,5,0.3333333333333333,0,0.0,4,2.6485061645507812,yolov8n,fog_l3
Koeln/Koeln2/2015-04-23_12-58-12/Trafficlight_1,20,20,1.0,0,0.0,20,18.408507108688354,yolov8n,fog_l3
Koeln/Koeln2/2015-04-23_12-58-12/Trafficlight_2,20,6,0.3,0,0.0,3,1.9399011135101318,yolov8n,fog_l3
Koeln/Koeln2/2015-04-23_13-03-59/Trafficlight_2,5,5,1.0,0,0.0,5,2.116795063018799,yolov8n,fog_l3
Koeln/Koeln2/2015-04-23_13-03-59/Trafficlight_3,7,7,1.0,0,0.0,7,3.4705021381378174,yolov8n,fog_l3
Koeln/Koeln2/2015-04-23_13-05-35/Trafficlight_4,3,0,0.0,0,0.0,0,0.0,yolov8n,fog_l3
Koeln/Koeln2/2015-04-23_13-05-35/Trafficlight_5,4,4,1.0,0,0.0,4,2.763115882873535,yolov8n,fog_l3
Koeln/Koeln2/2015-04-23_13-10-19/Trafficlight_1,3,3,1.0,0,0.0,3,1.2942790985107422,yolov8n,fog_l3
Koeln/Koeln2/2015-04-23_13-10-19/Trafficlight_3,5,5,1.0,0,0.0,5,2.5852479934692383,yolov8n,fog_l3
Koeln/Koeln2/2015-04-23_13-10-19/Trafficlight_7,6,6,1.0,0,0.0,4,2.4686670303344727,yolov8n,fog_l3
Koeln/Koeln2/2015-04-23_13-10-19/Trafficlight_8,6,6,1.0,0,0.0,4,2.4686670303344727,yolov8n,fog_l3
Koeln/Koeln2/2015-04-23_13-11-46/Trafficlight_1,5,5,1.0,0,0.0,5,4.520406007766724,yolov8n,fog_l3
Koeln/Koeln2/2015-04-23_13-11-46/Trafficlight_3,7,6,0.8571428571428571,0,0.0,4,3.588679075241089,yolov8n,fog_l3
Koeln/Koeln2/2015-04-23_13-15-36/Trafficlight_4,13,13,1.0,0,0.0,13,6.585233926773071,yolov8n,fog_l3
Koeln/Koeln2/2015-04-23_13-15-36/Trafficlight_5,2,2,1.0,0,0.0,2,0.7070450782775879,yolov8n,fog_l3
Koeln/Koeln2/2015-04-23_13-15-59/Trafficlight_4,15,2,0.13333333333333333,0,0.0,2,1.0757648944854736,yolov8n,fog_l3
Koeln/Koeln2/2015-04-23_13-15-59/Trafficlight_3,7,2,0.2857142857142857,0,0.0,2,1.0757648944854736,yolov8n,fog_l3
Koeln/Koeln2/2015-04-23_13-16-45/Trafficlight_5,2,1,0.5,0,0.0,1,0.0,yolov8n,fog_l3
Koeln/Koeln2/2015-04-23_13-18-13/Trafficlight_4,7,7,1.0,0,0.0,5,1.4128310680389404,yolov8n,fog_l3
Koeln/Koeln2/2015-04-23_13-18-13/Trafficlight_5,12,11,0.9166666666666666,0,0.0,11,3.5314440727233887,yolov8n,fog_l3
Koeln/Koeln2/2015-04-23_13-18-13/Trafficlight_6,13,13,1.0,0,0.0,13,4.237360000610352,yolov8n,fog_l3
Koeln/Koeln2/2015-04-23_13-18-13/Trafficlight_7,19,7,0.3684210526315789,0,0.0,6,1.7687830924987793,yolov8n,fog_l3
Koeln/Koeln2/2015-04-23_13-19-07/Trafficlight_1,12,4,0.3333333333333333,0,0.0,4,5.292745113372803,yolov8n,fog_l3
Koeln/Koeln2/2015-04-23_13-19-07/Trafficlight_2,4,2,0.5,0,0.0,1,0.0,yolov8n,fog_l3
Koeln/Koeln2/2015-04-23_13-19-07/Trafficlight_3,5,5,1.0,0,0.0,5,7.0580809116363525,yolov8n,fog_l3
Koeln/Koeln2/2015-04-23_13-19-07/Trafficlight_6,12,5,0.4166666666666667,0,0.0,1,0.0,yolov8n,fog_l3
Koeln/Koeln2/2015-04-23_13-19-07/Trafficlight_7,5,5,1.0,0,0.0,1,0.0,yolov8n,fog_l3
Koeln/Koeln2/2015-04-23_13-19-07/Trafficlight_8,6,6,1.0,0,0.0,1,0.0,yolov8n,fog_l3
Koeln/Koeln2/2015-04-23_13-22-16/Trafficlight_5,16,13,0.8125,0,0.0,6,4.23308801651001,yolov8n,fog_l3
Koeln/Koeln2/2015-04-23_13-22-16/Trafficlight_6,14,14,1.0,0,0.0,14,11.05482292175293,yolov8n,fog_l3
Koeln/Koeln2/2015-04-23_13-26-00/Trafficlight_1,5,5,1.0,0,0.0,5,0.23670387268066406,yolov8n,fog_l3
Koeln/Koeln2/2015-04-23_13-26-00/Trafficlight_2,11,11,1.0,0,0.0,11,0.6478209495544434,yolov8n,fog_l3
Koeln/Koeln2/2015-04-23_13-27-52/Trafficlight_2,9,8,0.8888888888888888,0,0.0,8,4.529943943023682,yolov8n,fog_l3
Koeln/Koeln2/2015-04-23_13-27-52/Trafficlight_3,9,9,1.0,0,0.0,9,5.17716908454895,yolov8n,fog_l3
Koeln/Koeln2/2015-04-23_13-28-56/Trafficlight_1,1,1,1.0,0,0.0,1,0.0,yolov8n,fog_l3
Koeln/Koeln2/2015-04-23_13-28-56/Trafficlight_3,1,1,1.0,0,0.0,1,0.0,yolov8n,fog_l3
Koeln/Koeln2/2015-04-23_13-29-48/Trafficlight_1,17,12,0.7058823529411765,0,0.0,11,3.5867459774017334,yolov8n,fog_l3
Koeln/Koeln2/2015-04-23_13-29-48/Trafficlight_2,13,13,1.0,0,0.0,13,4.294061899185181,yolov8n,fog_l3
Koeln/Koeln2/2015-04-23_13-29-48/Trafficlight_3,17,17,1.0,0,0.0,17,5.824321031570435,yolov8n,fog_l3
Koeln/Koeln2/2015-04-23_13-30-07/Trafficlight_2,11,5,0.45454545454545453,0,0.0,5,2.3578438758850098,yolov8n,fog_l3
Koeln/Koeln2/2015-04-23_13-30-07/Trafficlight_3,14,6,0.42857142857142855,0,0.0,5,2.3578438758850098,yolov8n,fog_l3
Koeln/Koeln2/2015-04-23_13-30-57/Trafficlight_3,10,4,0.4,0,0.0,4,2.235006093978882,yolov8n,fog_l3
Koeln/Koeln2/2015-04-23_13-30-57/Trafficlight_4,12,7,0.5833333333333334,0,0.0,4,2.409276008605957,yolov8n,fog_l3
Essen/Essen2/2015-04-22_11-54-56/Trafficlight_1,16,7,0.4375,0,0.0,7,2.4002068042755127,yolo11n,fog_l3
Essen/Essen2/2015-04-22_11-54-56/Trafficlight_2,12,11,0.9166666666666666,0,0.0,9,3.198441982269287,yolo11n,fog_l3
Essen/Essen2/2015-04-22_11-55-29/Trafficlight_1,22,13,0.5909090909090909,0,0.0,5,1.6002280712127686,yolo11n,fog_l3
Essen/Essen2/2015-04-22_11-55-29/Trafficlight_2,15,0,0.0,0,0.0,0,0.0,yolo11n,fog_l3
Essen/Essen2/2015-04-22_11-55-29/Trafficlight_3,21,11,0.5238095238095238,0,0.0,4,1.1992061138153076,yolo11n,fog_l3
Essen/Essen2/2015-04-22_11-58-40/Trafficlight_1,1,0,0.0,0,0.0,0,0.0,yolo11n,fog_l3
Essen/Essen2/2015-04-22_11-58-40/Trafficlight_2,1,0,0.0,0,0.0,0,0.0,yolo11n,fog_l3
Essen/Essen2/2015-04-22_11-59-47/Trafficlight_1,14,12,0.8571428571428571,0,0.0,12,9.000826835632324,yolo11n,fog_l3
Essen/Essen2/2015-04-22_11-59-47/Trafficlight_2,18,2,0.1111111111111111,0,0.0,1,0.0,yolo11n,fog_l3
Essen/Essen2/2015-04-22_11-59-47/Trafficlight_3,21,19,0.9047619047619048,0,0.0,19,9.5329430103302,yolo11n,fog_l3
Essen/Essen2/2015-04-22_12-00-12/Trafficlight_1,12,10,0.8333333333333334,0,0.0,6,1.3357319831848145,yolo11n,fog_l3
Essen/Essen2/2015-04-22_12-00-12/Trafficlight_2,12,5,0.4166666666666667,0,0.0,5,1.0677738189697266,yolo11n,fog_l3
Essen/Essen2/2015-04-22_12-00-12/Trafficlight_3,18,6,0.3333333333333333,0,0.0,5,1.6662421226501465,yolo11n,fog_l3
Essen/Essen2/2015-04-22_12-00-50/Trafficlight_1,8,4,0.5,0,0.0,2,1.73030686378479,yolo11n,fog_l3
Essen/Essen2/2015-04-22_12-00-50/Trafficlight_2,4,0,0.0,0,0.0,0,0.0,yolo11n,fog_l3
Essen/Essen2/2015-04-22_12-00-50/Trafficlight_3,7,2,0.2857142857142857,0,0.0,2,1.73030686378479,yolo11n,fog_l3
Essen/Essen2/2015-04-22_12-03-07/Trafficlight_7,1,1,1.0,0,0.0,1,0.0,yolo11n,fog_l3
Essen/Essen2/2015-04-22_12-03-07/Trafficlight_8,1,1,1.0,0,0.0,1,0.0,yolo11n,fog_l3
Essen/Essen2/2015-04-22_12-03-17/Trafficlight_1,11,11,1.0,0,0.0,11,3.3990509510040283,yolo11n,fog_l3
Essen/Essen2/2015-04-22_12-03-17/Trafficlight_2,11,2,0.18181818181818182,0,0.0,1,0.0,yolo11n,fog_l3
Essen/Essen2/2015-04-22_12-03-17/Trafficlight_3,10,1,0.1,0,0.0,1,0.0,yolo11n,fog_l3
Essen/Essen2/2015-04-22_12-03-17/Trafficlight_4,2,2,1.0,0,0.0,2,0.33318114280700684,yolo11n,fog_l3
Essen/Essen2/2015-04-22_12-04-52/Trafficlight_1,18,10,0.5555555555555556,0,0.0,9,2.8018081188201904,yolo11n,fog_l3
Essen/Essen2/2015-04-22_12-04-52/Trafficlight_5,6,6,1.0,0,0.0,6,1.664518117904663,yolo11n,fog_l3
Essen/Essen2/2015-04-22_12-07-48/Trafficlight_1,7,7,1.0,0,0.0,7,1.999337911605835,yolo11n,fog_l3
Essen/Essen2/2015-04-22_12-07-48/Trafficlight_2,7,0,0.0,0,0.0,0,0.0,yolo11n,fog_l3
Essen/Essen2/2015-04-22_12-07-48/Trafficlight_3,7,7,1.0,0,0.0,7,1.999337911605835,yolo11n,fog_l3
Essen/Essen2/2015-04-22_12-10-46/Trafficlight_2,10,2,0.2,0,0.0,1,0.0,yolo11n,fog_l3
Essen/Essen2/2015-04-22_12-10-46/Trafficlight_3,16,7,0.4375,0,0.0,6,5.135143995285034,yolo11n,fog_l3
Essen/Essen2/2015-04-22_12-10-46/Trafficlight_1,13,9,0.6923076923076923,0,0.0,4,3.0016729831695557,yolo11n,fog_l3
Essen/Essen2/2015-04-22_12-12-38/Trafficlight_1,14,10,0.7142857142857143,0,0.0,9,3.8686540126800537,yolo11n,fog_l3
Essen/Essen2/2015-04-22_12-12-38/Trafficlight_2,16,1,0.0625,0,0.0,1,0.0,yolo11n,fog_l3
Essen/Essen2/2015-04-22_12-14-33/Trafficlight_1,5,5,1.0,0,0.0,5,1.8019039630889893,yolo11n,fog_l3
Essen/Essen2/2015-04-22_12-14-33/Trafficlight_2,4,0,0.0,0,0.0,0,0.0,yolo11n,fog_l3
Essen/Essen2/2015-04-22_12-14-33/Trafficlight_3,5,5,1.0,0,0.0,5,1.8019039630889893,yolo11n,fog_l3
Essen/Essen2/2015-04-22_12-16-21/Trafficlight_1,16,2,0.125,0,0.0,1,0.0,yolo11n,fog_l3
Essen/Essen2/2015-04-22_12-16-21/Trafficlight_2,12,7,0.5833333333333334,0,0.0,5,1.6006009578704834,yolo11n,fog_l3
Essen/Essen2/2015-04-22_12-17-10/Trafficlight_2,9,9,1.0,0,0.0,9,5.531995058059692,yolo11n,fog_l3
Essen/Essen2/2015-04-22_12-17-10/Trafficlight_1,17,9,0.5294117647058824,0,0.0,9,5.531995058059692,yolo11n,fog_l3
Essen/Essen2/2015-04-22_12-17-10/Trafficlight_3,13,13,1.0,0,0.0,13,8.866031885147095,yolo11n,fog_l3
Essen/Essen3/2015-04-22_12-21-40/Trafficlight_2,20,10,0.5,0,0.0,8,1.3993520736694336,yolo11n,fog_l3
Essen/Essen3/2015-04-22_12-21-40/Trafficlight_3,1,0,0.0,0,0.0,0,0.0,yolo11n,fog_l3
Essen/Essen3/2015-04-22_12-22-11/Trafficlight_2,4,4,1.0,0,0.0,4,2.125485897064209,yolo11n,fog_l3
Essen/Essen3/2015-04-22_12-22-11/Trafficlight_3,6,2,0.3333333333333333,0,0.0,2,0.7975540161132812,yolo11n,fog_l3
Essen/Essen3/2015-04-22_12-22-11/Trafficlight_4,11,3,0.2727272727272727,0,0.0,2,0.7975540161132812,yolo11n,fog_l3
Essen/Essen3/2015-04-22_12-24-28/Trafficlight_1,5,5,1.0,0,0.0,5,3.932101011276245,yolo11n,fog_l3
Essen/Essen3/2015-04-22_12-24-28/Trafficlight_2,5,3,0.6,0,0.0,3,1.8669021129608154,yolo11n,fog_l3
Essen/Essen3/2015-04-22_12-24-28/Trafficlight_3,2,1,0.5,0,0.0,1,0.0,yolo11n,fog_l3
Essen/Essen3/2015-04-22_12-28-48/Trafficlight_1,20,14,0.7,0,0.0,9,4.2678139209747314,yolo11n,fog_l3
Essen/Essen3/2015-04-22_12-28-48/Trafficlight_5,10,10,1.0,0,0.0,10,4.799072980880737,yolo11n,fog_l3
Essen/Essen3/2015-04-22_12-31-21/Trafficlight_4,1,1,1.0,0,0.0,1,0.0,yolo11n,fog_l3
Essen/Essen3/2015-04-22_12-31-56/Trafficlight_1,8,7,0.875,0,0.0,7,0.8002779483795166,yolo11n,fog_l3
Essen/Essen3/2015-04-22_12-31-56/Trafficlight_2,19,0,0.0,0,0.0,0,0.0,yolo11n,fog_l3
Essen/Essen3/2015-04-22_12-31-56/Trafficlight_3,9,7,0.7777777777777778,0,0.0,7,7.797140836715698,yolo11n,fog_l3
Essen/Essen3/2015-04-22_12-31-56/Trafficlight_4,9,3,0.3333333333333333,0,0.0,3,2.59854793548584,yolo11n,fog_l3
Essen/Essen3/2015-04-22_12-31-56/Trafficlight_16,8,4,0.5,0,0.0,3,1.1994891166687012,yolo11n,fog_l3
Essen/Essen3/2015-04-22_12-31-56/Trafficlight_17,6,1,0.16666666666666666,0,0.0,1,0.0,yolo11n,fog_l3
Essen/Essen3/2015-04-22_12-31-56/Trafficlight_18,10,1,0.1,0,0.0,1,0.0,yolo11n,fog_l3
Fulda/Fulda2/2015-05-15_18-00-09/Trafficlight_1,10,0,0.0,0,0.0,0,0.0,yolo11n,fog_l3
Fulda/Fulda2/2015-05-15_18-00-09/Trafficlight_7,3,3,1.0,0,0.0,3,1.177671194076538,yolo11n,fog_l3
Fulda/Fulda2/2015-05-15_18-00-57/Trafficlight_1,14,3,0.21428571428571427,0,0.0,2,0.5887351036071777,yolo11n,fog_l3
Fulda/Fulda2/2015-05-15_18-00-57/Trafficlight_2,10,10,1.0,0,0.0,10,5.2941648960113525,yolo11n,fog_l3
Fulda/Fulda2/2015-05-15_18-00-57/Trafficlight_3,10,10,1.0,0,0.0,10,5.290283918380737,yolo11n,fog_l3
Fulda/Fulda2/2015-05-15_18-01-58/Trafficlight_14,3,3,1.0,0,0.0,3,1.1750850677490234,yolo11n,fog_l3
Fulda/Fulda2/2015-05-15_18-03-39/Trafficlight_5,11,5,0.45454545454545453,0,0.0,2,0.5882539749145508,yolo11n,fog_l3
Fulda/Fulda2/2015-05-15_18-03-39/Trafficlight_6,7,0,0.0,0,0.0,0,0.0,yolo11n,fog_l3
Fulda/Fulda2/2015-05-15_18-03-39/Trafficlight_7,11,6,0.5454545454545454,0,0.0,6,2.944856882095337,yolo11n,fog_l3
Fulda/Fulda2/2015-05-15_18-04-24/Trafficlight_2,15,5,0.3333333333333333,0,0.0,5,2.355818033218384,yolo11n,fog_l3
Fulda/Fulda2/2015-05-15_18-05-38/Trafficlight_1,16,1,0.0625,0,0.0,1,0.0,yolo11n,fog_l3
Fulda/Fulda2/2015-05-15_18-05-38/Trafficlight_7,14,7,0.5,0,0.0,4,1.7646582126617432,yolo11n,fog_l3
Fulda/Fulda2/2015-05-15_18-05-38/Trafficlight_12,7,7,1.0,0,0.0,4,1.763545036315918,yolo11n,fog_l3
Fulda/Fulda2/2015-05-15_18-07-04/Trafficlight_2,7,1,0.14285714285714285,0,0.0,1,0.0,yolo11n,fog_l3
Fulda/Fulda2/2015-05-15_18-07-04/Trafficlight_3,10,10,1.0,0,0.0,10,5.294755935668945,yolo11n,fog_l3
Fulda/Fulda2/2015-05-15_18-07-04/Trafficlight_14,2,2,1.0,0,0.0,2,0.5877358913421631,yolo11n,fog_l3
Fulda/Fulda2/2015-05-15_18-07-37/Trafficlight_2,2,2,1.0,0,0.0,2,0.5985150337219238,yolo11n,fog_l3
Fulda/Fulda2/2015-05-15_18-07-37/Trafficlight_3,3,3,1.0,0,0.0,3,1.1775381565093994,yolo11n,fog_l3
Fulda/Fulda2/2015-05-15_18-08-11/Trafficlight_1,8,0,0.0,0,0.0,0,0.0,yolo11n,fog_l3
Fulda/Fulda2/2015-05-15_18-08-11/Trafficlight_2,8,0,0.0,0,0.0,0,0.0,yolo11n,fog_l3
Fulda/Fulda2/2015-05-15_18-09-21/Trafficlight_1,14,7,0.5,0,0.0,6,2.939811944961548,yolo11n,fog_l3
Fulda/Fulda2/2015-05-15_18-09-21/Trafficlight_2,5,1,0.2,0,0.0,1,0.0,yolo11n,fog_l3
Fulda/Fulda2/2015-05-15_18-11-25/Trafficlight_1,14,6,0.42857142857142855,0,0.0,4,1.7643730640411377,yolo11n,fog_l3
Fulda/Fulda2/2015-05-15_18-11-25/Trafficlight_2,9,0,0.0,0,0.0,0,0.0,yolo11n,fog_l3
Fulda/Fulda2/2015-05-15_18-11-25/Trafficlight_3,12,7,0.5833333333333334,0,0.0,3,1.178333044052124,yolo11n,fog_l3
Fulda/Fulda2/2015-05-15_18-12-26/Trafficlight_12,1,1,1.0,0,0.0,1,0.0,yolo11n,fog_l3
Fulda/Fulda2/2015-05-15_18-12-26/Trafficlight_13,1,1,1.0,0,0.0,1,0.0,yolo11n,fog_l3
Fulda/Fulda2/2015-05-15_18-13-56/Trafficlight_2,3,1,0.3333333333333333,0,0.0,1,0.0,yolo11n,fog_l3
Fulda/Fulda2/2015-05-15_18-13-56/Trafficlight_3,3,0,0.0,0,0.0,0,0.0,yolo11n,fog_l3
Fulda/Fulda2/2015-05-15_18-13-56/Trafficlight_4,4,4,1.0,0,0.0,4,1.76487398147583,yolo11n,fog_l3
Hannover/Hannover4/2015-04-20_13-51-29/Trafficlight_7,20,20,1.0,0,0.0,20,5.936743974685669,yolo11n,fog_l3
Hannover/Hannover4/2015-04-20_13-51-36/Trafficlight_4,20,20,1.0,0,0.0,20,1.467405080795288,yolo11n,fog_l3
Hannover/Hannover4/2015-04-20_13-51-36/Trafficlight_6,10,10,1.0,0,0.0,10,0.6674211025238037,yolo11n,fog_l3
Hannover/Hannover4/2015-04-20_13-51-40/Trafficlight_2,20,10,0.5,0,0.0,7,3.7318191528320312,yolo11n,fog_l3
Hannover/Hannover4/2015-04-20_13-51-40/Trafficlight_1,18,16,0.8888888888888888,0,0.0,10,6.8008270263671875,yolo11n,fog_l3
Hannover/Hannover4/2015-04-20_13-51-40/Trafficlight_3,19,19,1.0,0,0.0,19,11.204802989959717,yolo11n,fog_l3
Hannover/Hannover4/2015-04-20_13-54-28/Trafficlight_2,4,0,0.0,0,0.0,0,0.0,yolo11n,fog_l3
Hannover/Hannover4/2015-04-20_13-54-28/Trafficlight_3,13,2,0.15384615384615385,0,0.0,2,1.8680229187011719,yolo11n,fog_l3
Hannover/Hannover4/2015-04-20_13-54-28/Trafficlight_7,5,5,1.0,0,0.0,5,3.7315638065338135,yolo11n,fog_l3
Hannover/Hannover4/2015-04-20_13-56-44/Trafficlight_3,12,0,0.0,0,0.0,0,0.0,yolo11n,fog_l3
Hannover/Hannover4/2015-04-20_13-56-44/Trafficlight_4,19,12,0.631578947368421,0,0.0,11,7.201006889343262,yolo11n,fog_l3
Hannover/Hannover4/2015-04-20_13-57-56/Trafficlight_4,19,19,1.0,0,0.0,19,1.1975510120391846,yolo11n,fog_l3
Hannover/Hannover4/2015-04-20_13-58-03/Trafficlight_3,16,3,0.1875,0,0.0,2,0.6641430854797363,yolo11n,fog_l3
Hannover/Hannover4/2015-04-20_13-58-03/Trafficlight_4,23,12,0.5217391304347826,0,0.0,10,6.198125123977661,yolo11n,fog_l3
Hannover/Hannover4/2015-04-20_13-59-27/Trafficlight_1,20,20,1.0,0,0.0,20,1.3349270820617676,yolo11n,fog_l3
Hannover/Hannover4/2015-04-20_14-00-12/Trafficlight_1,26,26,1.0,0,0.0,14,6.397797107696533,yolo11n,fog_l3
Hannover/Hannover4/2015-04-20_14-00-12/Trafficlight_2,29,7,0.2413793103448276,0,0.0,6,2.8634190559387207,yolo11n,fog_l3
Hannover/Hannover4/2015-04-20_14-00-12/Trafficlight_3,9,9,1.0,0,0.0,9,4.66677713394165,yolo11n,fog_l3
Hannover/Hannover4/2015-04-20_14-01-01/Trafficlight_2,20,0,0.0,0,0.0,0,0.0,yolo11n,fog_l3
Hannover/Hannover4/2015-04-20_14-01-01/Trafficlight_1,20,10,0.5,0,0.0,8,6.068166017532349,yolo11n,fog_l3
Hannover/Hannover4/2015-04-20_14-02-07/Trafficlight_4,20,20,1.0,0,0.0,20,5.469353914260864,yolo11n,fog_l3
Hannover/Hannover4/2015-04-20_14-02-24/Trafficlight_2,8,8,1.0,0,0.0,8,2.2011499404907227,yolo11n,fog_l3
Hannover/Hannover4/2015-04-20_14-02-24/Trafficlight_3,10,10,1.0,0,0.0,9,2.5317258834838867,yolo11n,fog_l3
Hannover/Hannover4/2015-04-20_14-02-24/Trafficlight_1,9,9,1.0,0,0.0,9,2.5317258834838867,yolo11n,fog_l3
Hannover/Hannover4/2015-04-20_14-02-24/Trafficlight_5,1,1,1.0,0,0.0,1,0.0,yolo11n,fog_l3
Hannover/Hannover4/2015-04-20_14-04-24/Trafficlight_3,6,5,0.8333333333333334,0,0.0,4,1.6685810089111328,yolo11n,fog_l3
Hannover/Hannover4/2015-04-20_14-04-24/Trafficlight_4,4,4,1.0,0,0.0,4,1.6685810089111328,yolo11n,fog_l3
Hannover/Hannover4/2015-04-20_14-04-24/Trafficlight_5,14,12,0.8571428571428571,0,0.0,10,5.067967891693115,yolo11n,fog_l3
Hannover/Hannover4/2015-04-20_14-05-57/Trafficlight_2,12,2,0.16666666666666666,0,0.0,1,0.0,yolo11n,fog_l3
Hannover/Hannover4/2015-04-20_14-05-57/Trafficlight_1,7,7,1.0,0,0.0,7,5.333891868591309,yolo11n,fog_l3
Hannover/Hannover4/2015-04-20_14-05-57/Trafficlight_3,17,8,0.47058823529411764,0,0.0,8,6.198163986206055,yolo11n,fog_l3
Hannover/Hannover4/2015-04-20_14-06-51/Trafficlight_2,15,1,0.06666666666666667,0,0.0,1,0.0,yolo11n,fog_l3
Hannover/Hannover4/2015-04-20_14-06-51/Trafficlight_1,18,12,0.6666666666666666,0,0.0,5,2.199270009994507,yolo11n,fog_l3
Hannover/Hannover4/2015-04-20_14-06-51/Trafficlight_3,18,17,0.9444444444444444,0,0.0,9,4.401443958282471,yolo11n,fog_l3
Hannover/Hannover4/2015-04-20_14-08-36/Trafficlight_4,10,7,0.7,0,0.0,3,0.6629340648651123,yolo11n,fog_l3
Hannover/Hannover4/2015-04-20_14-08-36/Trafficlight_5,20,6,0.3,0,0.0,2,0.3324880599975586,yolo11n,fog_l3
Hannover/Hannover4/2015-04-20_14-08-36/Trafficlight_3,9,1,0.1111111111111111,0,0.0,1,0.0,yolo11n,fog_l3
Hannover/Hannover4/2015-04-20_14-09-52/Trafficlight_1,20,9,0.45,0,0.0,5,1.933020830154419,yolo11n,fog_l3
Hannover/Hannover4/2015-04-20_14-09-52/Trafficlight_2,20,9,0.45,0,0.0,7,2.9316818714141846,yolo11n,fog_l3
Hannover/Hannover4/2015-04-20_14-11-20/Trafficlight_1,12,12,1.0,0,0.0,12,5.13437294960022,yolo11n,fog_l3
Hannover/Hannover4/2015-04-20_14-11-20/Trafficlight_3,3,2,0.6666666666666666,0,0.0,1,0.0,yolo11n,fog_l3
Hannover/Hannover4/2015-04-20_14-12-16/Trafficlight_4,7,7,1.0,0,0.0,7,2.398069143295288,yolo11n,fog_l3
Hannover/Hannover4/2015-04-20_14-12-16/Trafficlight_5,7,7,1.0,0,0.0,7,2.398069143295288,yolo11n,fog_l3
Hannover/Hannover4/2015-04-20_14-12-16/Trafficlight_6,20,20,1.0,0,0.0,20,7.598844051361084,yolo11n,fog_l3
Hannover/Hannover4/2015-04-20_14-16-02/Trafficlight_2,14,8,0.5714285714285714,0,0.0,5,2.470160961151123,yolo11n,fog_l3
Hannover/Hannover4/2015-04-20_14-16-02/Trafficlight_3,19,16,0.8421052631578947,0,0.0,5,2.470160961151123,yolo11n,fog_l3
Hannover/Hannover4/2015-04-20_14-16-02/Trafficlight_1,8,8,1.0,0,0.0,8,4.332615852355957,yolo11n,fog_l3
Hannover/Hannover4/2015-04-20_14-17-12/Trafficlight_2,20,7,0.35,0,0.0,4,0.9321458339691162,yolo11n,fog_l3
Hannover/Hannover4/2015-04-20_14-17-12/TrafficLight_6,20,20,1.0,0,0.0,20,6.199991941452026,yolo11n,fog_l3
Hannover/Hannover4/2015-04-20_14-31-46/Trafficlight_3,4,0,0.0,0,0.0,0,0.0,yolo11n,fog_l3
Hannover/Hannover4/2015-04-20_14-31-46/Trafficlight_4,8,1,0.125,0,0.0,1,0.0,yolo11n,fog_l3
Hannover/Hannover4/2015-04-20_14-31-46/Trafficlight_2,9,3,0.3333333333333333,0,0.0,2,0.6695129871368408,yolo11n,fog_l3
Hannover/Hannover4/2015-04-20_14-32-25/Trafficlight_3,14,0,0.0,0,0.0,0,0.0,yolo11n,fog_l3
Hannover/Hannover4/2015-04-20_14-32-25/Trafficlight_4,20,8,0.4,0,0.0,7,3.332705020904541,yolo11n,fog_l3
Hannover/Hannover4/2015-04-20_14-33-38/Trafficlight_2,6,3,0.5,0,0.0,3,0.33611202239990234,yolo11n,fog_l3
Hannover/Hannover4/2015-04-20_14-33-38/Trafficlight_3,20,20,1.0,0,0.0,20,3.469114065170288,yolo11n,fog_l3
Koeln/Koeln2/2015-04-23_12-31-31/Trafficlight_1,2,2,1.0,0,0.0,2,0.47226786613464355,yolo11n,fog_l3
Koeln/Koeln2/2015-04-23_12-31-31/Trafficlight_2,2,2,1.0,0,0.0,2,0.47226786613464355,yolo11n,fog_l3
Koeln/Koeln2/2015-04-23_12-31-31/Trafficlight_3,2,2,1.0,0,0.0,2,0.47226786613464355,yolo11n,fog_l3
Koeln/Koeln2/2015-04-23_12-33-22/Trafficlight_19,1,1,1.0,0,0.0,1,0.0,yolo11n,fog_l3
Koeln/Koeln2/2015-04-23_12-54-40/Trafficlight_3,9,3,0.3333333333333333,0,0.0,3,1.7067279815673828,yolo11n,fog_l3
Koeln/Koeln2/2015-04-23_12-54-40/Trafficlight_4,9,2,0.2222222222222222,2,0.2222222222222222,2,0.8254489898681641,yolo11n,fog_l3
Koeln/Koeln2/2015-04-23_12-55-44/Trafficlight_3,8,7,0.875,0,0.0,7,4.584281921386719,yolo11n,fog_l3
Koeln/Koeln2/2015-04-23_12-55-44/Trafficlight_1,8,6,0.75,0,0.0,4,2.2907629013061523,yolo11n,fog_l3
Koeln/Koeln2/2015-04-23_12-55-44/Trafficlight_2,7,7,1.0,0,0.0,7,4.584281921386719,yolo11n,fog_l3
Koeln/Koeln2/2015-04-23_12-56-08/Trafficlight_2,11,1,0.09090909090909091,0,0.0,1,0.0,yolo11n,fog_l3
Koeln/Koeln2/2015-04-23_12-56-08/Trafficlight_1,20,17,0.85,0,0.0,11,8.818592071533203,yolo11n,fog_l3
Koeln/Koeln2/2015-04-23_12-56-08/Trafficlight_3,15,3,0.2,0,0.0,2,0.8821530342102051,yolo11n,fog_l3
Koeln/Koeln2/2015-04-23_12-58-12/Trafficlight_1,20,20,1.0,0,0.0,20,18.408507108688354,yolo11n,fog_l3
Koeln/Koeln2/2015-04-23_12-58-12/Trafficlight_2,20,4,0.2,0,0.0,3,1.9399011135101318,yolo11n,fog_l3
Koeln/Koeln2/2015-04-23_13-03-59/Trafficlight_2,5,5,1.0,0,0.0,5,2.116795063018799,yolo11n,fog_l3
Koeln/Koeln2/2015-04-23_13-03-59/Trafficlight_3,7,7,1.0,0,0.0,7,3.4705021381378174,yolo11n,fog_l3
Koeln/Koeln2/2015-04-23_13-05-35/Trafficlight_4,3,0,0.0,0,0.0,0,0.0,yolo11n,fog_l3
Koeln/Koeln2/2015-04-23_13-05-35/Trafficlight_5,4,4,1.0,0,0.0,4,2.763115882873535,yolo11n,fog_l3
Koeln/Koeln2/2015-04-23_13-10-19/Trafficlight_1,3,3,1.0,0,0.0,3,1.2942790985107422,yolo11n,fog_l3
Koeln/Koeln2/2015-04-23_13-10-19/Trafficlight_3,5,4,0.8,0,0.0,3,1.290968894958496,yolo11n,fog_l3
Koeln/Koeln2/2015-04-23_13-10-19/Trafficlight_7,6,6,1.0,0,0.0,4,2.4686670303344727,yolo11n,fog_l3
Koeln/Koeln2/2015-04-23_13-10-19/Trafficlight_8,6,6,1.0,0,0.0,4,2.4686670303344727,yolo11n,fog_l3
Koeln/Koeln2/2015-04-23_13-11-46/Trafficlight_1,5,5,1.0,0,0.0,5,4.520406007766724,yolo11n,fog_l3
Koeln/Koeln2/2015-04-23_13-11-46/Trafficlight_3,7,6,0.8571428571428571,0,0.0,5,4.702125072479248,yolo11n,fog_l3
Koeln/Koeln2/2015-04-23_13-15-36/Trafficlight_4,13,13,1.0,0,0.0,13,6.585233926773071,yolo11n,fog_l3
Koeln/Koeln2/2015-04-23_13-15-36/Trafficlight_5,2,2,1.0,0,0.0,2,0.7070450782775879,yolo11n,fog_l3
Koeln/Koeln2/2015-04-23_13-15-59/Trafficlight_4,15,1,0.06666666666666667,0,0.0,1,0.0,yolo11n,fog_l3
Koeln/Koeln2/2015-04-23_13-15-59/Trafficlight_3,7,0,0.0,0,0.0,0,0.0,yolo11n,fog_l3
Koeln/Koeln2/2015-04-23_13-16-45/Trafficlight_5,2,0,0.0,0,0.0,0,0.0,yolo11n,fog_l3
Koeln/Koeln2/2015-04-23_13-18-13/Trafficlight_4,7,5,0.7142857142857143,0,0.0,5,1.4128310680389404,yolo11n,fog_l3
Koeln/Koeln2/2015-04-23_13-18-13/Trafficlight_5,12,0,0.0,0,0.0,0,0.0,yolo11n,fog_l3
Koeln/Koeln2/2015-04-23_13-18-13/Trafficlight_6,13,2,0.15384615384615385,0,0.0,1,0.0,yolo11n,fog_l3
Koeln/Koeln2/2015-04-23_13-18-13/Trafficlight_7,19,5,0.2631578947368421,0,0.0,5,1.4128310680389404,yolo11n,fog_l3
Koeln/Koeln2/2015-04-23_13-19-07/Trafficlight_1,12,5,0.4166666666666667,0,0.0,5,7.0580809116363525,yolo11n,fog_l3
Koeln/Koeln2/2015-04-23_13-19-07/Trafficlight_2,4,1,0.25,0,0.0,1,0.0,yolo11n,fog_l3
Koeln/Koeln2/2015-04-23_13-19-07/Trafficlight_3,5,5,1.0,0,0.0,5,7.0580809116363525,yolo11n,fog_l3
Koeln/Koeln2/2015-04-23_13-19-07/Trafficlight_6,12,5,0.4166666666666667,0,0.0,1,0.0,yolo11n,fog_l3
Koeln/Koeln2/2015-04-23_13-19-07/Trafficlight_7,5,3,0.6,0,0.0,1,0.0,yolo11n,fog_l3
Koeln/Koeln2/2015-04-23_13-19-07/Trafficlight_8,6,6,1.0,0,0.0,1,0.0,yolo11n,fog_l3
Koeln/Koeln2/2015-04-23_13-22-16/Trafficlight_5,16,7,0.4375,0,0.0,2,0.8228309154510498,yolo11n,fog_l3
Koeln/Koeln2/2015-04-23_13-22-16/Trafficlight_6,14,14,1.0,0,0.0,14,11.05482292175293,yolo11n,fog_l3
Koeln/Koeln2/2015-04-23_13-26-00/Trafficlight_1,5,5,1.0,0,0.0,5,0.23670387268066406,yolo11n,fog_l3
Koeln/Koeln2/2015-04-23_13-26-00/Trafficlight_2,11,11,1.0,0,0.0,11,0.6478209495544434,yolo11n,fog_l3
Koeln/Koeln2/2015-04-23_13-27-52/Trafficlight_2,9,5,0.5555555555555556,0,0.0,5,2.591688871383667,yolo11n,fog_l3
Koeln/Koeln2/2015-04-23_13-27-52/Trafficlight_3,9,9,1.0,0,0.0,9,5.17716908454895,yolo11n,fog_l3
Koeln/Koeln2/2015-04-23_13-28-56/Trafficlight_1,1,0,0.0,0,0.0,0,0.0,yolo11n,fog_l3
Koeln/Koeln2/2015-04-23_13-28-56/Trafficlight_3,1,1,1.0,0,0.0,1,0.0,yolo11n,fog_l3
Koeln/Koeln2/2015-04-23_13-29-48/Trafficlight_1,17,12,0.7058823529411765,0,0.0,10,3.233707904815674,yolo11n,fog_l3
Koeln/Koeln2/2015-04-23_13-29-48/Trafficlight_2,13,13,1.0,0,0.0,13,4.294061899185181,yolo11n,fog_l3
Koeln/Koeln2/2015-04-23_13-29-48/Trafficlight_3,17,16,0.9411764705882353,0,0.0,15,5.173794984817505,yolo11n,fog_l3
Koeln/Koeln2/2015-04-23_13-30-07/Trafficlight_2,11,5,0.45454545454545453,0,0.0,4,1.7648820877075195,yolo11n,fog_l3
Koeln/Koeln2/2015-04-23_13-30-07/Trafficlight_3,14,7,0.5,0,0.0,4,1.7648820877075195,yolo11n,fog_l3
Koeln/Koeln2/2015-04-23_13-30-57/Trafficlight_3,10,2,0.2,0,0.0,1,0.0,yolo11n,fog_l3
Koeln/Koeln2/2015-04-23_13-30-57/Trafficlight_4,12,6,0.5,0,0.0,4,2.409276008605957,yolo11n,fog_l3
Essen/Essen2/2015-04-22_11-54-56/Trafficlight_1,16,10,0.625,0,0.0,9,3.2001419067382812,yolo12n,fog_l3
Essen/Essen2/2015-04-22_11-54-56/Trafficlight_2,12,8,0.6666666666666666,0,0.0,4,1.2003898620605469,yolo12n,fog_l3
Essen/Essen2/2015-04-22_11-55-29/Trafficlight_1,22,13,0.5909090909090909,0,0.0,7,2.3999478816986084,yolo12n,fog_l3
Essen/Essen2/2015-04-22_11-55-29/Trafficlight_2,15,0,0.0,0,0.0,0,0.0,yolo12n,fog_l3
Essen/Essen2/2015-04-22_11-55-29/Trafficlight_3,21,8,0.38095238095238093,0,0.0,4,1.199218988418579,yolo12n,fog_l3
Essen/Essen2/2015-04-22_11-58-40/Trafficlight_1,1,1,1.0,0,0.0,1,0.0,yolo12n,fog_l3
Essen/Essen2/2015-04-22_11-58-40/Trafficlight_2,1,0,0.0,0,0.0,0,0.0,yolo12n,fog_l3
Essen/Essen2/2015-04-22_11-59-47/Trafficlight_1,14,14,1.0,0,0.0,14,10.068872928619385,yolo12n,fog_l3
Essen/Essen2/2015-04-22_11-59-47/Trafficlight_2,18,14,0.7777777777777778,0,0.0,5,2.1384530067443848,yolo12n,fog_l3
Essen/Essen2/2015-04-22_11-59-47/Trafficlight_3,21,19,0.9047619047619048,0,0.0,19,9.5329430103302,yolo12n,fog_l3
Essen/Essen2/2015-04-22_12-00-12/Trafficlight_1,12,12,1.0,0,0.0,11,2.66969895362854,yolo12n,fog_l3
Essen/Essen2/2015-04-22_12-00-12/Trafficlight_2,12,9,0.75,0,0.0,5,1.0677738189697266,yolo12n,fog_l3
Essen/Essen2/2015-04-22_12-00-12/Trafficlight_3,18,11,0.6111111111111112,0,0.0,5,1.6662421226501465,yolo12n,fog_l3
Essen/Essen2/2015-04-22_12-00-50/Trafficlight_1,8,5,0.625,0,0.0,3,3.466460943222046,yolo12n,fog_l3
Essen/Essen2/2015-04-22_12-00-50/Trafficlight_2,4,0,0.0,0,0.0,0,0.0,yolo12n,fog_l3
Essen/Essen2/2015-04-22_12-00-50/Trafficlight_3,7,3,0.42857142857142855,0,0.0,3,3.466460943222046,yolo12n,fog_l3
Essen/Essen2/2015-04-22_12-03-07/Trafficlight_7,1,1,1.0,0,0.0,1,0.0,yolo12n,fog_l3
Essen/Essen2/2015-04-22_12-03-07/Trafficlight_8,1,1,1.0,0,0.0,1,0.0,yolo12n,fog_l3
Essen/Essen2/2015-04-22_12-03-17/Trafficlight_1,11,11,1.0,0,0.0,11,3.3990509510040283,yolo12n,fog_l3
Essen/Essen2/2015-04-22_12-03-17/Trafficlight_2,11,3,0.2727272727272727,0,0.0,2,0.33141398429870605,yolo12n,fog_l3
Essen/Essen2/2015-04-22_12-03-17/Trafficlight_3,10,3,0.3,0,0.0,2,0.3336198329925537,yolo12n,fog_l3
Essen/Essen2/2015-04-22_12-03-17/Trafficlight_4,2,2,1.0,0,0.0,2,0.33318114280700684,yolo12n,fog_l3
Essen/Essen2/2015-04-22_12-04-52/Trafficlight_1,18,17,0.9444444444444444,0,0.0,9,2.8018081188201904,yolo12n,fog_l3
Essen/Essen2/2015-04-22_12-04-52/Trafficlight_5,6,6,1.0,0,0.0,6,1.664518117904663,yolo12n,fog_l3
Essen/Essen2/2015-04-22_12-07-48/Trafficlight_1,7,7,1.0,0,0.0,7,1.999337911605835,yolo12n,fog_l3
Essen/Essen2/2015-04-22_12-07-48/Trafficlight_2,7,0,0.0,0,0.0,0,0.0,yolo12n,fog_l3
Essen/Essen2/2015-04-22_12-07-48/Trafficlight_3,7,7,1.0,0,0.0,7,1.999337911605835,yolo12n,fog_l3
Essen/Essen2/2015-04-22_12-10-46/Trafficlight_2,10,1,0.1,0,0.0,1,0.0,yolo12n,fog_l3
Essen/Essen2/2015-04-22_12-10-46/Trafficlight_3,16,10,0.625,0,0.0,8,7.269835948944092,yolo12n,fog_l3
Essen/Essen2/2015-04-22_12-10-46/Trafficlight_1,13,10,0.7692307692307693,0,0.0,4,3.0016729831695557,yolo12n,fog_l3
Essen/Essen2/2015-04-22_12-12-38/Trafficlight_1,14,13,0.9285714285714286,0,0.0,10,4.597151041030884,yolo12n,fog_l3
Essen/Essen2/2015-04-22_12-12-38/Trafficlight_2,16,4,0.25,0,0.0,3,0.9335339069366455,yolo12n,fog_l3
Essen/Essen2/2015-04-22_12-14-33/Trafficlight_1,5,5,1.0,0,0.0,5,1.8019039630889893,yolo12n,fog_l3
Essen/Essen2/2015-04-22_12-14-33/Trafficlight_2,4,3,0.75,0,0.0,3,1.3334009647369385,yolo12n,fog_l3
Essen/Essen2/2015-04-22_12-14-33/Trafficlight_3,5,5,1.0,0,0.0,5,1.8019039630889893,yolo12n,fog_l3
Essen/Essen2/2015-04-22_12-16-21/Trafficlight_1,16,2,0.125,0,0.0,1,0.0,yolo12n,fog_l3
Essen/Essen2/2015-04-22_12-16-21/Trafficlight_2,12,12,1.0,0,0.0,12,4.401026964187622,yolo12n,fog_l3
Essen/Essen2/2015-04-22_12-17-10/Trafficlight_2,9,9,1.0,0,0.0,9,5.531995058059692,yolo12n,fog_l3
Essen/Essen2/2015-04-22_12-17-10/Trafficlight_1,17,9,0.5294117647058824,0,0.0,9,5.531995058059692,yolo12n,fog_l3
Essen/Essen2/2015-04-22_12-17-10/Trafficlight_3,13,13,1.0,0,0.0,13,8.866031885147095,yolo12n,fog_l3
Essen/Essen3/2015-04-22_12-21-40/Trafficlight_2,20,8,0.4,0,0.0,6,1.0016639232635498,yolo12n,fog_l3
Essen/Essen3/2015-04-22_12-21-40/Trafficlight_3,1,0,0.0,0,0.0,0,0.0,yolo12n,fog_l3
Essen/Essen3/2015-04-22_12-22-11/Trafficlight_2,4,4,1.0,0,0.0,4,2.125485897064209,yolo12n,fog_l3
Essen/Essen3/2015-04-22_12-22-11/Trafficlight_3,6,4,0.6666666666666666,0,0.0,2,0.6669151782989502,yolo12n,fog_l3
Essen/Essen3/2015-04-22_12-22-11/Trafficlight_4,11,8,0.7272727272727273,0,0.0,8,4.793079853057861,yolo12n,fog_l3
Essen/Essen3/2015-04-22_12-24-28/Trafficlight_1,5,5,1.0,0,0.0,5,3.932101011276245,yolo12n,fog_l3
Essen/Essen3/2015-04-22_12-24-28/Trafficlight_2,5,3,0.6,0,0.0,3,1.8669021129608154,yolo12n,fog_l3
Essen/Essen3/2015-04-22_12-24-28/Trafficlight_3,2,2,1.0,0,0.0,2,1.0009028911590576,yolo12n,fog_l3
Essen/Essen3/2015-04-22_12-28-48/Trafficlight_1,20,17,0.85,0,0.0,17,9.066886901855469,yolo12n,fog_l3
Essen/Essen3/2015-04-22_12-28-48/Trafficlight_5,10,10,1.0,0,0.0,10,4.799072980880737,yolo12n,fog_l3
Essen/Essen3/2015-04-22_12-31-21/Trafficlight_4,1,1,1.0,0,0.0,1,0.0,yolo12n,fog_l3
Essen/Essen3/2015-04-22_12-31-56/Trafficlight_1,8,7,0.875,0,0.0,7,0.8002779483795166,yolo12n,fog_l3
Essen/Essen3/2015-04-22_12-31-56/Trafficlight_2,19,2,0.10526315789473684,0,0.0,1,0.0,yolo12n,fog_l3
Essen/Essen3/2015-04-22_12-31-56/Trafficlight_3,9,9,1.0,0,0.0,9,10.398319005966187,yolo12n,fog_l3
Essen/Essen3/2015-04-22_12-31-56/Trafficlight_4,9,3,0.3333333333333333,0,0.0,3,2.59854793548584,yolo12n,fog_l3
Essen/Essen3/2015-04-22_12-31-56/Trafficlight_16,8,7,0.875,0,0.0,7,3.6694860458374023,yolo12n,fog_l3
Essen/Essen3/2015-04-22_12-31-56/Trafficlight_17,6,1,0.16666666666666666,0,0.0,1,0.0,yolo12n,fog_l3
Essen/Essen3/2015-04-22_12-31-56/Trafficlight_18,10,0,0.0,0,0.0,0,0.0,yolo12n,fog_l3
Fulda/Fulda2/2015-05-15_18-00-09/Trafficlight_1,10,3,0.3,0,0.0,2,0.592069149017334,yolo12n,fog_l3
Fulda/Fulda2/2015-05-15_18-00-09/Trafficlight_7,3,3,1.0,0,0.0,3,1.177671194076538,yolo12n,fog_l3
Fulda/Fulda2/2015-05-15_18-00-57/Trafficlight_1,14,5,0.35714285714285715,0,0.0,5,2.353102922439575,yolo12n,fog_l3
Fulda/Fulda2/2015-05-15_18-00-57/Trafficlight_2,10,9,0.9,0,0.0,6,2.937180995941162,yolo12n,fog_l3
Fulda/Fulda2/2015-05-15_18-00-57/Trafficlight_3,10,10,1.0,0,0.0,10,5.290283918380737,yolo12n,fog_l3
Fulda/Fulda2/2015-05-15_18-01-58/Trafficlight_14,3,3,1.0,0,0.0,3,1.1750850677490234,yolo12n,fog_l3
Fulda/Fulda2/2015-05-15_18-03-39/Trafficlight_5,11,10,0.9090909090909091,0,0.0,9,4.706212043762207,yolo12n,fog_l3
Fulda/Fulda2/2015-05-15_18-03-39/Trafficlight_6,7,1,0.14285714285714285,0,0.0,1,0.0,yolo12n,fog_l3
Fulda/Fulda2/2015-05-15_18-03-39/Trafficlight_7,11,6,0.5454545454545454,0,0.0,5,2.3544859886169434,yolo12n,fog_l3
Fulda/Fulda2/2015-05-15_18-04-24/Trafficlight_2,15,8,0.5333333333333333,0,0.0,5,2.355818033218384,yolo12n,fog_l3
Fulda/Fulda2/2015-05-15_18-05-38/Trafficlight_1,16,6,0.375,0,0.0,2,0.594959020614624,yolo12n,fog_l3
Fulda/Fulda2/2015-05-15_18-05-38/Trafficlight_7,14,9,0.6428571428571429,0,0.0,6,2.937218189239502,yolo12n,fog_l3
Fulda/Fulda2/2015-05-15_18-05-38/Trafficlight_12,7,7,1.0,0,0.0,4,1.763545036315918,yolo12n,fog_l3
Fulda/Fulda2/2015-05-15_18-07-04/Trafficlight_2,7,4,0.5714285714285714,0,0.0,2,0.586251974105835,yolo12n,fog_l3
Fulda/Fulda2/2015-05-15_18-07-04/Trafficlight_3,10,10,1.0,0,0.0,10,5.294755935668945,yolo12n,fog_l3
Fulda/Fulda2/2015-05-15_18-07-04/Trafficlight_14,2,2,1.0,0,0.0,2,0.5877358913421631,yolo12n,fog_l3
Fulda/Fulda2/2015-05-15_18-07-37/Trafficlight_2,2,2,1.0,0,0.0,2,0.5985150337219238,yolo12n,fog_l3
Fulda/Fulda2/2015-05-15_18-07-37/Trafficlight_3,3,3,1.0,0,0.0,3,1.1775381565093994,yolo12n,fog_l3
Fulda/Fulda2/2015-05-15_18-08-11/Trafficlight_1,8,1,0.125,0,0.0,1,0.0,yolo12n,fog_l3
Fulda/Fulda2/2015-05-15_18-08-11/Trafficlight_2,8,0,0.0,0,0.0,0,0.0,yolo12n,fog_l3
Fulda/Fulda2/2015-05-15_18-09-21/Trafficlight_1,14,8,0.5714285714285714,0,0.0,6,2.939811944961548,yolo12n,fog_l3
Fulda/Fulda2/2015-05-15_18-09-21/Trafficlight_2,5,2,0.4,0,0.0,2,0.5853478908538818,yolo12n,fog_l3
Fulda/Fulda2/2015-05-15_18-11-25/Trafficlight_1,14,6,0.42857142857142855,0,0.0,3,1.1757969856262207,yolo12n,fog_l3
Fulda/Fulda2/2015-05-15_18-11-25/Trafficlight_2,9,0,0.0,0,0.0,0,0.0,yolo12n,fog_l3
Fulda/Fulda2/2015-05-15_18-11-25/Trafficlight_3,12,4,0.3333333333333333,0,0.0,3,1.178333044052124,yolo12n,fog_l3
Fulda/Fulda2/2015-05-15_18-12-26/Trafficlight_12,1,1,1.0,0,0.0,1,0.0,yolo12n,fog_l3
Fulda/Fulda2/2015-05-15_18-12-26/Trafficlight_13,1,1,1.0,0,0.0,1,0.0,yolo12n,fog_l3
Fulda/Fulda2/2015-05-15_18-13-56/Trafficlight_2,3,1,0.3333333333333333,0,0.0,1,0.0,yolo12n,fog_l3
Fulda/Fulda2/2015-05-15_18-13-56/Trafficlight_3,3,0,0.0,0,0.0,0,0.0,yolo12n,fog_l3
Fulda/Fulda2/2015-05-15_18-13-56/Trafficlight_4,4,4,1.0,0,0.0,4,1.76487398147583,yolo12n,fog_l3
Hannover/Hannover4/2015-04-20_13-51-29/Trafficlight_7,20,20,1.0,0,0.0,20,5.936743974685669,yolo12n,fog_l3
Hannover/Hannover4/2015-04-20_13-51-36/Trafficlight_4,20,20,1.0,0,0.0,20,1.467405080795288,yolo12n,fog_l3
Hannover/Hannover4/2015-04-20_13-51-36/Trafficlight_6,10,10,1.0,0,0.0,10,0.6674211025238037,yolo12n,fog_l3
Hannover/Hannover4/2015-04-20_13-51-40/Trafficlight_2,20,6,0.3,0,0.0,3,1.201606035232544,yolo12n,fog_l3
Hannover/Hannover4/2015-04-20_13-51-40/Trafficlight_1,18,17,0.9444444444444444,0,0.0,14,9.331477165222168,yolo12n,fog_l3
Hannover/Hannover4/2015-04-20_13-51-40/Trafficlight_3,19,19,1.0,0,0.0,19,11.204802989959717,yolo12n,fog_l3
Hannover/Hannover4/2015-04-20_13-54-28/Trafficlight_2,4,1,0.25,0,0.0,1,0.0,yolo12n,fog_l3
Hannover/Hannover4/2015-04-20_13-54-28/Trafficlight_3,13,10,0.7692307692307693,0,0.0,2,1.8680229187011719,yolo12n,fog_l3
Hannover/Hannover4/2015-04-20_13-54-28/Trafficlight_7,5,5,1.0,0,0.0,5,3.7315638065338135,yolo12n,fog_l3
Hannover/Hannover4/2015-04-20_13-56-44/Trafficlight_3,12,2,0.16666666666666666,0,0.0,2,0.6693699359893799,yolo12n,fog_l3
Hannover/Hannover4/2015-04-20_13-56-44/Trafficlight_4,19,16,0.8421052631578947,0,0.0,9,5.733983993530273,yolo12n,fog_l3
Hannover/Hannover4/2015-04-20_13-57-56/Trafficlight_4,19,19,1.0,0,0.0,19,1.1975510120391846,yolo12n,fog_l3
Hannover/Hannover4/2015-04-20_13-58-03/Trafficlight_3,16,6,0.375,0,0.0,5,2.730855941772461,yolo12n,fog_l3
Hannover/Hannover4/2015-04-20_13-58-03/Trafficlight_4,23,15,0.6521739130434783,0,0.0,11,6.863174915313721,yolo12n,fog_l3
Hannover/Hannover4/2015-04-20_13-59-27/Trafficlight_1,20,20,1.0,0,0.0,20,1.3349270820617676,yolo12n,fog_l3
Hannover/Hannover4/2015-04-20_14-00-12/Trafficlight_1,26,26,1.0,0,0.0,14,6.397797107696533,yolo12n,fog_l3
Hannover/Hannover4/2015-04-20_14-00-12/Trafficlight_2,29,15,0.5172413793103449,0,0.0,6,2.8634190559387207,yolo12n,fog_l3
Hannover/Hannover4/2015-04-20_14-00-12/Trafficlight_3,9,9,1.0,0,0.0,9,4.66677713394165,yolo12n,fog_l3
Hannover/Hannover4/2015-04-20_14-01-01/Trafficlight_2,20,1,0.05,0,0.0,1,0.0,yolo12n,fog_l3
Hannover/Hannover4/2015-04-20_14-01-01/Trafficlight_1,20,11,0.55,0,0.0,10,8.668031930923462,yolo12n,fog_l3
Hannover/Hannover4/2015-04-20_14-02-07/Trafficlight_4,20,20,1.0,0,0.0,20,5.469353914260864,yolo12n,fog_l3
Hannover/Hannover4/2015-04-20_14-02-24/Trafficlight_2,8,8,1.0,0,0.0,8,2.2011499404907227,yolo12n,fog_l3
Hannover/Hannover4/2015-04-20_14-02-24/Trafficlight_3,10,10,1.0,0,0.0,9,2.5317258834838867,yolo12n,fog_l3
Hannover/Hannover4/2015-04-20_14-02-24/Trafficlight_1,9,9,1.0,0,0.0,9,2.5317258834838867,yolo12n,fog_l3
Hannover/Hannover4/2015-04-20_14-02-24/Trafficlight_5,1,1,1.0,0,0.0,1,0.0,yolo12n,fog_l3
Hannover/Hannover4/2015-04-20_14-04-24/Trafficlight_3,6,5,0.8333333333333334,0,0.0,4,1.6685810089111328,yolo12n,fog_l3
Hannover/Hannover4/2015-04-20_14-04-24/Trafficlight_4,4,4,1.0,0,0.0,4,1.6685810089111328,yolo12n,fog_l3
Hannover/Hannover4/2015-04-20_14-04-24/Trafficlight_5,14,14,1.0,0,0.0,10,5.067967891693115,yolo12n,fog_l3
Hannover/Hannover4/2015-04-20_14-05-57/Trafficlight_2,12,9,0.75,0,0.0,8,6.203664779663086,yolo12n,fog_l3
Hannover/Hannover4/2015-04-20_14-05-57/Trafficlight_1,7,7,1.0,0,0.0,7,5.333891868591309,yolo12n,fog_l3
Hannover/Hannover4/2015-04-20_14-05-57/Trafficlight_3,17,9,0.5294117647058824,0,0.0,8,6.198163986206055,yolo12n,fog_l3
Hannover/Hannover4/2015-04-20_14-06-51/Trafficlight_2,15,6,0.4,0,0.0,3,1.0677769184112549,yolo12n,fog_l3
Hannover/Hannover4/2015-04-20_14-06-51/Trafficlight_1,18,15,0.8333333333333334,0,0.0,8,3.801945924758911,yolo12n,fog_l3
Hannover/Hannover4/2015-04-20_14-06-51/Trafficlight_3,18,17,0.9444444444444444,0,0.0,11,5.468997955322266,yolo12n,fog_l3
Hannover/Hannover4/2015-04-20_14-08-36/Trafficlight_4,10,10,1.0,0,0.0,10,3.0629000663757324,yolo12n,fog_l3
Hannover/Hannover4/2015-04-20_14-08-36/Trafficlight_5,20,16,0.8,0,0.0,8,2.4000208377838135,yolo12n,fog_l3
Hannover/Hannover4/2015-04-20_14-08-36/Trafficlight_3,9,3,0.3333333333333333,0,0.0,3,0.6628239154815674,yolo12n,fog_l3
Hannover/Hannover4/2015-04-20_14-09-52/Trafficlight_1,20,8,0.4,0,0.0,7,2.866025924682617,yolo12n,fog_l3
Hannover/Hannover4/2015-04-20_14-09-52/Trafficlight_2,20,8,0.4,0,0.0,5,1.933020830154419,yolo12n,fog_l3
Hannover/Hannover4/2015-04-20_14-11-20/Trafficlight_1,12,12,1.0,0,0.0,12,5.13437294960022,yolo12n,fog_l3
Hannover/Hannover4/2015-04-20_14-11-20/Trafficlight_3,3,2,0.6666666666666666,0,0.0,1,0.0,yolo12n,fog_l3
Hannover/Hannover4/2015-04-20_14-12-16/Trafficlight_4,7,7,1.0,0,0.0,7,2.398069143295288,yolo12n,fog_l3
Hannover/Hannover4/2015-04-20_14-12-16/Trafficlight_5,7,7,1.0,0,0.0,7,2.398069143295288,yolo12n,fog_l3
Hannover/Hannover4/2015-04-20_14-12-16/Trafficlight_6,20,20,1.0,0,0.0,20,7.598844051361084,yolo12n,fog_l3
Hannover/Hannover4/2015-04-20_14-16-02/Trafficlight_2,14,11,0.7857142857142857,0,0.0,5,2.470160961151123,yolo12n,fog_l3
Hannover/Hannover4/2015-04-20_14-16-02/Trafficlight_3,19,19,1.0,0,0.0,19,11.200973987579346,yolo12n,fog_l3
Hannover/Hannover4/2015-04-20_14-16-02/Trafficlight_1,8,8,1.0,0,0.0,8,4.332615852355957,yolo12n,fog_l3
Hannover/Hannover4/2015-04-20_14-17-12/Trafficlight_2,20,17,0.85,0,0.0,10,3.000540018081665,yolo12n,fog_l3
Hannover/Hannover4/2015-04-20_14-17-12/TrafficLight_6,20,20,1.0,0,0.0,20,6.199991941452026,yolo12n,fog_l3
Hannover/Hannover4/2015-04-20_14-31-46/Trafficlight_3,4,0,0.0,0,0.0,0,0.0,yolo12n,fog_l3
Hannover/Hannover4/2015-04-20_14-31-46/Trafficlight_4,8,1,0.125,0,0.0,1,0.0,yolo12n,fog_l3
Hannover/Hannover4/2015-04-20_14-31-46/Trafficlight_2,9,7,0.7777777777777778,0,0.0,3,1.2638428211212158,yolo12n,fog_l3
Hannover/Hannover4/2015-04-20_14-32-25/Trafficlight_3,14,0,0.0,0,0.0,0,0.0,yolo12n,fog_l3
Hannover/Hannover4/2015-04-20_14-32-25/Trafficlight_4,20,10,0.5,0,0.0,9,4.397688865661621,yolo12n,fog_l3
Hannover/Hannover4/2015-04-20_14-33-38/Trafficlight_2,6,5,0.8333333333333334,0,0.0,5,0.7363879680633545,yolo12n,fog_l3
Hannover/Hannover4/2015-04-20_14-33-38/Trafficlight_3,20,17,0.85,1,0.05,10,1.6652860641479492,yolo12n,fog_l3
Koeln/Koeln2/2015-04-23_12-31-31/Trafficlight_1,2,2,1.0,0,0.0,2,0.47226786613464355,yolo12n,fog_l3
Koeln/Koeln2/2015-04-23_12-31-31/Trafficlight_2,2,2,1.0,0,0.0,2,0.47226786613464355,yolo12n,fog_l3
Koeln/Koeln2/2015-04-23_12-31-31/Trafficlight_3,2,2,1.0,0,0.0,2,0.47226786613464355,yolo12n,fog_l3
Koeln/Koeln2/2015-04-23_12-33-22/Trafficlight_19,1,1,1.0,0,0.0,1,0.0,yolo12n,fog_l3
Koeln/Koeln2/2015-04-23_12-54-40/Trafficlight_3,9,6,0.6666666666666666,0,0.0,4,2.527569055557251,yolo12n,fog_l3
Koeln/Koeln2/2015-04-23_12-54-40/Trafficlight_4,9,7,0.7777777777777778,0,0.0,4,2.527569055557251,yolo12n,fog_l3
Koeln/Koeln2/2015-04-23_12-55-44/Trafficlight_3,8,7,0.875,0,0.0,7,4.584281921386719,yolo12n,fog_l3
Koeln/Koeln2/2015-04-23_12-55-44/Trafficlight_1,8,6,0.75,0,0.0,6,3.821012020111084,yolo12n,fog_l3
Koeln/Koeln2/2015-04-23_12-55-44/Trafficlight_2,7,7,1.0,0,0.0,7,4.584281921386719,yolo12n,fog_l3
Koeln/Koeln2/2015-04-23_12-56-08/Trafficlight_2,11,1,0.09090909090909091,0,0.0,1,0.0,yolo12n,fog_l3
Koeln/Koeln2/2015-04-23_12-56-08/Trafficlight_1,20,15,0.75,0,0.0,8,6.172895908355713,yolo12n,fog_l3
Koeln/Koeln2/2015-04-23_12-56-08/Trafficlight_3,15,4,0.26666666666666666,0,0.0,3,1.7635869979858398,yolo12n,fog_l3
Koeln/Koeln2/2015-04-23_12-58-12/Trafficlight_1,20,19,0.95,0,0.0,17,15.527420043945312,yolo12n,fog_l3
Koeln/Koeln2/2015-04-23_12-58-12/Trafficlight_2,20,5,0.25,0,0.0,4,2.881087064743042,yolo12n,fog_l3
Koeln/Koeln2/2015-04-23_13-03-59/Trafficlight_2,5,5,1.0,0,0.0,5,2.116795063018799,yolo12n,fog_l3
Koeln/Koeln2/2015-04-23_13-03-59/Trafficlight_3,7,7,1.0,0,0.0,7,3.4705021381378174,yolo12n,fog_l3
Koeln/Koeln2/2015-04-23_13-05-35/Trafficlight_4,3,1,0.3333333333333333,0,0.0,1,0.0,yolo12n,fog_l3
Koeln/Koeln2/2015-04-23_13-05-35/Trafficlight_5,4,4,1.0,0,0.0,4,2.763115882873535,yolo12n,fog_l3
Koeln/Koeln2/2015-04-23_13-10-19/Trafficlight_1,3,3,1.0,0,0.0,3,1.2942790985107422,yolo12n,fog_l3
Koeln/Koeln2/2015-04-23_13-10-19/Trafficlight_3,5,5,1.0,0,0.0,5,2.5852479934692383,yolo12n,fog_l3
Koeln/Koeln2/2015-04-23_13-10-19/Trafficlight_7,6,6,1.0,0,0.0,4,2.4686670303344727,yolo12n,fog_l3
Koeln/Koeln2/2015-04-23_13-10-19/Trafficlight_8,6,6,1.0,0,0.0,4,2.4686670303344727,yolo12n,fog_l3
Koeln/Koeln2/2015-04-23_13-11-46/Trafficlight_1,5,5,1.0,0,0.0,5,4.520406007766724,yolo12n,fog_l3
Koeln/Koeln2/2015-04-23_13-11-46/Trafficlight_3,7,7,1.0,0,0.0,6,5.8708062171936035,yolo12n,fog_l3
Koeln/Koeln2/2015-04-23_13-15-36/Trafficlight_4,13,13,1.0,0,0.0,13,6.585233926773071,yolo12n,fog_l3
Koeln/Koeln2/2015-04-23_13-15-36/Trafficlight_5,2,2,1.0,0,0.0,2,0.7070450782775879,yolo12n,fog_l3
Koeln/Koeln2/2015-04-23_13-15-59/Trafficlight_4,15,0,0.0,0,0.0,0,0.0,yolo12n,fog_l3
Koeln/Koeln2/2015-04-23_13-15-59/Trafficlight_3,7,1,0.14285714285714285,0,0.0,1,0.0,yolo12n,fog_l3
Koeln/Koeln2/2015-04-23_13-16-45/Trafficlight_5,2,0,0.0,0,0.0,0,0.0,yolo12n,fog_l3
Koeln/Koeln2/2015-04-23_13-18-13/Trafficlight_4,7,6,0.8571428571428571,0,0.0,5,1.4128310680389404,yolo12n,fog_l3
Koeln/Koeln2/2015-04-23_13-18-13/Trafficlight_5,12,3,0.25,0,0.0,2,0.3517429828643799,yolo12n,fog_l3
Koeln/Koeln2/2015-04-23_13-18-13/Trafficlight_6,13,4,0.3076923076923077,0,0.0,2,0.354172945022583,yolo12n,fog_l3
Koeln/Koeln2/2015-04-23_13-18-13/Trafficlight_7,19,5,0.2631578947368421,0,0.0,5,1.4128310680389404,yolo12n,fog_l3
Koeln/Koeln2/2015-04-23_13-19-07/Trafficlight_1,12,6,0.5,0,0.0,6,8.822717905044556,yolo12n,fog_l3
Koeln/Koeln2/2015-04-23_13-19-07/Trafficlight_2,4,3,0.75,0,0.0,2,1.7641019821166992,yolo12n,fog_l3
Koeln/Koeln2/2015-04-23_13-19-07/Trafficlight_3,5,5,1.0,0,0.0,5,7.0580809116363525,yolo12n,fog_l3
Koeln/Koeln2/2015-04-23_13-19-07/Trafficlight_6,12,4,0.3333333333333333,0,0.0,1,0.0,yolo12n,fog_l3
Koeln/Koeln2/2015-04-23_13-19-07/Trafficlight_7,5,5,1.0,0,0.0,1,0.0,yolo12n,fog_l3
Koeln/Koeln2/2015-04-23_13-19-07/Trafficlight_8,6,6,1.0,0,0.0,1,0.0,yolo12n,fog_l3
Koeln/Koeln2/2015-04-23_13-22-16/Trafficlight_5,16,16,1.0,0,0.0,14,11.05482292175293,yolo12n,fog_l3
Koeln/Koeln2/2015-04-23_13-22-16/Trafficlight_6,14,14,1.0,0,0.0,14,11.05482292175293,yolo12n,fog_l3
Koeln/Koeln2/2015-04-23_13-26-00/Trafficlight_1,5,5,1.0,0,0.0,5,0.23670387268066406,yolo12n,fog_l3
Koeln/Koeln2/2015-04-23_13-26-00/Trafficlight_2,11,11,1.0,0,0.0,11,0.6478209495544434,yolo12n,fog_l3
Koeln/Koeln2/2015-04-23_13-27-52/Trafficlight_2,9,7,0.7777777777777778,0,0.0,7,3.8833160400390625,yolo12n,fog_l3
Koeln/Koeln2/2015-04-23_13-27-52/Trafficlight_3,9,9,1.0,0,0.0,9,5.17716908454895,yolo12n,fog_l3
Koeln/Koeln2/2015-04-23_13-28-56/Trafficlight_1,1,1,1.0,0,0.0,1,0.0,yolo12n,fog_l3
Koeln/Koeln2/2015-04-23_13-28-56/Trafficlight_3,1,1,1.0,0,0.0,1,0.0,yolo12n,fog_l3
Koeln/Koeln2/2015-04-23_13-29-48/Trafficlight_1,17,9,0.5294117647058824,0,0.0,9,2.8814260959625244,yolo12n,fog_l3
Koeln/Koeln2/2015-04-23_13-29-48/Trafficlight_2,13,13,1.0,0,0.0,13,4.294061899185181,yolo12n,fog_l3
Koeln/Koeln2/2015-04-23_13-29-48/Trafficlight_3,17,17,1.0,0,0.0,17,5.824321031570435,yolo12n,fog_l3
Koeln/Koeln2/2015-04-23_13-30-07/Trafficlight_2,11,4,0.36363636363636365,0,0.0,3,1.1876580715179443,yolo12n,fog_l3
Koeln/Koeln2/2015-04-23_13-30-07/Trafficlight_3,14,9,0.6428571428571429,0,0.0,7,3.532397985458374,yolo12n,fog_l3
Koeln/Koeln2/2015-04-23_13-30-57/Trafficlight_3,10,3,0.3,0,0.0,3,1.4707400798797607,yolo12n,fog_l3
Koeln/Koeln2/2015-04-23_13-30-57/Trafficlight_4,12,6,0.5,0,0.0,4,2.409276008605957,yolo12n,fog_l3
Essen/Essen2/2015-04-22_11-54-56/Trafficlight_1,16,3,0.1875,0,0.0,1,0.0,yolov8n,lowlight_l1
Essen/Essen2/2015-04-22_11-54-56/Trafficlight_2,12,0,0.0,0,0.0,0,0.0,yolov8n,lowlight_l1
Essen/Essen2/2015-04-22_11-55-29/Trafficlight_1,22,1,0.045454545454545456,0,0.0,1,0.0,yolov8n,lowlight_l1
Essen/Essen2/2015-04-22_11-55-29/Trafficlight_2,15,0,0.0,0,0.0,0,0.0,yolov8n,lowlight_l1
Essen/Essen2/2015-04-22_11-55-29/Trafficlight_3,21,1,0.047619047619047616,0,0.0,1,0.0,yolov8n,lowlight_l1
Essen/Essen2/2015-04-22_11-58-40/Trafficlight_1,1,0,0.0,0,0.0,0,0.0,yolov8n,lowlight_l1
Essen/Essen2/2015-04-22_11-58-40/Trafficlight_2,1,0,0.0,0,0.0,0,0.0,yolov8n,lowlight_l1
Essen/Essen2/2015-04-22_11-59-47/Trafficlight_1,14,7,0.5,0,0.0,7,6.333770036697388,yolov8n,lowlight_l1
Essen/Essen2/2015-04-22_11-59-47/Trafficlight_2,18,0,0.0,0,0.0,0,0.0,yolov8n,lowlight_l1
Essen/Essen2/2015-04-22_11-59-47/Trafficlight_3,21,9,0.42857142857142855,0,0.0,2,0.5335609912872314,yolov8n,lowlight_l1
Essen/Essen2/2015-04-22_12-00-12/Trafficlight_1,12,5,0.4166666666666667,0,0.0,3,0.5360829830169678,yolov8n,lowlight_l1
Essen/Essen2/2015-04-22_12-00-12/Trafficlight_2,12,7,0.5833333333333334,0,0.0,7,1.602142095565796,yolov8n,lowlight_l1
Essen/Essen2/2015-04-22_12-00-12/Trafficlight_3,18,5,0.2777777777777778,0,0.0,4,0.8018250465393066,yolov8n,lowlight_l1
Essen/Essen2/2015-04-22_12-00-50/Trafficlight_1,8,2,0.25,0,0.0,2,1.73030686378479,yolov8n,lowlight_l1
Essen/Essen2/2015-04-22_12-00-50/Trafficlight_2,4,0,0.0,0,0.0,0,0.0,yolov8n,lowlight_l1
Essen/Essen2/2015-04-22_12-00-50/Trafficlight_3,7,2,0.2857142857142857,0,0.0,2,1.73030686378479,yolov8n,lowlight_l1
Essen/Essen2/2015-04-22_12-03-07/Trafficlight_7,1,1,1.0,0,0.0,1,0.0,yolov8n,lowlight_l1
Essen/Essen2/2015-04-22_12-03-07/Trafficlight_8,1,1,1.0,0,0.0,1,0.0,yolov8n,lowlight_l1
Essen/Essen2/2015-04-22_12-03-17/Trafficlight_1,11,11,1.0,0,0.0,11,3.3990509510040283,yolov8n,lowlight_l1
Essen/Essen2/2015-04-22_12-03-17/Trafficlight_2,11,9,0.8181818181818182,0,0.0,9,2.731131076812744,yolov8n,lowlight_l1
Essen/Essen2/2015-04-22_12-03-17/Trafficlight_3,10,7,0.7,0,0.0,5,1.400094985961914,yolov8n,lowlight_l1
Essen/Essen2/2015-04-22_12-03-17/Trafficlight_4,2,2,1.0,0,0.0,2,0.33318114280700684,yolov8n,lowlight_l1
Essen/Essen2/2015-04-22_12-04-52/Trafficlight_1,18,13,0.7222222222222222,0,0.0,5,1.3328280448913574,yolov8n,lowlight_l1
Essen/Essen2/2015-04-22_12-04-52/Trafficlight_5,6,6,1.0,0,0.0,6,1.664518117904663,yolov8n,lowlight_l1
Essen/Essen2/2015-04-22_12-07-48/Trafficlight_1,7,5,0.7142857142857143,0,0.0,3,0.6639621257781982,yolov8n,lowlight_l1
Essen/Essen2/2015-04-22_12-07-48/Trafficlight_2,7,2,0.2857142857142857,0,0.0,2,0.33454394340515137,yolov8n,lowlight_l1
Essen/Essen2/2015-04-22_12-07-48/Trafficlight_3,7,7,1.0,0,0.0,7,1.999337911605835,yolov8n,lowlight_l1
Essen/Essen2/2015-04-22_12-10-46/Trafficlight_2,10,1,0.1,0,0.0,1,0.0,yolov8n,lowlight_l1
Essen/Essen2/2015-04-22_12-10-46/Trafficlight_3,16,2,0.125,0,0.0,2,1.0018799304962158,yolov8n,lowlight_l1
Essen/Essen2/2015-04-22_12-10-46/Trafficlight_1,13,5,0.38461538461538464,0,0.0,2,1.0655491352081299,yolov8n,lowlight_l1
Essen/Essen2/2015-04-22_12-12-38/Trafficlight_1,14,3,0.21428571428571427,0,0.0,1,0.0,yolov8n,lowlight_l1
Essen/Essen2/2015-04-22_12-12-38/Trafficlight_2,16,2,0.125,0,0.0,1,0.0,yolov8n,lowlight_l1
Essen/Essen2/2015-04-22_12-14-33/Trafficlight_1,5,2,0.4,0,0.0,1,0.0,yolov8n,lowlight_l1
Essen/Essen2/2015-04-22_12-14-33/Trafficlight_2,4,0,0.0,0,0.0,0,0.0,yolov8n,lowlight_l1
Essen/Essen2/2015-04-22_12-14-33/Trafficlight_3,5,1,0.2,0,0.0,1,0.0,yolov8n,lowlight_l1
Essen/Essen2/2015-04-22_12-16-21/Trafficlight_1,16,1,0.0625,0,0.0,1,0.0,yolov8n,lowlight_l1
Essen/Essen2/2015-04-22_12-16-21/Trafficlight_2,12,5,0.4166666666666667,0,0.0,3,0.7985739707946777,yolov8n,lowlight_l1
Essen/Essen2/2015-04-22_12-17-10/Trafficlight_2,9,9,1.0,0,0.0,9,5.531995058059692,yolov8n,lowlight_l1
Essen/Essen2/2015-04-22_12-17-10/Trafficlight_1,17,7,0.4117647058823529,0,0.0,6,3.3997910022735596,yolov8n,lowlight_l1
Essen/Essen2/2015-04-22_12-17-10/Trafficlight_3,13,7,0.5384615384615384,0,0.0,5,2.7328109741210938,yolov8n,lowlight_l1
Essen/Essen3/2015-04-22_12-21-40/Trafficlight_2,20,13,0.65,0,0.0,11,1.9981610774993896,yolov8n,lowlight_l1
Essen/Essen3/2015-04-22_12-21-40/Trafficlight_3,1,0,0.0,0,0.0,0,0.0,yolov8n,lowlight_l1
Essen/Essen3/2015-04-22_12-22-11/Trafficlight_2,4,4,1.0,0,0.0,4,2.125485897064209,yolov8n,lowlight_l1
Essen/Essen3/2015-04-22_12-22-11/Trafficlight_3,6,0,0.0,0,0.0,0,0.0,yolov8n,lowlight_l1
Essen/Essen3/2015-04-22_12-22-11/Trafficlight_4,11,2,0.18181818181818182,0,0.0,2,0.6640579700469971,yolov8n,lowlight_l1
Essen/Essen3/2015-04-22_12-24-28/Trafficlight_1,5,5,1.0,0,0.0,5,3.932101011276245,yolov8n,lowlight_l1
Essen/Essen3/2015-04-22_12-24-28/Trafficlight_2,5,3,0.6,0,0.0,2,0.8665969371795654,yolov8n,lowlight_l1
Essen/Essen3/2015-04-22_12-24-28/Trafficlight_3,2,0,0.0,0,0.0,0,0.0,yolov8n,lowlight_l1
Essen/Essen3/2015-04-22_12-28-48/Trafficlight_1,20,7,0.35,0,0.0,5,2.132366895675659,yolov8n,lowlight_l1
Essen/Essen3/2015-04-22_12-28-48/Trafficlight_5,10,10,1.0,0,0.0,10,4.799072980880737,yolov8n,lowlight_l1
Essen/Essen3/2015-04-22_12-31-21/Trafficlight_4,1,1,1.0,0,0.0,1,0.0,yolov8n,lowlight_l1
Essen/Essen3/2015-04-22_12-31-56/Trafficlight_1,8,4,0.5,0,0.0,2,0.13503599166870117,yolov8n,lowlight_l1
Essen/Essen3/2015-04-22_12-31-56/Trafficlight_2,19,3,0.15789473684210525,0,0.0,3,0.2619669437408447,yolov8n,lowlight_l1
Essen/Essen3/2015-04-22_12-31-56/Trafficlight_3,9,6,0.6666666666666666,0,0.0,6,6.46475887298584,yolov8n,lowlight_l1
Essen/Essen3/2015-04-22_12-31-56/Trafficlight_4,9,1,0.1111111111111111,0,0.0,1,0.0,yolov8n,lowlight_l1
Essen/Essen3/2015-04-22_12-31-56/Trafficlight_16,8,0,0.0,0,0.0,0,0.0,yolov8n,lowlight_l1
Essen/Essen3/2015-04-22_12-31-56/Trafficlight_17,6,0,0.0,0,0.0,0,0.0,yolov8n,lowlight_l1
Essen/Essen3/2015-04-22_12-31-56/Trafficlight_18,10,0,0.0,0,0.0,0,0.0,yolov8n,lowlight_l1
Fulda/Fulda2/2015-05-15_18-00-09/Trafficlight_1,10,0,0.0,0,0.0,0,0.0,yolov8n,lowlight_l1
Fulda/Fulda2/2015-05-15_18-00-09/Trafficlight_7,3,0,0.0,0,0.0,0,0.0,yolov8n,lowlight_l1
Fulda/Fulda2/2015-05-15_18-00-57/Trafficlight_1,14,4,0.2857142857142857,0,0.0,3,1.178938865661621,yolov8n,lowlight_l1
Fulda/Fulda2/2015-05-15_18-00-57/Trafficlight_2,10,6,0.6,0,0.0,4,1.7629380226135254,yolov8n,lowlight_l1
Fulda/Fulda2/2015-05-15_18-00-57/Trafficlight_3,10,2,0.2,0,0.0,1,0.0,yolov8n,lowlight_l1
Fulda/Fulda2/2015-05-15_18-01-58/Trafficlight_14,3,3,1.0,0,0.0,3,1.1750850677490234,yolov8n,lowlight_l1
Fulda/Fulda2/2015-05-15_18-03-39/Trafficlight_5,11,2,0.18181818181818182,0,0.0,1,0.0,yolov8n,lowlight_l1
Fulda/Fulda2/2015-05-15_18-03-39/Trafficlight_6,7,0,0.0,0,0.0,0,0.0,yolov8n,lowlight_l1
Fulda/Fulda2/2015-05-15_18-03-39/Trafficlight_7,11,0,0.0,0,0.0,0,0.0,yolov8n,lowlight_l1
Fulda/Fulda2/2015-05-15_18-04-24/Trafficlight_2,15,3,0.2,0,0.0,2,0.5911819934844971,yolov8n,lowlight_l1
Fulda/Fulda2/2015-05-15_18-05-38/Trafficlight_1,16,3,0.1875,0,0.0,2,0.594959020614624,yolov8n,lowlight_l1
Fulda/Fulda2/2015-05-15_18-05-38/Trafficlight_7,14,3,0.21428571428571427,0,0.0,3,1.176785945892334,yolov8n,lowlight_l1
Fulda/Fulda2/2015-05-15_18-05-38/Trafficlight_12,7,7,1.0,0,0.0,4,1.763545036315918,yolov8n,lowlight_l1
Fulda/Fulda2/2015-05-15_18-07-04/Trafficlight_2,7,4,0.5714285714285714,0,0.0,3,1.1761260032653809,yolov8n,lowlight_l1
Fulda/Fulda2/2015-05-15_18-07-04/Trafficlight_3,10,2,0.2,0,0.0,1,0.0,yolov8n,lowlight_l1
Fulda/Fulda2/2015-05-15_18-07-04/Trafficlight_14,2,2,1.0,0,0.0,2,0.5877358913421631,yolov8n,lowlight_l1
Fulda/Fulda2/2015-05-15_18-07-37/Trafficlight_2,2,1,0.5,0,0.0,1,0.0,yolov8n,lowlight_l1
Fulda/Fulda2/2015-05-15_18-07-37/Trafficlight_3,3,3,1.0,0,0.0,3,1.1775381565093994,yolov8n,lowlight_l1
Fulda/Fulda2/2015-05-15_18-08-11/Trafficlight_1,8,0,0.0,0,0.0,0,0.0,yolov8n,lowlight_l1
Fulda/Fulda2/2015-05-15_18-08-11/Trafficlight_2,8,0,0.0,0,0.0,0,0.0,yolov8n,lowlight_l1
Fulda/Fulda2/2015-05-15_18-09-21/Trafficlight_1,14,7,0.5,0,0.0,3,1.176116943359375,yolov8n,lowlight_l1
Fulda/Fulda2/2015-05-15_18-09-21/Trafficlight_2,5,2,0.4,0,0.0,1,0.0,yolov8n,lowlight_l1
Fulda/Fulda2/2015-05-15_18-11-25/Trafficlight_1,14,2,0.14285714285714285,0,0.0,1,0.0,yolov8n,lowlight_l1
Fulda/Fulda2/2015-05-15_18-11-25/Trafficlight_2,9,0,0.0,0,0.0,0,0.0,yolov8n,lowlight_l1
Fulda/Fulda2/2015-05-15_18-11-25/Trafficlight_3,12,0,0.0,0,0.0,0,0.0,yolov8n,lowlight_l1
Fulda/Fulda2/2015-05-15_18-12-26/Trafficlight_12,1,1,1.0,0,0.0,1,0.0,yolov8n,lowlight_l1
Fulda/Fulda2/2015-05-15_18-12-26/Trafficlight_13,1,0,0.0,0,0.0,0,0.0,yolov8n,lowlight_l1
Fulda/Fulda2/2015-05-15_18-13-56/Trafficlight_2,3,3,1.0,0,0.0,3,1.1754150390625,yolov8n,lowlight_l1
Fulda/Fulda2/2015-05-15_18-13-56/Trafficlight_3,3,2,0.6666666666666666,0,0.0,1,0.0,yolov8n,lowlight_l1
Fulda/Fulda2/2015-05-15_18-13-56/Trafficlight_4,4,4,1.0,0,0.0,4,1.76487398147583,yolov8n,lowlight_l1
Hannover/Hannover4/2015-04-20_13-51-29/Trafficlight_7,20,20,1.0,0,0.0,20,5.936743974685669,yolov8n,lowlight_l1
Hannover/Hannover4/2015-04-20_13-51-36/Trafficlight_4,20,20,1.0,0,0.0,20,1.467405080795288,yolov8n,lowlight_l1
Hannover/Hannover4/2015-04-20_13-51-36/Trafficlight_6,10,10,1.0,0,0.0,10,0.6674211025238037,yolov8n,lowlight_l1
Hannover/Hannover4/2015-04-20_13-51-40/Trafficlight_2,20,6,0.3,0,0.0,2,0.5967841148376465,yolov8n,lowlight_l1
Hannover/Hannover4/2015-04-20_13-51-40/Trafficlight_1,18,15,0.8333333333333334,0,0.0,15,9.93589997291565,yolov8n,lowlight_l1
Hannover/Hannover4/2015-04-20_13-51-40/Trafficlight_3,19,14,0.7368421052631579,0,0.0,7,3.73987078666687,yolov8n,lowlight_l1
Hannover/Hannover4/2015-04-20_13-54-28/Trafficlight_2,4,0,0.0,0,0.0,0,0.0,yolov8n,lowlight_l1
Hannover/Hannover4/2015-04-20_13-54-28/Trafficlight_3,13,5,0.38461538461538464,0,0.0,2,1.8680229187011719,yolov8n,lowlight_l1
Hannover/Hannover4/2015-04-20_13-54-28/Trafficlight_7,5,5,1.0,0,0.0,5,3.7315638065338135,yolov8n,lowlight_l1
Hannover/Hannover4/2015-04-20_13-56-44/Trafficlight_3,12,0,0.0,0,0.0,0,0.0,yolov8n,lowlight_l1
Hannover/Hannover4/2015-04-20_13-56-44/Trafficlight_4,19,1,0.05263157894736842,0,0.0,1,0.0,yolov8n,lowlight_l1
Hannover/Hannover4/2015-04-20_13-57-56/Trafficlight_4,19,19,1.0,0,0.0,19,1.1975510120391846,yolov8n,lowlight_l1
Hannover/Hannover4/2015-04-20_13-58-03/Trafficlight_3,16,3,0.1875,0,0.0,1,0.0,yolov8n,lowlight_l1
Hannover/Hannover4/2015-04-20_13-58-03/Trafficlight_4,23,10,0.43478260869565216,0,0.0,4,2.0670831203460693,yolov8n,lowlight_l1
Hannover/Hannover4/2015-04-20_13-59-27/Trafficlight_1,20,11,0.55,0,0.0,5,0.26704907417297363,yolov8n,lowlight_l1
Hannover/Hannover4/2015-04-20_14-00-12/Trafficlight_1,26,19,0.7307692307692307,0,0.0,12,6.397797107696533,yolov8n,lowlight_l1
Hannover/Hannover4/2015-04-20_14-00-12/Trafficlight_2,29,0,0.0,0,0.0,0,0.0,yolov8n,lowlight_l1
Hannover/Hannover4/2015-04-20_14-00-12/Trafficlight_3,9,1,0.1111111111111111,0,0.0,1,0.0,yolov8n,lowlight_l1
Hannover/Hannover4/2015-04-20_14-01-01/Trafficlight_2,20,0,0.0,0,0.0,0,0.0,yolov8n,lowlight_l1
Hannover/Hannover4/2015-04-20_14-01-01/Trafficlight_1,20,4,0.2,0,0.0,3,1.733983039855957,yolov8n,lowlight_l1
Hannover/Hannover4/2015-04-20_14-02-07/Trafficlight_4,20,20,1.0,0,0.0,20,5.469353914260864,yolov8n,lowlight_l1
Hannover/Hannover4/2015-04-20_14-02-24/Trafficlight_2,8,0,0.0,0,0.0,0,0.0,yolov8n,lowlight_l1
Hannover/Hannover4/2015-04-20_14-02-24/Trafficlight_3,10,6,0.6,0,0.0,3,0.6020488739013672,yolov8n,lowlight_l1
Hannover/Hannover4/2015-04-20_14-02-24/Trafficlight_1,9,4,0.4444444444444444,0,0.0,4,0.9322109222412109,yolov8n,lowlight_l1
Hannover/Hannover4/2015-04-20_14-02-24/Trafficlight_5,1,1,1.0,0,0.0,1,0.0,yolov8n,lowlight_l1
Hannover/Hannover4/2015-04-20_14-04-24/Trafficlight_3,6,5,0.8333333333333334,0,0.0,4,1.6685810089111328,yolov8n,lowlight_l1
Hannover/Hannover4/2015-04-20_14-04-24/Trafficlight_4,4,0,0.0,0,0.0,0,0.0,yolov8n,lowlight_l1
Hannover/Hannover4/2015-04-20_14-04-24/Trafficlight_5,14,7,0.5,0,0.0,6,2.8010809421539307,yolov8n,lowlight_l1
Hannover/Hannover4/2015-04-20_14-05-57/Trafficlight_2,12,1,0.08333333333333333,0,0.0,1,0.0,yolov8n,lowlight_l1
Hannover/Hannover4/2015-04-20_14-05-57/Trafficlight_1,7,4,0.5714285714285714,0,0.0,3,1.7996389865875244,yolov8n,lowlight_l1
Hannover/Hannover4/2015-04-20_14-05-57/Trafficlight_3,17,2,0.11764705882352941,0,0.0,2,0.8647990226745605,yolov8n,lowlight_l1
Hannover/Hannover4/2015-04-20_14-06-51/Trafficlight_2,15,5,0.3333333333333333,0,0.0,3,1.1346631050109863,yolov8n,lowlight_l1
Hannover/Hannover4/2015-04-20_14-06-51/Trafficlight_1,18,1,0.05555555555555555,0,0.0,1,0.0,yolov8n,lowlight_l1
Hannover/Hannover4/2015-04-20_14-06-51/Trafficlight_3,18,7,0.3888888888888889,0,0.0,2,0.6014268398284912,yolov8n,lowlight_l1
Hannover/Hannover4/2015-04-20_14-08-36/Trafficlight_4,10,0,0.0,0,0.0,0,0.0,yolov8n,lowlight_l1
Hannover/Hannover4/2015-04-20_14-08-36/Trafficlight_5,20,0,0.0,0,0.0,0,0.0,yolov8n,lowlight_l1
Hannover/Hannover4/2015-04-20_14-08-36/Trafficlight_3,9,6,0.6666666666666666,0,0.0,4,1.0020370483398438,yolov8n,lowlight_l1
Hannover/Hannover4/2015-04-20_14-09-52/Trafficlight_1,20,0,0.0,0,0.0,0,0.0,yolov8n,lowlight_l1
Hannover/Hannover4/2015-04-20_14-09-52/Trafficlight_2,20,3,0.15,0,0.0,2,0.46873903274536133,yolov8n,lowlight_l1
Hannover/Hannover4/2015-04-20_14-11-20/Trafficlight_1,12,5,0.4166666666666667,0,0.0,3,0.9365520477294922,yolov8n,lowlight_l1
Hannover/Hannover4/2015-04-20_14-11-20/Trafficlight_3,3,2,0.6666666666666666,0,0.0,2,0.4687631130218506,yolov8n,lowlight_l1
Hannover/Hannover4/2015-04-20_14-12-16/Trafficlight_4,7,7,1.0,0,0.0,7,2.398069143295288,yolov8n,lowlight_l1
Hannover/Hannover4/2015-04-20_14-12-16/Trafficlight_5,7,7,1.0,0,0.0,7,2.398069143295288,yolov8n,lowlight_l1
Hannover/Hannover4/2015-04-20_14-12-16/Trafficlight_6,20,20,1.0,0,0.0,20,7.598844051361084,yolov8n,lowlight_l1
Hannover/Hannover4/2015-04-20_14-16-02/Trafficlight_2,14,3,0.21428571428571427,0,0.0,2,0.6692650318145752,yolov8n,lowlight_l1
Hannover/Hannover4/2015-04-20_14-16-02/Trafficlight_3,19,11,0.5789473684210527,0,0.0,3,1.2643611431121826,yolov8n,lowlight_l1
Hannover/Hannover4/2015-04-20_14-16-02/Trafficlight_1,8,7,0.875,0,0.0,4,1.8674218654632568,yolov8n,lowlight_l1
Hannover/Hannover4/2015-04-20_14-17-12/Trafficlight_2,20,2,0.1,0,0.0,2,0.33080101013183594,yolov8n,lowlight_l1
Hannover/Hannover4/2015-04-20_14-17-12/TrafficLight_6,20,9,0.45,0,0.0,6,1.5985119342803955,yolov8n,lowlight_l1
Hannover/Hannover4/2015-04-20_14-31-46/Trafficlight_3,4,0,0.0,0,0.0,0,0.0,yolov8n,lowlight_l1
Hannover/Hannover4/2015-04-20_14-31-46/Trafficlight_4,8,0,0.0,0,0.0,0,0.0,yolov8n,lowlight_l1
Hannover/Hannover4/2015-04-20_14-31-46/Trafficlight_2,9,7,0.7777777777777778,0,0.0,6,3.265881061553955,yolov8n,lowlight_l1
Hannover/Hannover4/2015-04-20_14-32-25/Trafficlight_3,14,0,0.0,0,0.0,0,0.0,yolov8n,lowlight_l1
Hannover/Hannover4/2015-04-20_14-32-25/Trafficlight_4,20,1,0.05,0,0.0,1,0.0,yolov8n,lowlight_l1
Hannover/Hannover4/2015-04-20_14-33-38/Trafficlight_2,6,2,0.3333333333333333,0,0.0,2,0.13374805450439453,yolov8n,lowlight_l1
Hannover/Hannover4/2015-04-20_14-33-38/Trafficlight_3,20,0,0.0,0,0.0,0,0.0,yolov8n,lowlight_l1
Koeln/Koeln2/2015-04-23_12-31-31/Trafficlight_1,2,0,0.0,0,0.0,0,0.0,yolov8n,lowlight_l1
Koeln/Koeln2/2015-04-23_12-31-31/Trafficlight_2,2,0,0.0,0,0.0,0,0.0,yolov8n,lowlight_l1
Koeln/Koeln2/2015-04-23_12-31-31/Trafficlight_3,2,2,1.0,0,0.0,2,0.47226786613464355,yolov8n,lowlight_l1
Koeln/Koeln2/2015-04-23_12-33-22/Trafficlight_19,1,1,1.0,0,0.0,1,0.0,yolov8n,lowlight_l1
Koeln/Koeln2/2015-04-23_12-54-40/Trafficlight_3,9,6,0.6666666666666666,0,0.0,4,2.531008005142212,yolov8n,lowlight_l1
Koeln/Koeln2/2015-04-23_12-54-40/Trafficlight_4,9,6,0.6666666666666666,3,0.3333333333333333,3,1.7074310779571533,yolov8n,lowlight_l1
Koeln/Koeln2/2015-04-23_12-55-44/Trafficlight_3,8,4,0.5,0,0.0,3,1.5286929607391357,yolov8n,lowlight_l1
Koeln/Koeln2/2015-04-23_12-55-44/Trafficlight_1,8,5,0.625,0,0.0,5,3.0573830604553223,yolov8n,lowlight_l1
Koeln/Koeln2/2015-04-23_12-55-44/Trafficlight_2,7,3,0.42857142857142855,0,0.0,1,0.0,yolov8n,lowlight_l1
Koeln/Koeln2/2015-04-23_12-56-08/Trafficlight_2,11,0,0.0,0,0.0,0,0.0,yolov8n,lowlight_l1
Koeln/Koeln2/2015-04-23_12-56-08/Trafficlight_1,20,9,0.45,0,0.0,9,7.054329872131348,yolov8n,lowlight_l1
Koeln/Koeln2/2015-04-23_12-56-08/Trafficlight_3,15,1,0.06666666666666667,0,0.0,1,0.0,yolov8n,lowlight_l1
Koeln/Koeln2/2015-04-23_12-58-12/Trafficlight_1,20,19,0.95,0,0.0,18,16.468605995178223,yolov8n,lowlight_l1
Koeln/Koeln2/2015-04-23_12-58-12/Trafficlight_2,20,2,0.1,0,0.0,2,0.9384341239929199,yolov8n,lowlight_l1
Koeln/Koeln2/2015-04-23_13-03-59/Trafficlight_2,5,5,1.0,0,0.0,5,2.116795063018799,yolov8n,lowlight_l1
Koeln/Koeln2/2015-04-23_13-03-59/Trafficlight_3,7,6,0.8571428571428571,0,0.0,6,2.940019130706787,yolov8n,lowlight_l1
Koeln/Koeln2/2015-04-23_13-05-35/Trafficlight_4,3,0,0.0,0,0.0,0,0.0,yolov8n,lowlight_l1
Koeln/Koeln2/2015-04-23_13-05-35/Trafficlight_5,4,0,0.0,0,0.0,0,0.0,yolov8n,lowlight_l1
Koeln/Koeln2/2015-04-23_13-10-19/Trafficlight_1,3,0,0.0,0,0.0,0,0.0,yolov8n,lowlight_l1
Koeln/Koeln2/2015-04-23_13-10-19/Trafficlight_3,5,1,0.2,0,0.0,1,0.0,yolov8n,lowlight_l1
Koeln/Koeln2/2015-04-23_13-10-19/Trafficlight_7,6,6,1.0,0,0.0,4,2.4686670303344727,yolov8n,lowlight_l1
Koeln/Koeln2/2015-04-23_13-10-19/Trafficlight_8,6,6,1.0,0,0.0,4,2.4686670303344727,yolov8n,lowlight_l1
Koeln/Koeln2/2015-04-23_13-11-46/Trafficlight_1,5,5,1.0,0,0.0,5,4.520406007766724,yolov8n,lowlight_l1
Koeln/Koeln2/2015-04-23_13-11-46/Trafficlight_3,7,4,0.5714285714285714,0,0.0,3,2.4709131717681885,yolov8n,lowlight_l1
Koeln/Koeln2/2015-04-23_13-15-36/Trafficlight_4,13,13,1.0,0,0.0,13,6.585233926773071,yolov8n,lowlight_l1
Koeln/Koeln2/2015-04-23_13-15-36/Trafficlight_5,2,2,1.0,0,0.0,2,0.7070450782775879,yolov8n,lowlight_l1
Koeln/Koeln2/2015-04-23_13-15-59/Trafficlight_4,15,0,0.0,0,0.0,0,0.0,yolov8n,lowlight_l1
Koeln/Koeln2/2015-04-23_13-15-59/Trafficlight_3,7,0,0.0,0,0.0,0,0.0,yolov8n,lowlight_l1
Koeln/Koeln2/2015-04-23_13-16-45/Trafficlight_5,2,0,0.0,0,0.0,0,0.0,yolov8n,lowlight_l1
Koeln/Koeln2/2015-04-23_13-18-13/Trafficlight_4,7,6,0.8571428571428571,0,0.0,3,0.704395055770874,yolov8n,lowlight_l1
Koeln/Koeln2/2015-04-23_13-18-13/Trafficlight_5,12,9,0.75,0,0.0,9,2.821571111679077,yolov8n,lowlight_l1
Koeln/Koeln2/2015-04-23_13-18-13/Trafficlight_6,13,2,0.15384615384615385,0,0.0,2,0.3517429828643799,yolov8n,lowlight_l1
Koeln/Koeln2/2015-04-23_13-18-13/Trafficlight_7,19,0,0.0,0,0.0,0,0.0,yolov8n,lowlight_l1
Koeln/Koeln2/2015-04-23_13-19-07/Trafficlight_1,12,0,0.0,0,0.0,0,0.0,yolov8n,lowlight_l1
Koeln/Koeln2/2015-04-23_13-19-07/Trafficlight_2,4,1,0.25,0,0.0,1,0.0,yolov8n,lowlight_l1
Koeln/Koeln2/2015-04-23_13-19-07/Trafficlight_3,5,2,0.4,0,0.0,2,1.763930082321167,yolov8n,lowlight_l1
Koeln/Koeln2/2015-04-23_13-19-07/Trafficlight_6,12,6,0.5,0,0.0,1,0.0,yolov8n,lowlight_l1
Koeln/Koeln2/2015-04-23_13-19-07/Trafficlight_7,5,1,0.2,0,0.0,1,0.0,yolov8n,lowlight_l1
Koeln/Koeln2/2015-04-23_13-19-07/Trafficlight_8,6,2,0.3333333333333333,0,0.0,1,0.0,yolov8n,lowlight_l1
Koeln/Koeln2/2015-04-23_13-22-16/Trafficlight_5,16,7,0.4375,0,0.0,3,1.704421043395996,yolov8n,lowlight_l1
Koeln/Koeln2/2015-04-23_13-22-16/Trafficlight_6,14,2,0.14285714285714285,0,0.0,2,0.8212699890136719,yolov8n,lowlight_l1
Koeln/Koeln2/2015-04-23_13-26-00/Trafficlight_1,5,5,1.0,0,0.0,5,0.23670387268066406,yolov8n,lowlight_l1
Koeln/Koeln2/2015-04-23_13-26-00/Trafficlight_2,11,9,0.8181818181818182,0,0.0,5,0.23359394073486328,yolov8n,lowlight_l1
Koeln/Koeln2/2015-04-23_13-27-52/Trafficlight_2,9,1,0.1111111111111111,0,0.0,1,0.0,yolov8n,lowlight_l1
Koeln/Koeln2/2015-04-23_13-27-52/Trafficlight_3,9,0,0.0,0,0.0,0,0.0,yolov8n,lowlight_l1
Koeln/Koeln2/2015-04-23_13-28-56/Trafficlight_1,1,1,1.0,0,0.0,1,0.0,yolov8n,lowlight_l1
Koeln/Koeln2/2015-04-23_13-28-56/Trafficlight_3,1,0,0.0,0,0.0,0,0.0,yolov8n,lowlight_l1
Koeln/Koeln2/2015-04-23_13-29-48/Trafficlight_1,17,1,0.058823529411764705,0,0.0,1,0.0,yolov8n,lowlight_l1
Koeln/Koeln2/2015-04-23_13-29-48/Trafficlight_2,13,2,0.15384615384615385,0,0.0,1,0.0,yolov8n,lowlight_l1
Koeln/Koeln2/2015-04-23_13-29-48/Trafficlight_3,17,9,0.5294117647058824,0,0.0,9,2.94289493560791,yolov8n,lowlight_l1
Koeln/Koeln2/2015-04-23_13-30-07/Trafficlight_2,11,0,0.0,0,0.0,0,0.0,yolov8n,lowlight_l1
Koeln/Koeln2/2015-04-23_13-30-07/Trafficlight_3,14,1,0.07142857142857142,0,0.0,1,0.0,yolov8n,lowlight_l1
Koeln/Koeln2/2015-04-23_13-30-57/Trafficlight_3,10,1,0.1,0,0.0,1,0.0,yolov8n,lowlight_l1
Koeln/Koeln2/2015-04-23_13-30-57/Trafficlight_4,12,2,0.16666666666666666,0,0.0,2,1.004526138305664,yolov8n,lowlight_l1
Essen/Essen2/2015-04-22_11-54-56/Trafficlight_1,16,0,0.0,0,0.0,0,0.0,yolo11n,lowlight_l1
Essen/Essen2/2015-04-22_11-54-56/Trafficlight_2,12,1,0.08333333333333333,0,0.0,1,0.0,yolo11n,lowlight_l1
Essen/Essen2/2015-04-22_11-55-29/Trafficlight_1,22,1,0.045454545454545456,0,0.0,1,0.0,yolo11n,lowlight_l1
Essen/Essen2/2015-04-22_11-55-29/Trafficlight_2,15,0,0.0,0,0.0,0,0.0,yolo11n,lowlight_l1
Essen/Essen2/2015-04-22_11-55-29/Trafficlight_3,21,4,0.19047619047619047,0,0.0,2,0.3983139991760254,yolo11n,lowlight_l1
Essen/Essen2/2015-04-22_11-58-40/Trafficlight_1,1,0,0.0,0,0.0,0,0.0,yolo11n,lowlight_l1
Essen/Essen2/2015-04-22_11-58-40/Trafficlight_2,1,0,0.0,0,0.0,0,0.0,yolo11n,lowlight_l1
Essen/Essen2/2015-04-22_11-59-47/Trafficlight_1,14,8,0.5714285714285714,0,0.0,7,6.333770036697388,yolo11n,lowlight_l1
Essen/Essen2/2015-04-22_11-59-47/Trafficlight_2,18,0,0.0,0,0.0,0,0.0,yolo11n,lowlight_l1
Essen/Essen2/2015-04-22_11-59-47/Trafficlight_3,21,9,0.42857142857142855,0,0.0,3,1.0717430114746094,yolo11n,lowlight_l1
Essen/Essen2/2015-04-22_12-00-12/Trafficlight_1,12,5,0.4166666666666667,0,0.0,3,0.5360829830169678,yolo11n,lowlight_l1
Essen/Essen2/2015-04-22_12-00-12/Trafficlight_2,12,7,0.5833333333333334,0,0.0,7,1.602142095565796,yolo11n,lowlight_l1
Essen/Essen2/2015-04-22_12-00-12/Trafficlight_3,18,1,0.05555555555555555,0,0.0,1,0.0,yolo11n,lowlight_l1
Essen/Essen2/2015-04-22_12-00-50/Trafficlight_1,8,0,0.0,0,0.0,0,0.0,yolo11n,lowlight_l1
Essen/Essen2/2015-04-22_12-00-50/Trafficlight_2,4,0,0.0,0,0.0,0,0.0,yolo11n,lowlight_l1
Essen/Essen2/2015-04-22_12-00-50/Trafficlight_3,7,3,0.42857142857142855,0,0.0,3,3.466460943222046,yolo11n,lowlight_l1
Essen/Essen2/2015-04-22_12-03-07/Trafficlight_7,1,1,1.0,0,0.0,1,0.0,yolo11n,lowlight_l1
Essen/Essen2/2015-04-22_12-03-07/Trafficlight_8,1,1,1.0,0,0.0,1,0.0,yolo11n,lowlight_l1
Essen/Essen2/2015-04-22_12-03-17/Trafficlight_1,11,11,1.0,0,0.0,11,3.3990509510040283,yolo11n,lowlight_l1
Essen/Essen2/2015-04-22_12-03-17/Trafficlight_2,11,8,0.7272727272727273,0,0.0,5,1.33103609085083,yolo11n,lowlight_l1
Essen/Essen2/2015-04-22_12-03-17/Trafficlight_3,10,2,0.2,0,0.0,1,0.0,yolo11n,lowlight_l1
Essen/Essen2/2015-04-22_12-03-17/Trafficlight_4,2,2,1.0,0,0.0,2,0.33318114280700684,yolo11n,lowlight_l1
Essen/Essen2/2015-04-22_12-04-52/Trafficlight_1,18,16,0.8888888888888888,0,0.0,15,4.666743040084839,yolo11n,lowlight_l1
Essen/Essen2/2015-04-22_12-04-52/Trafficlight_5,6,6,1.0,0,0.0,6,1.664518117904663,yolo11n,lowlight_l1
Essen/Essen2/2015-04-22_12-07-48/Trafficlight_1,7,7,1.0,0,0.0,7,1.999337911605835,yolo11n,lowlight_l1
Essen/Essen2/2015-04-22_12-07-48/Trafficlight_2,7,0,0.0,0,0.0,0,0.0,yolo11n,lowlight_l1
Essen/Essen2/2015-04-22_12-07-48/Trafficlight_3,7,7,1.0,0,0.0,7,1.999337911605835,yolo11n,lowlight_l1
Essen/Essen2/2015-04-22_12-10-46/Trafficlight_2,10,1,0.1,1,0.1,1,0.0,yolo11n,lowlight_l1
Essen/Essen2/2015-04-22_12-10-46/Trafficlight_3,16,4,0.25,0,0.0,4,3.0016729831695557,yolo11n,lowlight_l1
Essen/Essen2/2015-04-22_12-10-46/Trafficlight_1,13,6,0.46153846153846156,0,0.0,4,3.0016729831695557,yolo11n,lowlight_l1
Essen/Essen2/2015-04-22_12-12-38/Trafficlight_1,14,10,0.7142857142857143,0,0.0,9,3.8686540126800537,yolo11n,lowlight_l1
Essen/Essen2/2015-04-22_12-12-38/Trafficlight_2,16,1,0.0625,0,0.0,1,0.0,yolo11n,lowlight_l1
Essen/Essen2/2015-04-22_12-14-33/Trafficlight_1,5,5,1.0,0,0.0,5,1.8019039630889893,yolo11n,lowlight_l1
Essen/Essen2/2015-04-22_12-14-33/Trafficlight_2,4,0,0.0,0,0.0,0,0.0,yolo11n,lowlight_l1
Essen/Essen2/2015-04-22_12-14-33/Trafficlight_3,5,4,0.8,0,0.0,3,0.8670551776885986,yolo11n,lowlight_l1
Essen/Essen2/2015-04-22_12-16-21/Trafficlight_1,16,0,0.0,0,0.0,0,0.0,yolo11n,lowlight_l1
Essen/Essen2/2015-04-22_12-16-21/Trafficlight_2,12,3,0.25,0,0.0,3,0.7985739707946777,yolo11n,lowlight_l1
Essen/Essen2/2015-04-22_12-17-10/Trafficlight_2,9,5,0.5555555555555556,0,0.0,2,0.6669800281524658,yolo11n,lowlight_l1
Essen/Essen2/2015-04-22_12-17-10/Trafficlight_1,17,6,0.35294117647058826,0,0.0,6,3.3997910022735596,yolo11n,lowlight_l1
Essen/Essen2/2015-04-22_12-17-10/Trafficlight_3,13,6,0.46153846153846156,0,0.0,4,2.0001728534698486,yolo11n,lowlight_l1
Essen/Essen3/2015-04-22_12-21-40/Trafficlight_2,20,5,0.25,0,0.0,4,0.5999970436096191,yolo11n,lowlight_l1
Essen/Essen3/2015-04-22_12-21-40/Trafficlight_3,1,0,0.0,0,0.0,0,0.0,yolo11n,lowlight_l1
Essen/Essen3/2015-04-22_12-22-11/Trafficlight_2,4,2,0.5,0,0.0,1,0.0,yolo11n,lowlight_l1
Essen/Essen3/2015-04-22_12-22-11/Trafficlight_3,6,1,0.16666666666666666,0,0.0,1,0.0,yolo11n,lowlight_l1
Essen/Essen3/2015-04-22_12-22-11/Trafficlight_4,11,1,0.09090909090909091,0,0.0,1,0.0,yolo11n,lowlight_l1
Essen/Essen3/2015-04-22_12-24-28/Trafficlight_1,5,5,1.0,0,0.0,5,3.932101011276245,yolo11n,lowlight_l1
Essen/Essen3/2015-04-22_12-24-28/Trafficlight_2,5,2,0.4,0,0.0,2,1.064296007156372,yolo11n,lowlight_l1
Essen/Essen3/2015-04-22_12-24-28/Trafficlight_3,2,0,0.0,0,0.0,0,0.0,yolo11n,lowlight_l1
Essen/Essen3/2015-04-22_12-28-48/Trafficlight_1,20,5,0.25,0,0.0,5,2.132366895675659,yolo11n,lowlight_l1
Essen/Essen3/2015-04-22_12-28-48/Trafficlight_5,10,9,0.9,0,0.0,7,3.199968099594116,yolo11n,lowlight_l1
Essen/Essen3/2015-04-22_12-31-21/Trafficlight_4,1,1,1.0,0,0.0,1,0.0,yolo11n,lowlight_l1
Essen/Essen3/2015-04-22_12-31-56/Trafficlight_1,8,3,0.375,0,0.0,2,0.13503599166870117,yolo11n,lowlight_l1
Essen/Essen3/2015-04-22_12-31-56/Trafficlight_2,19,1,0.05263157894736842,0,0.0,1,0.0,yolo11n,lowlight_l1
Essen/Essen3/2015-04-22_12-31-56/Trafficlight_3,9,6,0.6666666666666666,0,0.0,6,6.46475887298584,yolo11n,lowlight_l1
Essen/Essen3/2015-04-22_12-31-56/Trafficlight_4,9,3,0.3333333333333333,0,0.0,3,2.59854793548584,yolo11n,lowlight_l1
Essen/Essen3/2015-04-22_12-31-56/Trafficlight_16,8,0,0.0,0,0.0,0,0.0,yolo11n,lowlight_l1
Essen/Essen3/2015-04-22_12-31-56/Trafficlight_17,6,0,0.0,0,0.0,0,0.0,yolo11n,lowlight_l1
Essen/Essen3/2015-04-22_12-31-56/Trafficlight_18,10,0,0.0,0,0.0,0,0.0,yolo11n,lowlight_l1
Fulda/Fulda2/2015-05-15_18-00-09/Trafficlight_1,10,0,0.0,0,0.0,0,0.0,yolo11n,lowlight_l1
Fulda/Fulda2/2015-05-15_18-00-09/Trafficlight_7,3,0,0.0,0,0.0,0,0.0,yolo11n,lowlight_l1
Fulda/Fulda2/2015-05-15_18-00-57/Trafficlight_1,14,2,0.14285714285714285,0,0.0,1,0.0,yolo11n,lowlight_l1
Fulda/Fulda2/2015-05-15_18-00-57/Trafficlight_2,10,1,0.1,0,0.0,1,0.0,yolo11n,lowlight_l1
Fulda/Fulda2/2015-05-15_18-00-57/Trafficlight_3,10,1,0.1,0,0.0,1,0.0,yolo11n,lowlight_l1
Fulda/Fulda2/2015-05-15_18-01-58/Trafficlight_14,3,3,1.0,0,0.0,3,1.1750850677490234,yolo11n,lowlight_l1
Fulda/Fulda2/2015-05-15_18-03-39/Trafficlight_5,11,2,0.18181818181818182,0,0.0,1,0.0,yolo11n,lowlight_l1
Fulda/Fulda2/2015-05-15_18-03-39/Trafficlight_6,7,0,0.0,0,0.0,0,0.0,yolo11n,lowlight_l1
Fulda/Fulda2/2015-05-15_18-03-39/Trafficlight_7,11,1,0.09090909090909091,0,0.0,1,0.0,yolo11n,lowlight_l1
Fulda/Fulda2/2015-05-15_18-04-24/Trafficlight_2,15,4,0.26666666666666666,0,0.0,2,0.5911819934844971,yolo11n,lowlight_l1
Fulda/Fulda2/2015-05-15_18-05-38/Trafficlight_1,16,0,0.0,0,0.0,0,0.0,yolo11n,lowlight_l1
Fulda/Fulda2/2015-05-15_18-05-38/Trafficlight_7,14,2,0.14285714285714285,0,0.0,1,0.0,yolo11n,lowlight_l1
Fulda/Fulda2/2015-05-15_18-05-38/Trafficlight_12,7,7,1.0,0,0.0,4,1.763545036315918,yolo11n,lowlight_l1
Fulda/Fulda2/2015-05-15_18-07-04/Trafficlight_2,7,1,0.14285714285714285,0,0.0,1,0.0,yolo11n,lowlight_l1
Fulda/Fulda2/2015-05-15_18-07-04/Trafficlight_3,10,4,0.4,0,0.0,2,0.5892250537872314,yolo11n,lowlight_l1
Fulda/Fulda2/2015-05-15_18-07-04/Trafficlight_14,2,2,1.0,0,0.0,2,0.5877358913421631,yolo11n,lowlight_l1
Fulda/Fulda2/2015-05-15_18-07-37/Trafficlight_2,2,0,0.0,0,0.0,0,0.0,yolo11n,lowlight_l1
Fulda/Fulda2/2015-05-15_18-07-37/Trafficlight_3,3,2,0.6666666666666666,0,0.0,2,0.5985150337219238,yolo11n,lowlight_l1
Fulda/Fulda2/2015-05-15_18-08-11/Trafficlight_1,8,0,0.0,0,0.0,0,0.0,yolo11n,lowlight_l1
Fulda/Fulda2/2015-05-15_18-08-11/Trafficlight_2,8,0,0.0,0,0.0,0,0.0,yolo11n,lowlight_l1
Fulda/Fulda2/2015-05-15_18-09-21/Trafficlight_1,14,3,0.21428571428571427,0,0.0,1,0.0,yolo11n,lowlight_l1
Fulda/Fulda2/2015-05-15_18-09-21/Trafficlight_2,5,1,0.2,0,0.0,1,0.0,yolo11n,lowlight_l1
Fulda/Fulda2/2015-05-15_18-11-25/Trafficlight_1,14,3,0.21428571428571427,0,0.0,1,0.0,yolo11n,lowlight_l1
Fulda/Fulda2/2015-05-15_18-11-25/Trafficlight_2,9,0,0.0,0,0.0,0,0.0,yolo11n,lowlight_l1
Fulda/Fulda2/2015-05-15_18-11-25/Trafficlight_3,12,0,0.0,0,0.0,0,0.0,yolo11n,lowlight_l1
Fulda/Fulda2/2015-05-15_18-12-26/Trafficlight_12,1,1,1.0,0,0.0,1,0.0,yolo11n,lowlight_l1
Fulda/Fulda2/2015-05-15_18-12-26/Trafficlight_13,1,1,1.0,0,0.0,1,0.0,yolo11n,lowlight_l1
Fulda/Fulda2/2015-05-15_18-13-56/Trafficlight_2,3,2,0.6666666666666666,0,0.0,2,0.5888731479644775,yolo11n,lowlight_l1
Fulda/Fulda2/2015-05-15_18-13-56/Trafficlight_3,3,2,0.6666666666666666,0,0.0,2,0.5865418910980225,yolo11n,lowlight_l1
Fulda/Fulda2/2015-05-15_18-13-56/Trafficlight_4,4,4,1.0,0,0.0,4,1.76487398147583,yolo11n,lowlight_l1
Hannover/Hannover4/2015-04-20_13-51-29/Trafficlight_7,20,20,1.0,0,0.0,20,5.936743974685669,yolo11n,lowlight_l1
Hannover/Hannover4/2015-04-20_13-51-36/Trafficlight_4,20,20,1.0,0,0.0,20,1.467405080795288,yolo11n,lowlight_l1
Hannover/Hannover4/2015-04-20_13-51-36/Trafficlight_6,10,10,1.0,0,0.0,10,0.6674211025238037,yolo11n,lowlight_l1
Hannover/Hannover4/2015-04-20_13-51-40/Trafficlight_2,20,4,0.2,0,0.0,2,0.6010279655456543,yolo11n,lowlight_l1
Hannover/Hannover4/2015-04-20_13-51-40/Trafficlight_1,18,17,0.9444444444444444,0,0.0,13,8.66636610031128,yolo11n,lowlight_l1
Hannover/Hannover4/2015-04-20_13-51-40/Trafficlight_3,19,15,0.7894736842105263,0,0.0,7,3.7318191528320312,yolo11n,lowlight_l1
Hannover/Hannover4/2015-04-20_13-54-28/Trafficlight_2,4,0,0.0,0,0.0,0,0.0,yolo11n,lowlight_l1
Hannover/Hannover4/2015-04-20_13-54-28/Trafficlight_3,13,2,0.15384615384615385,0,0.0,2,1.8680229187011719,yolo11n,lowlight_l1
Hannover/Hannover4/2015-04-20_13-54-28/Trafficlight_7,5,5,1.0,0,0.0,5,3.7315638065338135,yolo11n,lowlight_l1
Hannover/Hannover4/2015-04-20_13-56-44/Trafficlight_3,12,0,0.0,0,0.0,0,0.0,yolo11n,lowlight_l1
Hannover/Hannover4/2015-04-20_13-56-44/Trafficlight_4,19,3,0.15789473684210525,0,0.0,2,0.6693699359893799,yolo11n,lowlight_l1
Hannover/Hannover4/2015-04-20_13-57-56/Trafficlight_4,19,19,1.0,0,0.0,19,1.1975510120391846,yolo11n,lowlight_l1
Hannover/Hannover4/2015-04-20_13-58-03/Trafficlight_3,16,3,0.1875,0,0.0,3,1.3984041213989258,yolo11n,lowlight_l1
Hannover/Hannover4/2015-04-20_13-58-03/Trafficlight_4,23,10,0.43478260869565216,0,0.0,5,2.730855941772461,yolo11n,lowlight_l1
Hannover/Hannover4/2015-04-20_13-59-27/Trafficlight_1,20,4,0.2,0,0.0,1,0.0,yolo11n,lowlight_l1
Hannover/Hannover4/2015-04-20_14-00-12/Trafficlight_1,26,23,0.8846153846153846,1,0.038461538461538464,12,6.397797107696533,yolo11n,lowlight_l1
Hannover/Hannover4/2015-04-20_14-00-12/Trafficlight_2,29,1,0.034482758620689655,0,0.0,1,0.0,yolo11n,lowlight_l1
Hannover/Hannover4/2015-04-20_14-00-12/Trafficlight_3,9,2,0.2222222222222222,0,0.0,1,0.0,yolo11n,lowlight_l1
Hannover/Hannover4/2015-04-20_14-01-01/Trafficlight_2,20,0,0.0,0,0.0,0,0.0,yolo11n,lowlight_l1
Hannover/Hannover4/2015-04-20_14-01-01/Trafficlight_1,20,8,0.4,0,0.0,5,3.4689669609069824,yolo11n,lowlight_l1
Hannover/Hannover4/2015-04-20_14-02-07/Trafficlight_4,20,20,1.0,0,0.0,20,5.469353914260864,yolo11n,lowlight_l1
Hannover/Hannover4/2015-04-20_14-02-24/Trafficlight_2,8,0,0.0,0,0.0,0,0.0,yolo11n,lowlight_l1
Hannover/Hannover4/2015-04-20_14-02-24/Trafficlight_3,10,7,0.7,0,0.0,5,1.2619919776916504,yolo11n,lowlight_l1
Hannover/Hannover4/2015-04-20_14-02-24/Trafficlight_1,9,4,0.4444444444444444,0,0.0,4,0.9322109222412109,yolo11n,lowlight_l1
Hannover/Hannover4/2015-04-20_14-02-24/Trafficlight_5,1,1,1.0,0,0.0,1,0.0,yolo11n,lowlight_l1
Hannover/Hannover4/2015-04-20_14-04-24/Trafficlight_3,6,6,1.0,0,0.0,4,1.6685810089111328,yolo11n,lowlight_l1
Hannover/Hannover4/2015-04-20_14-04-24/Trafficlight_4,4,0,0.0,0,0.0,0,0.0,yolo11n,lowlight_l1
Hannover/Hannover4/2015-04-20_14-04-24/Trafficlight_5,14,5,0.35714285714285715,0,0.0,2,0.5996551513671875,yolo11n,lowlight_l1
Hannover/Hannover4/2015-04-20_14-05-57/Trafficlight_2,12,4,0.3333333333333333,0,0.0,3,1.7394959926605225,yolo11n,lowlight_l1
Hannover/Hannover4/2015-04-20_14-05-57/Trafficlight_1,7,5,0.7142857142857143,0,0.0,4,2.668240785598755,yolo11n,lowlight_l1
Hannover/Hannover4/2015-04-20_14-05-57/Trafficlight_3,17,3,0.17647058823529413,0,0.0,2,0.8647990226745605,yolo11n,lowlight_l1
Hannover/Hannover4/2015-04-20_14-06-51/Trafficlight_2,15,3,0.2,0,0.0,1,0.0,yolo11n,lowlight_l1
Hannover/Hannover4/2015-04-20_14-06-51/Trafficlight_1,18,1,0.05555555555555555,0,0.0,1,0.0,yolo11n,lowlight_l1
Hannover/Hannover4/2015-04-20_14-06-51/Trafficlight_3,18,10,0.5555555555555556,0,0.0,4,1.597217082977295,yolo11n,lowlight_l1
Hannover/Hannover4/2015-04-20_14-08-36/Trafficlight_4,10,3,0.3,0,0.0,2,0.3324880599975586,yolo11n,lowlight_l1
Hannover/Hannover4/2015-04-20_14-08-36/Trafficlight_5,20,1,0.05,0,0.0,1,0.0,yolo11n,lowlight_l1
Hannover/Hannover4/2015-04-20_14-08-36/Trafficlight_3,9,5,0.5555555555555556,0,0.0,4,1.0020370483398438,yolo11n,lowlight_l1
Hannover/Hannover4/2015-04-20_14-09-52/Trafficlight_1,20,0,0.0,0,0.0,0,0.0,yolo11n,lowlight_l1
Hannover/Hannover4/2015-04-20_14-09-52/Trafficlight_2,20,1,0.05,0,0.0,1,0.0,yolo11n,lowlight_l1
Hannover/Hannover4/2015-04-20_14-11-20/Trafficlight_1,12,3,0.25,0,0.0,2,0.4677889347076416,yolo11n,lowlight_l1
Hannover/Hannover4/2015-04-20_14-11-20/Trafficlight_3,3,0,0.0,0,0.0,0,0.0,yolo11n,lowlight_l1
Hannover/Hannover4/2015-04-20_14-12-16/Trafficlight_4,7,7,1.0,0,0.0,7,2.398069143295288,yolo11n,lowlight_l1
Hannover/Hannover4/2015-04-20_14-12-16/Trafficlight_5,7,7,1.0,0,0.0,7,2.398069143295288,yolo11n,lowlight_l1
Hannover/Hannover4/2015-04-20_14-12-16/Trafficlight_6,20,20,1.0,0,0.0,20,7.598844051361084,yolo11n,lowlight_l1
Hannover/Hannover4/2015-04-20_14-16-02/Trafficlight_2,14,3,0.21428571428571427,0,0.0,2,0.6692650318145752,yolo11n,lowlight_l1
Hannover/Hannover4/2015-04-20_14-16-02/Trafficlight_3,19,11,0.5789473684210527,0,0.0,4,1.871631145477295,yolo11n,lowlight_l1
Hannover/Hannover4/2015-04-20_14-16-02/Trafficlight_1,8,7,0.875,0,0.0,6,3.069628953933716,yolo11n,lowlight_l1
Hannover/Hannover4/2015-04-20_14-17-12/Trafficlight_2,20,1,0.05,0,0.0,1,0.0,yolo11n,lowlight_l1
Hannover/Hannover4/2015-04-20_14-17-12/TrafficLight_6,20,5,0.25,0,0.0,2,0.33080101013183594,yolo11n,lowlight_l1
Hannover/Hannover4/2015-04-20_14-31-46/Trafficlight_3,4,0,0.0,0,0.0,0,0.0,yolo11n,lowlight_l1
Hannover/Hannover4/2015-04-20_14-31-46/Trafficlight_4,8,0,0.0,0,0.0,0,0.0,yolo11n,lowlight_l1
Hannover/Hannover4/2015-04-20_14-31-46/Trafficlight_2,9,0,0.0,0,0.0,0,0.0,yolo11n,lowlight_l1
Hannover/Hannover4/2015-04-20_14-32-25/Trafficlight_3,14,0,0.0,0,0.0,0,0.0,yolo11n,lowlight_l1
Hannover/Hannover4/2015-04-20_14-32-25/Trafficlight_4,20,2,0.1,0,0.0,2,0.5329439640045166,yolo11n,lowlight_l1
Hannover/Hannover4/2015-04-20_14-33-38/Trafficlight_2,6,1,0.16666666666666666,0,0.0,1,0.0,yolo11n,lowlight_l1
Hannover/Hannover4/2015-04-20_14-33-38/Trafficlight_3,20,1,0.05,1,0.05,1,0.0,yolo11n,lowlight_l1
Koeln/Koeln2/2015-04-23_12-31-31/Trafficlight_1,2,0,0.0,0,0.0,0,0.0,yolo11n,lowlight_l1
Koeln/Koeln2/2015-04-23_12-31-31/Trafficlight_2,2,1,0.5,0,0.0,1,0.0,yolo11n,lowlight_l1
Koeln/Koeln2/2015-04-23_12-31-31/Trafficlight_3,2,2,1.0,0,0.0,2,0.47226786613464355,yolo11n,lowlight_l1
Koeln/Koeln2/2015-04-23_12-33-22/Trafficlight_19,1,1,1.0,0,0.0,1,0.0,yolo11n,lowlight_l1
Koeln/Koeln2/2015-04-23_12-54-40/Trafficlight_3,9,4,0.4444444444444444,0,0.0,2,0.8227109909057617,yolo11n,lowlight_l1
Koeln/Koeln2/2015-04-23_12-54-40/Trafficlight_4,9,5,0.5555555555555556,6,0.6666666666666666,2,0.8254489898681641,yolo11n,lowlight_l1
Koeln/Koeln2/2015-04-23_12-55-44/Trafficlight_3,8,6,0.75,0,0.0,6,3.821012020111084,yolo11n,lowlight_l1
Koeln/Koeln2/2015-04-23_12-55-44/Trafficlight_1,8,3,0.375,0,0.0,3,1.5271339416503906,yolo11n,lowlight_l1
Koeln/Koeln2/2015-04-23_12-55-44/Trafficlight_2,7,4,0.5714285714285714,0,0.0,2,0.765099048614502,yolo11n,lowlight_l1
Koeln/Koeln2/2015-04-23_12-56-08/Trafficlight_2,11,0,0.0,0,0.0,0,0.0,yolo11n,lowlight_l1
Koeln/Koeln2/2015-04-23_12-56-08/Trafficlight_1,20,8,0.4,0,0.0,8,6.172895908355713,yolo11n,lowlight_l1
Koeln/Koeln2/2015-04-23_12-56-08/Trafficlight_3,15,1,0.06666666666666667,0,0.0,1,0.0,yolo11n,lowlight_l1
Koeln/Koeln2/2015-04-23_12-58-12/Trafficlight_1,20,18,0.9,0,0.0,10,8.763768911361694,yolo11n,lowlight_l1
Koeln/Koeln2/2015-04-23_12-58-12/Trafficlight_2,20,0,0.0,0,0.0,0,0.0,yolo11n,lowlight_l1
Koeln/Koeln2/2015-04-23_13-03-59/Trafficlight_2,5,5,1.0,0,0.0,5,2.116795063018799,yolo11n,lowlight_l1
Koeln/Koeln2/2015-04-23_13-03-59/Trafficlight_3,7,5,0.7142857142857143,0,0.0,3,1.3537070751190186,yolo11n,lowlight_l1
Koeln/Koeln2/2015-04-23_13-05-35/Trafficlight_4,3,0,0.0,0,0.0,0,0.0,yolo11n,lowlight_l1
Koeln/Koeln2/2015-04-23_13-05-35/Trafficlight_5,4,0,0.0,0,0.0,0,0.0,yolo11n,lowlight_l1
Koeln/Koeln2/2015-04-23_13-10-19/Trafficlight_1,3,0,0.0,0,0.0,0,0.0,yolo11n,lowlight_l1
Koeln/Koeln2/2015-04-23_13-10-19/Trafficlight_3,5,1,0.2,0,0.0,1,0.0,yolo11n,lowlight_l1
Koeln/Koeln2/2015-04-23_13-10-19/Trafficlight_7,6,6,1.0,0,0.0,4,2.4686670303344727,yolo11n,lowlight_l1
Koeln/Koeln2/2015-04-23_13-10-19/Trafficlight_8,6,6,1.0,0,0.0,4,2.4686670303344727,yolo11n,lowlight_l1
Koeln/Koeln2/2015-04-23_13-11-46/Trafficlight_1,5,5,1.0,0,0.0,5,4.520406007766724,yolo11n,lowlight_l1
Koeln/Koeln2/2015-04-23_13-11-46/Trafficlight_3,7,3,0.42857142857142855,0,0.0,2,1.3504002094268799,yolo11n,lowlight_l1
Koeln/Koeln2/2015-04-23_13-15-36/Trafficlight_4,13,13,1.0,2,0.15384615384615385,13,6.585233926773071,yolo11n,lowlight_l1
Koeln/Koeln2/2015-04-23_13-15-36/Trafficlight_5,2,2,1.0,0,0.0,2,0.7070450782775879,yolo11n,lowlight_l1
Koeln/Koeln2/2015-04-23_13-15-59/Trafficlight_4,15,0,0.0,0,0.0,0,0.0,yolo11n,lowlight_l1
Koeln/Koeln2/2015-04-23_13-15-59/Trafficlight_3,7,0,0.0,0,0.0,0,0.0,yolo11n,lowlight_l1
Koeln/Koeln2/2015-04-23_13-16-45/Trafficlight_5,2,0,0.0,0,0.0,0,0.0,yolo11n,lowlight_l1
Koeln/Koeln2/2015-04-23_13-18-13/Trafficlight_4,7,7,1.0,0,0.0,5,1.4128310680389404,yolo11n,lowlight_l1
Koeln/Koeln2/2015-04-23_13-18-13/Trafficlight_5,12,8,0.6666666666666666,0,0.0,5,1.4112780094146729,yolo11n,lowlight_l1
Koeln/Koeln2/2015-04-23_13-18-13/Trafficlight_6,13,0,0.0,0,0.0,0,0.0,yolo11n,lowlight_l1
Koeln/Koeln2/2015-04-23_13-18-13/Trafficlight_7,19,1,0.05263157894736842,0,0.0,1,0.0,yolo11n,lowlight_l1
Koeln/Koeln2/2015-04-23_13-19-07/Trafficlight_1,12,2,0.16666666666666666,0,0.0,2,1.7641019821166992,yolo11n,lowlight_l1
Koeln/Koeln2/2015-04-23_13-19-07/Trafficlight_2,4,0,0.0,0,0.0,0,0.0,yolo11n,lowlight_l1
Koeln/Koeln2/2015-04-23_13-19-07/Trafficlight_3,5,1,0.2,0,0.0,1,0.0,yolo11n,lowlight_l1
Koeln/Koeln2/2015-04-23_13-19-07/Trafficlight_6,12,5,0.4166666666666667,0,0.0,1,0.0,yolo11n,lowlight_l1
Koeln/Koeln2/2015-04-23_13-19-07/Trafficlight_7,5,2,0.4,0,0.0,1,0.0,yolo11n,lowlight_l1
Koeln/Koeln2/2015-04-23_13-19-07/Trafficlight_8,6,2,0.3333333333333333,0,0.0,1,0.0,yolo11n,lowlight_l1
Koeln/Koeln2/2015-04-23_13-22-16/Trafficlight_5,16,5,0.3125,0,0.0,2,0.8228309154510498,yolo11n,lowlight_l1
Koeln/Koeln2/2015-04-23_13-22-16/Trafficlight_6,14,2,0.14285714285714285,0,0.0,2,0.8212699890136719,yolo11n,lowlight_l1
Koeln/Koeln2/2015-04-23_13-26-00/Trafficlight_1,5,5,1.0,0,0.0,5,0.23670387268066406,yolo11n,lowlight_l1
Koeln/Koeln2/2015-04-23_13-26-00/Trafficlight_2,11,9,0.8181818181818182,0,0.0,7,0.4111170768737793,yolo11n,lowlight_l1
Koeln/Koeln2/2015-04-23_13-27-52/Trafficlight_2,9,1,0.1111111111111111,0,0.0,1,0.0,yolo11n,lowlight_l1
Koeln/Koeln2/2015-04-23_13-27-52/Trafficlight_3,9,0,0.0,0,0.0,0,0.0,yolo11n,lowlight_l1
Koeln/Koeln2/2015-04-23_13-28-56/Trafficlight_1,1,1,1.0,0,0.0,1,0.0,yolo11n,lowlight_l1
Koeln/Koeln2/2015-04-23_13-28-56/Trafficlight_3,1,1,1.0,0,0.0,1,0.0,yolo11n,lowlight_l1
Koeln/Koeln2/2015-04-23_13-29-48/Trafficlight_1,17,1,0.058823529411764705,0,0.0,1,0.0,yolo11n,lowlight_l1
Koeln/Koeln2/2015-04-23_13-29-48/Trafficlight_2,13,6,0.46153846153846156,0,0.0,5,1.4126358032226562,yolo11n,lowlight_l1
Koeln/Koeln2/2015-04-23_13-29-48/Trafficlight_3,17,8,0.47058823529411764,0,0.0,4,1.1791679859161377,yolo11n,lowlight_l1
Koeln/Koeln2/2015-04-23_13-30-07/Trafficlight_2,11,0,0.0,0,0.0,0,0.0,yolo11n,lowlight_l1
Koeln/Koeln2/2015-04-23_13-30-07/Trafficlight_3,14,0,0.0,0,0.0,0,0.0,yolo11n,lowlight_l1
Koeln/Koeln2/2015-04-23_13-30-57/Trafficlight_3,10,3,0.3,0,0.0,3,1.5248119831085205,yolo11n,lowlight_l1
Koeln/Koeln2/2015-04-23_13-30-57/Trafficlight_4,12,4,0.3333333333333333,0,0.0,2,1.004526138305664,yolo11n,lowlight_l1
Essen/Essen2/2015-04-22_11-54-56/Trafficlight_1,16,1,0.0625,0,0.0,1,0.0,yolo12n,lowlight_l1
Essen/Essen2/2015-04-22_11-54-56/Trafficlight_2,12,0,0.0,0,0.0,0,0.0,yolo12n,lowlight_l1
Essen/Essen2/2015-04-22_11-55-29/Trafficlight_1,22,1,0.045454545454545456,0,0.0,1,0.0,yolo12n,lowlight_l1
Essen/Essen2/2015-04-22_11-55-29/Trafficlight_2,15,0,0.0,0,0.0,0,0.0,yolo12n,lowlight_l1
Essen/Essen2/2015-04-22_11-55-29/Trafficlight_3,21,0,0.0,0,0.0,0,0.0,yolo12n,lowlight_l1
Essen/Essen2/2015-04-22_11-58-40/Trafficlight_1,1,0,0.0,0,0.0,0,0.0,yolo12n,lowlight_l1
Essen/Essen2/2015-04-22_11-58-40/Trafficlight_2,1,0,0.0,0,0.0,0,0.0,yolo12n,lowlight_l1
Essen/Essen2/2015-04-22_11-59-47/Trafficlight_1,14,6,0.42857142857142855,0,0.0,6,5.801532983779907,yolo12n,lowlight_l1
Essen/Essen2/2015-04-22_11-59-47/Trafficlight_2,18,0,0.0,0,0.0,0,0.0,yolo12n,lowlight_l1
Essen/Essen2/2015-04-22_11-59-47/Trafficlight_3,21,9,0.42857142857142855,0,0.0,4,1.6002709865570068,yolo12n,lowlight_l1
Essen/Essen2/2015-04-22_12-00-12/Trafficlight_1,12,5,0.4166666666666667,0,0.0,2,0.26592087745666504,yolo12n,lowlight_l1
Essen/Essen2/2015-04-22_12-00-12/Trafficlight_2,12,6,0.5,0,0.0,4,0.8018250465393066,yolo12n,lowlight_l1
Essen/Essen2/2015-04-22_12-00-12/Trafficlight_3,18,4,0.2222222222222222,0,0.0,2,0.2679572105407715,yolo12n,lowlight_l1
Essen/Essen2/2015-04-22_12-00-50/Trafficlight_1,8,2,0.25,0,0.0,2,1.73030686378479,yolo12n,lowlight_l1
Essen/Essen2/2015-04-22_12-00-50/Trafficlight_2,4,0,0.0,0,0.0,0,0.0,yolo12n,lowlight_l1
Essen/Essen2/2015-04-22_12-00-50/Trafficlight_3,7,2,0.2857142857142857,0,0.0,2,1.7361540794372559,yolo12n,lowlight_l1
Essen/Essen2/2015-04-22_12-03-07/Trafficlight_7,1,1,1.0,0,0.0,1,0.0,yolo12n,lowlight_l1
Essen/Essen2/2015-04-22_12-03-07/Trafficlight_8,1,1,1.0,0,0.0,1,0.0,yolo12n,lowlight_l1
Essen/Essen2/2015-04-22_12-03-17/Trafficlight_1,11,11,1.0,0,0.0,11,3.3990509510040283,yolo12n,lowlight_l1
Essen/Essen2/2015-04-22_12-03-17/Trafficlight_2,11,5,0.45454545454545453,0,0.0,2,0.3988680839538574,yolo12n,lowlight_l1
Essen/Essen2/2015-04-22_12-03-17/Trafficlight_3,10,9,0.9,0,0.0,6,1.735260009765625,yolo12n,lowlight_l1
Essen/Essen2/2015-04-22_12-03-17/Trafficlight_4,2,2,1.0,0,0.0,2,0.33318114280700684,yolo12n,lowlight_l1
Essen/Essen2/2015-04-22_12-04-52/Trafficlight_1,18,13,0.7222222222222222,0,0.0,10,3.1317880153656006,yolo12n,lowlight_l1
Essen/Essen2/2015-04-22_12-04-52/Trafficlight_5,6,6,1.0,0,0.0,6,1.664518117904663,yolo12n,lowlight_l1
Essen/Essen2/2015-04-22_12-07-48/Trafficlight_1,7,5,0.7142857142857143,0,0.0,2,0.3354339599609375,yolo12n,lowlight_l1
Essen/Essen2/2015-04-22_12-07-48/Trafficlight_2,7,1,0.14285714285714285,0,0.0,1,0.0,yolo12n,lowlight_l1
Essen/Essen2/2015-04-22_12-07-48/Trafficlight_3,7,4,0.5714285714285714,0,0.0,2,0.3354339599609375,yolo12n,lowlight_l1
Essen/Essen2/2015-04-22_12-10-46/Trafficlight_2,10,0,0.0,0,0.0,0,0.0,yolo12n,lowlight_l1
Essen/Essen2/2015-04-22_12-10-46/Trafficlight_3,16,4,0.25,0,0.0,4,3.0016729831695557,yolo12n,lowlight_l1
Essen/Essen2/2015-04-22_12-10-46/Trafficlight_1,13,6,0.46153846153846156,0,0.0,4,3.0016729831695557,yolo12n,lowlight_l1
Essen/Essen2/2015-04-22_12-12-38/Trafficlight_1,14,1,0.07142857142857142,0,0.0,1,0.0,yolo12n,lowlight_l1
Essen/Essen2/2015-04-22_12-12-38/Trafficlight_2,16,3,0.1875,0,0.0,1,0.0,yolo12n,lowlight_l1
Essen/Essen2/2015-04-22_12-14-33/Trafficlight_1,5,3,0.6,0,0.0,2,0.40154504776000977,yolo12n,lowlight_l1
Essen/Essen2/2015-04-22_12-14-33/Trafficlight_2,4,0,0.0,0,0.0,0,0.0,yolo12n,lowlight_l1
Essen/Essen2/2015-04-22_12-14-33/Trafficlight_3,5,4,0.8,0,0.0,3,0.8670551776885986,yolo12n,lowlight_l1
Essen/Essen2/2015-04-22_12-16-21/Trafficlight_1,16,0,0.0,0,0.0,0,0.0,yolo12n,lowlight_l1
Essen/Essen2/2015-04-22_12-16-21/Trafficlight_2,12,3,0.25,0,0.0,3,0.7985739707946777,yolo12n,lowlight_l1
Essen/Essen2/2015-04-22_12-17-10/Trafficlight_2,9,8,0.8888888888888888,0,0.0,6,3.3997910022735596,yolo12n,lowlight_l1
Essen/Essen2/2015-04-22_12-17-10/Trafficlight_1,17,6,0.35294117647058826,0,0.0,6,3.3997910022735596,yolo12n,lowlight_l1
Essen/Essen2/2015-04-22_12-17-10/Trafficlight_3,13,7,0.5384615384615384,0,0.0,2,0.6654698848724365,yolo12n,lowlight_l1
Essen/Essen3/2015-04-22_12-21-40/Trafficlight_2,20,5,0.25,0,0.0,3,0.399061918258667,yolo12n,lowlight_l1
Essen/Essen3/2015-04-22_12-21-40/Trafficlight_3,1,0,0.0,0,0.0,0,0.0,yolo12n,lowlight_l1
Essen/Essen3/2015-04-22_12-22-11/Trafficlight_2,4,2,0.5,0,0.0,1,0.0,yolo12n,lowlight_l1
Essen/Essen3/2015-04-22_12-22-11/Trafficlight_3,6,0,0.0,0,0.0,0,0.0,yolo12n,lowlight_l1
Essen/Essen3/2015-04-22_12-22-11/Trafficlight_4,11,0,0.0,0,0.0,0,0.0,yolo12n,lowlight_l1
Essen/Essen3/2015-04-22_12-24-28/Trafficlight_1,5,4,0.8,0,0.0,4,2.9311981201171875,yolo12n,lowlight_l1
Essen/Essen3/2015-04-22_12-24-28/Trafficlight_2,5,2,0.4,0,0.0,1,0.0,yolo12n,lowlight_l1
Essen/Essen3/2015-04-22_12-24-28/Trafficlight_3,2,0,0.0,0,0.0,0,0.0,yolo12n,lowlight_l1
Essen/Essen3/2015-04-22_12-28-48/Trafficlight_1,20,4,0.2,0,0.0,2,0.5334718227386475,yolo12n,lowlight_l1
Essen/Essen3/2015-04-22_12-28-48/Trafficlight_5,10,8,0.8,0,0.0,5,2.13289213180542,yolo12n,lowlight_l1
Essen/Essen3/2015-04-22_12-31-21/Trafficlight_4,1,1,1.0,0,0.0,1,0.0,yolo12n,lowlight_l1
Essen/Essen3/2015-04-22_12-31-56/Trafficlight_1,8,2,0.25,0,0.0,2,0.13503599166870117,yolo12n,lowlight_l1
Essen/Essen3/2015-04-22_12-31-56/Trafficlight_2,19,0,0.0,0,0.0,0,0.0,yolo12n,lowlight_l1
Essen/Essen3/2015-04-22_12-31-56/Trafficlight_3,9,5,0.5555555555555556,0,0.0,3,2.59854793548584,yolo12n,lowlight_l1
Essen/Essen3/2015-04-22_12-31-56/Trafficlight_4,9,2,0.2222222222222222,0,0.0,2,1.2657849788665771,yolo12n,lowlight_l1
Essen/Essen3/2015-04-22_12-31-56/Trafficlight_16,8,1,0.125,0,0.0,1,0.0,yolo12n,lowlight_l1
Essen/Essen3/2015-04-22_12-31-56/Trafficlight_17,6,0,0.0,0,0.0,0,0.0,yolo12n,lowlight_l1
Essen/Essen3/2015-04-22_12-31-56/Trafficlight_18,10,0,0.0,0,0.0,0,0.0,yolo12n,lowlight_l1
Fulda/Fulda2/2015-05-15_18-00-09/Trafficlight_1,10,0,0.0,0,0.0,0,0.0,yolo12n,lowlight_l1
Fulda/Fulda2/2015-05-15_18-00-09/Trafficlight_7,3,0,0.0,0,0.0,0,0.0,yolo12n,lowlight_l1
Fulda/Fulda2/2015-05-15_18-00-57/Trafficlight_1,14,0,0.0,0,0.0,0,0.0,yolo12n,lowlight_l1
Fulda/Fulda2/2015-05-15_18-00-57/Trafficlight_2,10,1,0.1,0,0.0,1,0.0,yolo12n,lowlight_l1
Fulda/Fulda2/2015-05-15_18-00-57/Trafficlight_3,10,1,0.1,0,0.0,1,0.0,yolo12n,lowlight_l1
Fulda/Fulda2/2015-05-15_18-01-58/Trafficlight_14,3,3,1.0,0,0.0,3,1.1750850677490234,yolo12n,lowlight_l1
Fulda/Fulda2/2015-05-15_18-03-39/Trafficlight_5,11,1,0.09090909090909091,0,0.0,1,0.0,yolo12n,lowlight_l1
Fulda/Fulda2/2015-05-15_18-03-39/Trafficlight_6,7,0,0.0,0,0.0,0,0.0,yolo12n,lowlight_l1
Fulda/Fulda2/2015-05-15_18-03-39/Trafficlight_7,11,0,0.0,0,0.0,0,0.0,yolo12n,lowlight_l1
Fulda/Fulda2/2015-05-15_18-04-24/Trafficlight_2,15,3,0.2,0,0.0,2,0.5911819934844971,yolo12n,lowlight_l1
Fulda/Fulda2/2015-05-15_18-05-38/Trafficlight_1,16,1,0.0625,0,0.0,1,0.0,yolo12n,lowlight_l1
Fulda/Fulda2/2015-05-15_18-05-38/Trafficlight_7,14,3,0.21428571428571427,0,0.0,3,1.176785945892334,yolo12n,lowlight_l1
Fulda/Fulda2/2015-05-15_18-05-38/Trafficlight_12,7,7,1.0,0,0.0,4,1.763545036315918,yolo12n,lowlight_l1
Fulda/Fulda2/2015-05-15_18-07-04/Trafficlight_2,7,2,0.2857142857142857,0,0.0,2,0.586251974105835,yolo12n,lowlight_l1
Fulda/Fulda2/2015-05-15_18-07-04/Trafficlight_3,10,4,0.4,0,0.0,2,0.586251974105835,yolo12n,lowlight_l1
Fulda/Fulda2/2015-05-15_18-07-04/Trafficlight_14,2,2,1.0,0,0.0,2,0.5877358913421631,yolo12n,lowlight_l1
Fulda/Fulda2/2015-05-15_18-07-37/Trafficlight_2,2,0,0.0,0,0.0,0,0.0,yolo12n,lowlight_l1
Fulda/Fulda2/2015-05-15_18-07-37/Trafficlight_3,3,3,1.0,0,0.0,3,1.1775381565093994,yolo12n,lowlight_l1
Fulda/Fulda2/2015-05-15_18-08-11/Trafficlight_1,8,0,0.0,0,0.0,0,0.0,yolo12n,lowlight_l1
Fulda/Fulda2/2015-05-15_18-08-11/Trafficlight_2,8,0,0.0,0,0.0,0,0.0,yolo12n,lowlight_l1
Fulda/Fulda2/2015-05-15_18-09-21/Trafficlight_1,14,5,0.35714285714285715,0,0.0,3,1.176116943359375,yolo12n,lowlight_l1
Fulda/Fulda2/2015-05-15_18-09-21/Trafficlight_2,5,1,0.2,0,0.0,1,0.0,yolo12n,lowlight_l1
Fulda/Fulda2/2015-05-15_18-11-25/Trafficlight_1,14,3,0.21428571428571427,0,0.0,2,0.5866661071777344,yolo12n,lowlight_l1
Fulda/Fulda2/2015-05-15_18-11-25/Trafficlight_2,9,0,0.0,0,0.0,0,0.0,yolo12n,lowlight_l1
Fulda/Fulda2/2015-05-15_18-11-25/Trafficlight_3,12,0,0.0,0,0.0,0,0.0,yolo12n,lowlight_l1
Fulda/Fulda2/2015-05-15_18-12-26/Trafficlight_12,1,1,1.0,0,0.0,1,0.0,yolo12n,lowlight_l1
Fulda/Fulda2/2015-05-15_18-12-26/Trafficlight_13,1,0,0.0,0,0.0,0,0.0,yolo12n,lowlight_l1
Fulda/Fulda2/2015-05-15_18-13-56/Trafficlight_2,3,3,1.0,0,0.0,3,1.1754150390625,yolo12n,lowlight_l1
Fulda/Fulda2/2015-05-15_18-13-56/Trafficlight_3,3,3,1.0,0,0.0,3,1.1754150390625,yolo12n,lowlight_l1
Fulda/Fulda2/2015-05-15_18-13-56/Trafficlight_4,4,4,1.0,0,0.0,4,1.76487398147583,yolo12n,lowlight_l1
Hannover/Hannover4/2015-04-20_13-51-29/Trafficlight_7,20,20,1.0,0,0.0,20,5.936743974685669,yolo12n,lowlight_l1
Hannover/Hannover4/2015-04-20_13-51-36/Trafficlight_4,20,20,1.0,0,0.0,20,1.467405080795288,yolo12n,lowlight_l1
Hannover/Hannover4/2015-04-20_13-51-36/Trafficlight_6,10,10,1.0,0,0.0,10,0.6674211025238037,yolo12n,lowlight_l1
Hannover/Hannover4/2015-04-20_13-51-40/Trafficlight_2,20,2,0.1,0,0.0,2,0.5993449687957764,yolo12n,lowlight_l1
Hannover/Hannover4/2015-04-20_13-51-40/Trafficlight_1,18,18,1.0,0,0.0,18,11.801587104797363,yolo12n,lowlight_l1
Hannover/Hannover4/2015-04-20_13-51-40/Trafficlight_3,19,14,0.7368421052631579,0,0.0,11,6.199181079864502,yolo12n,lowlight_l1
Hannover/Hannover4/2015-04-20_13-54-28/Trafficlight_2,4,0,0.0,0,0.0,0,0.0,yolo12n,lowlight_l1
Hannover/Hannover4/2015-04-20_13-54-28/Trafficlight_3,13,2,0.15384615384615385,0,0.0,2,1.8680229187011719,yolo12n,lowlight_l1
Hannover/Hannover4/2015-04-20_13-54-28/Trafficlight_7,5,5,1.0,0,0.0,5,3.7315638065338135,yolo12n,lowlight_l1
Hannover/Hannover4/2015-04-20_13-56-44/Trafficlight_3,12,0,0.0,0,0.0,0,0.0,yolo12n,lowlight_l1
Hannover/Hannover4/2015-04-20_13-56-44/Trafficlight_4,19,3,0.15789473684210525,0,0.0,2,0.730842113494873,yolo12n,lowlight_l1
Hannover/Hannover4/2015-04-20_13-57-56/Trafficlight_4,19,19,1.0,0,0.0,19,1.1975510120391846,yolo12n,lowlight_l1
Hannover/Hannover4/2015-04-20_13-58-03/Trafficlight_3,16,3,0.1875,0,0.0,1,0.0,yolo12n,lowlight_l1
Hannover/Hannover4/2015-04-20_13-58-03/Trafficlight_4,23,9,0.391304347826087,0,0.0,5,2.8000922203063965,yolo12n,lowlight_l1
Hannover/Hannover4/2015-04-20_13-59-27/Trafficlight_1,20,1,0.05,0,0.0,1,0.0,yolo12n,lowlight_l1
Hannover/Hannover4/2015-04-20_14-00-12/Trafficlight_1,26,23,0.8846153846153846,0,0.0,12,6.397797107696533,yolo12n,lowlight_l1
Hannover/Hannover4/2015-04-20_14-00-12/Trafficlight_2,29,0,0.0,0,0.0,0,0.0,yolo12n,lowlight_l1
Hannover/Hannover4/2015-04-20_14-00-12/Trafficlight_3,9,1,0.1111111111111111,0,0.0,1,0.0,yolo12n,lowlight_l1
Hannover/Hannover4/2015-04-20_14-01-01/Trafficlight_2,20,0,0.0,0,0.0,0,0.0,yolo12n,lowlight_l1
Hannover/Hannover4/2015-04-20_14-01-01/Trafficlight_1,20,7,0.35,0,0.0,5,3.4689669609069824,yolo12n,lowlight_l1
Hannover/Hannover4/2015-04-20_14-02-07/Trafficlight_4,20,20,1.0,0,0.0,20,5.469353914260864,yolo12n,lowlight_l1
Hannover/Hannover4/2015-04-20_14-02-24/Trafficlight_2,8,1,0.125,0,0.0,1,0.0,yolo12n,lowlight_l1
Hannover/Hannover4/2015-04-20_14-02-24/Trafficlight_3,10,6,0.6,0,0.0,2,0.33564090728759766,yolo12n,lowlight_l1
Hannover/Hannover4/2015-04-20_14-02-24/Trafficlight_1,9,6,0.6666666666666666,0,0.0,4,0.9322109222412109,yolo12n,lowlight_l1
Hannover/Hannover4/2015-04-20_14-02-24/Trafficlight_5,1,1,1.0,0,0.0,1,0.0,yolo12n,lowlight_l1
Hannover/Hannover4/2015-04-20_14-04-24/Trafficlight_3,6,4,0.6666666666666666,0,0.0,3,1.1343300342559814,yolo12n,lowlight_l1
Hannover/Hannover4/2015-04-20_14-04-24/Trafficlight_4,4,0,0.0,0,0.0,0,0.0,yolo12n,lowlight_l1
Hannover/Hannover4/2015-04-20_14-04-24/Trafficlight_5,14,4,0.2857142857142857,0,0.0,1,0.0,yolo12n,lowlight_l1
Hannover/Hannover4/2015-04-20_14-05-57/Trafficlight_2,12,4,0.3333333333333333,0,0.0,3,1.7394959926605225,yolo12n,lowlight_l1
Hannover/Hannover4/2015-04-20_14-05-57/Trafficlight_1,7,7,1.0,0,0.0,7,5.333891868591309,yolo12n,lowlight_l1
Hannover/Hannover4/2015-04-20_14-05-57/Trafficlight_3,17,3,0.17647058823529413,0,0.0,2,0.8647990226745605,yolo12n,lowlight_l1
Hannover/Hannover4/2015-04-20_14-06-51/Trafficlight_2,15,4,0.26666666666666666,0,0.0,3,1.1345980167388916,yolo12n,lowlight_l1
Hannover/Hannover4/2015-04-20_14-06-51/Trafficlight_1,18,4,0.2222222222222222,0,0.0,3,1.1345980167388916,yolo12n,lowlight_l1
Hannover/Hannover4/2015-04-20_14-06-51/Trafficlight_3,18,6,0.3333333333333333,0,0.0,2,0.5997400283813477,yolo12n,lowlight_l1
Hannover/Hannover4/2015-04-20_14-08-36/Trafficlight_4,10,2,0.2,0,0.0,1,0.0,yolo12n,lowlight_l1
Hannover/Hannover4/2015-04-20_14-08-36/Trafficlight_5,20,0,0.0,0,0.0,0,0.0,yolo12n,lowlight_l1
Hannover/Hannover4/2015-04-20_14-08-36/Trafficlight_3,9,2,0.2222222222222222,0,0.0,1,0.0,yolo12n,lowlight_l1
Hannover/Hannover4/2015-04-20_14-09-52/Trafficlight_1,20,6,0.3,0,0.0,3,0.9330050945281982,yolo12n,lowlight_l1
Hannover/Hannover4/2015-04-20_14-09-52/Trafficlight_2,20,6,0.3,0,0.0,6,2.404378890991211,yolo12n,lowlight_l1
Hannover/Hannover4/2015-04-20_14-11-20/Trafficlight_1,12,4,0.3333333333333333,0,0.0,3,0.9340190887451172,yolo12n,lowlight_l1
Hannover/Hannover4/2015-04-20_14-11-20/Trafficlight_3,3,1,0.3333333333333333,0,0.0,1,0.0,yolo12n,lowlight_l1
Hannover/Hannover4/2015-04-20_14-12-16/Trafficlight_4,7,7,1.0,0,0.0,7,2.398069143295288,yolo12n,lowlight_l1
Hannover/Hannover4/2015-04-20_14-12-16/Trafficlight_5,7,7,1.0,0,0.0,7,2.398069143295288,yolo12n,lowlight_l1
Hannover/Hannover4/2015-04-20_14-12-16/Trafficlight_6,20,20,1.0,0,0.0,20,7.598844051361084,yolo12n,lowlight_l1
Hannover/Hannover4/2015-04-20_14-16-02/Trafficlight_2,14,4,0.2857142857142857,0,0.0,2,0.6692650318145752,yolo12n,lowlight_l1
Hannover/Hannover4/2015-04-20_14-16-02/Trafficlight_3,19,11,0.5789473684210527,0,0.0,6,3.131196975708008,yolo12n,lowlight_l1
Hannover/Hannover4/2015-04-20_14-16-02/Trafficlight_1,8,6,0.75,0,0.0,5,2.470160961151123,yolo12n,lowlight_l1
Hannover/Hannover4/2015-04-20_14-17-12/Trafficlight_2,20,1,0.05,0,0.0,1,0.0,yolo12n,lowlight_l1
Hannover/Hannover4/2015-04-20_14-17-12/TrafficLight_6,20,12,0.6,1,0.05,5,1.3329930305480957,yolo12n,lowlight_l1
Hannover/Hannover4/2015-04-20_14-31-46/Trafficlight_3,4,0,0.0,0,0.0,0,0.0,yolo12n,lowlight_l1
Hannover/Hannover4/2015-04-20_14-31-46/Trafficlight_4,8,0,0.0,0,0.0,0,0.0,yolo12n,lowlight_l1
Hannover/Hannover4/2015-04-20_14-31-46/Trafficlight_2,9,2,0.2222222222222222,0,0.0,1,0.0,yolo12n,lowlight_l1
Hannover/Hannover4/2015-04-20_14-32-25/Trafficlight_3,14,0,0.0,0,0.0,0,0.0,yolo12n,lowlight_l1
Hannover/Hannover4/2015-04-20_14-32-25/Trafficlight_4,20,1,0.05,0,0.0,1,0.0,yolo12n,lowlight_l1
Hannover/Hannover4/2015-04-20_14-33-38/Trafficlight_2,6,1,0.16666666666666666,0,0.0,1,0.0,yolo12n,lowlight_l1
Hannover/Hannover4/2015-04-20_14-33-38/Trafficlight_3,20,0,0.0,0,0.0,0,0.0,yolo12n,lowlight_l1
Koeln/Koeln2/2015-04-23_12-31-31/Trafficlight_1,2,0,0.0,0,0.0,0,0.0,yolo12n,lowlight_l1
Koeln/Koeln2/2015-04-23_12-31-31/Trafficlight_2,2,0,0.0,0,0.0,0,0.0,yolo12n,lowlight_l1
Koeln/Koeln2/2015-04-23_12-31-31/Trafficlight_3,2,2,1.0,0,0.0,2,0.47226786613464355,yolo12n,lowlight_l1
Koeln/Koeln2/2015-04-23_12-33-22/Trafficlight_19,1,1,1.0,0,0.0,1,0.0,yolo12n,lowlight_l1
Koeln/Koeln2/2015-04-23_12-54-40/Trafficlight_3,9,5,0.5555555555555556,0,0.0,3,1.7035510540008545,yolo12n,lowlight_l1
Koeln/Koeln2/2015-04-23_12-54-40/Trafficlight_4,9,8,0.8888888888888888,2,0.2222222222222222,7,5.1146180629730225,yolo12n,lowlight_l1
Koeln/Koeln2/2015-04-23_12-55-44/Trafficlight_3,8,3,0.375,0,0.0,1,0.0,yolo12n,lowlight_l1
Koeln/Koeln2/2015-04-23_12-55-44/Trafficlight_1,8,2,0.25,0,0.0,2,0.765064001083374,yolo12n,lowlight_l1
Koeln/Koeln2/2015-04-23_12-55-44/Trafficlight_2,7,1,0.14285714285714285,0,0.0,1,0.0,yolo12n,lowlight_l1
Koeln/Koeln2/2015-04-23_12-56-08/Trafficlight_2,11,0,0.0,0,0.0,0,0.0,yolo12n,lowlight_l1
Koeln/Koeln2/2015-04-23_12-56-08/Trafficlight_1,20,8,0.4,0,0.0,8,6.172895908355713,yolo12n,lowlight_l1
Koeln/Koeln2/2015-04-23_12-56-08/Trafficlight_3,15,1,0.06666666666666667,0,0.0,1,0.0,yolo12n,lowlight_l1
Koeln/Koeln2/2015-04-23_12-58-12/Trafficlight_1,20,15,0.75,0,0.0,13,11.646078109741211,yolo12n,lowlight_l1
Koeln/Koeln2/2015-04-23_12-58-12/Trafficlight_2,20,2,0.1,0,0.0,2,0.9384341239929199,yolo12n,lowlight_l1
Koeln/Koeln2/2015-04-23_13-03-59/Trafficlight_2,5,5,1.0,0,0.0,5,2.116795063018799,yolo12n,lowlight_l1
Koeln/Koeln2/2015-04-23_13-03-59/Trafficlight_3,7,3,0.42857142857142855,0,0.0,3,1.0573341846466064,yolo12n,lowlight_l1
Koeln/Koeln2/2015-04-23_13-05-35/Trafficlight_4,3,0,0.0,0,0.0,0,0.0,yolo12n,lowlight_l1
Koeln/Koeln2/2015-04-23_13-05-35/Trafficlight_5,4,0,0.0,0,0.0,0,0.0,yolo12n,lowlight_l1
Koeln/Koeln2/2015-04-23_13-10-19/Trafficlight_1,3,0,0.0,0,0.0,0,0.0,yolo12n,lowlight_l1
Koeln/Koeln2/2015-04-23_13-10-19/Trafficlight_3,5,1,0.2,0,0.0,1,0.0,yolo12n,lowlight_l1
Koeln/Koeln2/2015-04-23_13-10-19/Trafficlight_7,6,6,1.0,0,0.0,4,2.4686670303344727,yolo12n,lowlight_l1
Koeln/Koeln2/2015-04-23_13-10-19/Trafficlight_8,6,6,1.0,0,0.0,4,2.4686670303344727,yolo12n,lowlight_l1
Koeln/Koeln2/2015-04-23_13-11-46/Trafficlight_1,5,5,1.0,0,0.0,5,4.520406007766724,yolo12n,lowlight_l1
Koeln/Koeln2/2015-04-23_13-11-46/Trafficlight_3,7,4,0.5714285714285714,0,0.0,2,1.3504002094268799,yolo12n,lowlight_l1
Koeln/Koeln2/2015-04-23_13-15-36/Trafficlight_4,13,13,1.0,0,0.0,13,6.585233926773071,yolo12n,lowlight_l1
Koeln/Koeln2/2015-04-23_13-15-36/Trafficlight_5,2,2,1.0,0,0.0,2,0.7070450782775879,yolo12n,lowlight_l1
Koeln/Koeln2/2015-04-23_13-15-59/Trafficlight_4,15,0,0.0,0,0.0,0,0.0,yolo12n,lowlight_l1
Koeln/Koeln2/2015-04-23_13-15-59/Trafficlight_3,7,0,0.0,0,0.0,0,0.0,yolo12n,lowlight_l1
Koeln/Koeln2/2015-04-23_13-16-45/Trafficlight_5,2,0,0.0,0,0.0,0,0.0,yolo12n,lowlight_l1
Koeln/Koeln2/2015-04-23_13-18-13/Trafficlight_4,7,6,0.8571428571428571,0,0.0,5,1.4128310680389404,yolo12n,lowlight_l1
Koeln/Koeln2/2015-04-23_13-18-13/Trafficlight_5,12,7,0.5833333333333334,0,0.0,5,1.411972999572754,yolo12n,lowlight_l1
Koeln/Koeln2/2015-04-23_13-18-13/Trafficlight_6,13,3,0.23076923076923078,0,0.0,2,0.35323500633239746,yolo12n,lowlight_l1
Koeln/Koeln2/2015-04-23_13-18-13/Trafficlight_7,19,0,0.0,0,0.0,0,0.0,yolo12n,lowlight_l1
Koeln/Koeln2/2015-04-23_13-19-07/Trafficlight_1,12,0,0.0,0,0.0,0,0.0,yolo12n,lowlight_l1
Koeln/Koeln2/2015-04-23_13-19-07/Trafficlight_2,4,0,0.0,0,0.0,0,0.0,yolo12n,lowlight_l1
Koeln/Koeln2/2015-04-23_13-19-07/Trafficlight_3,5,1,0.2,0,0.0,1,0.0,yolo12n,lowlight_l1
Koeln/Koeln2/2015-04-23_13-19-07/Trafficlight_6,12,4,0.3333333333333333,0,0.0,1,0.0,yolo12n,lowlight_l1
Koeln/Koeln2/2015-04-23_13-19-07/Trafficlight_7,5,2,0.4,0,0.0,1,0.0,yolo12n,lowlight_l1
Koeln/Koeln2/2015-04-23_13-19-07/Trafficlight_8,6,2,0.3333333333333333,0,0.0,1,0.0,yolo12n,lowlight_l1
Koeln/Koeln2/2015-04-23_13-22-16/Trafficlight_5,16,5,0.3125,0,0.0,2,0.8218300342559814,yolo12n,lowlight_l1
Koeln/Koeln2/2015-04-23_13-22-16/Trafficlight_6,14,2,0.14285714285714285,0,0.0,2,0.8212699890136719,yolo12n,lowlight_l1
Koeln/Koeln2/2015-04-23_13-26-00/Trafficlight_1,5,5,1.0,0,0.0,5,0.23670387268066406,yolo12n,lowlight_l1
Koeln/Koeln2/2015-04-23_13-26-00/Trafficlight_2,11,11,1.0,0,0.0,11,0.6478209495544434,yolo12n,lowlight_l1
Koeln/Koeln2/2015-04-23_13-27-52/Trafficlight_2,9,1,0.1111111111111111,0,0.0,1,0.0,yolo12n,lowlight_l1
Koeln/Koeln2/2015-04-23_13-27-52/Trafficlight_3,9,1,0.1111111111111111,0,0.0,1,0.0,yolo12n,lowlight_l1
Koeln/Koeln2/2015-04-23_13-28-56/Trafficlight_1,1,1,1.0,0,0.0,1,0.0,yolo12n,lowlight_l1
Koeln/Koeln2/2015-04-23_13-28-56/Trafficlight_3,1,0,0.0,0,0.0,0,0.0,yolo12n,lowlight_l1
Koeln/Koeln2/2015-04-23_13-29-48/Trafficlight_1,17,1,0.058823529411764705,0,0.0,1,0.0,yolo12n,lowlight_l1
Koeln/Koeln2/2015-04-23_13-29-48/Trafficlight_2,13,3,0.23076923076923078,0,0.0,2,0.35269594192504883,yolo12n,lowlight_l1
Koeln/Koeln2/2015-04-23_13-29-48/Trafficlight_3,17,9,0.5294117647058824,0,0.0,9,2.94289493560791,yolo12n,lowlight_l1
Koeln/Koeln2/2015-04-23_13-30-07/Trafficlight_2,11,0,0.0,0,0.0,0,0.0,yolo12n,lowlight_l1
Koeln/Koeln2/2015-04-23_13-30-07/Trafficlight_3,14,0,0.0,0,0.0,0,0.0,yolo12n,lowlight_l1
Koeln/Koeln2/2015-04-23_13-30-57/Trafficlight_3,10,0,0.0,0,0.0,0,0.0,yolo12n,lowlight_l1
Koeln/Koeln2/2015-04-23_13-30-57/Trafficlight_4,12,3,0.25,0,0.0,2,1.004526138305664,yolo12n,lowlight_l1
Essen/Essen2/2015-04-22_11-54-56/Trafficlight_1,16,6,0.375,0,0.0,1,0.0,yolov8n,lowlight_l2
Essen/Essen2/2015-04-22_11-54-56/Trafficlight_2,12,4,0.3333333333333333,0,0.0,2,0.39777588844299316,yolov8n,lowlight_l2
Essen/Essen2/2015-04-22_11-55-29/Trafficlight_1,22,3,0.13636363636363635,0,0.0,1,0.0,yolov8n,lowlight_l2
Essen/Essen2/2015-04-22_11-55-29/Trafficlight_2,15,0,0.0,0,0.0,0,0.0,yolov8n,lowlight_l2
Essen/Essen2/2015-04-22_11-55-29/Trafficlight_3,21,3,0.14285714285714285,0,0.0,2,0.39794301986694336,yolov8n,lowlight_l2
Essen/Essen2/2015-04-22_11-58-40/Trafficlight_1,1,0,0.0,0,0.0,0,0.0,yolov8n,lowlight_l2
Essen/Essen2/2015-04-22_11-58-40/Trafficlight_2,1,0,0.0,0,0.0,0,0.0,yolov8n,lowlight_l2
Essen/Essen2/2015-04-22_11-59-47/Trafficlight_1,14,11,0.7857142857142857,0,0.0,11,8.468425035476685,yolov8n,lowlight_l2
Essen/Essen2/2015-04-22_11-59-47/Trafficlight_2,18,0,0.0,0,0.0,0,0.0,yolov8n,lowlight_l2
Essen/Essen2/2015-04-22_11-59-47/Trafficlight_3,21,15,0.7142857142857143,0,0.0,8,3.731503963470459,yolov8n,lowlight_l2
Essen/Essen2/2015-04-22_12-00-12/Trafficlight_1,12,11,0.9166666666666666,0,0.0,6,1.3357319831848145,yolov8n,lowlight_l2
Essen/Essen2/2015-04-22_12-00-12/Trafficlight_2,12,8,0.6666666666666666,0,0.0,7,1.602142095565796,yolov8n,lowlight_l2
Essen/Essen2/2015-04-22_12-00-12/Trafficlight_3,18,10,0.5555555555555556,0,0.0,7,2.2005012035369873,yolov8n,lowlight_l2
Essen/Essen2/2015-04-22_12-00-50/Trafficlight_1,8,3,0.375,0,0.0,3,3.466460943222046,yolov8n,lowlight_l2
Essen/Essen2/2015-04-22_12-00-50/Trafficlight_2,4,1,0.25,0,0.0,1,0.0,yolov8n,lowlight_l2
Essen/Essen2/2015-04-22_12-00-50/Trafficlight_3,7,2,0.2857142857142857,0,0.0,2,1.73030686378479,yolov8n,lowlight_l2
Essen/Essen2/2015-04-22_12-03-07/Trafficlight_7,1,1,1.0,0,0.0,1,0.0,yolov8n,lowlight_l2
Essen/Essen2/2015-04-22_12-03-07/Trafficlight_8,1,1,1.0,0,0.0,1,0.0,yolov8n,lowlight_l2
Essen/Essen2/2015-04-22_12-03-17/Trafficlight_1,11,11,1.0,0,0.0,11,3.3990509510040283,yolov8n,lowlight_l2
Essen/Essen2/2015-04-22_12-03-17/Trafficlight_2,11,9,0.8181818181818182,0,0.0,9,2.731131076812744,yolov8n,lowlight_l2
Essen/Essen2/2015-04-22_12-03-17/Trafficlight_3,10,10,1.0,0,0.0,10,3.064750909805298,yolov8n,lowlight_l2
Essen/Essen2/2015-04-22_12-03-17/Trafficlight_4,2,2,1.0,0,0.0,2,0.33318114280700684,yolov8n,lowlight_l2
Essen/Essen2/2015-04-22_12-04-52/Trafficlight_1,18,13,0.7222222222222222,0,0.0,8,2.3277971744537354,yolov8n,lowlight_l2
Essen/Essen2/2015-04-22_12-04-52/Trafficlight_5,6,6,1.0,0,0.0,6,1.664518117904663,yolov8n,lowlight_l2
Essen/Essen2/2015-04-22_12-07-48/Trafficlight_1,7,7,1.0,0,0.0,7,1.999337911605835,yolov8n,lowlight_l2
Essen/Essen2/2015-04-22_12-07-48/Trafficlight_2,7,1,0.14285714285714285,0,0.0,1,0.0,yolov8n,lowlight_l2
Essen/Essen2/2015-04-22_12-07-48/Trafficlight_3,7,7,1.0,0,0.0,7,1.999337911605835,yolov8n,lowlight_l2
Essen/Essen2/2015-04-22_12-10-46/Trafficlight_2,10,1,0.1,0,0.0,1,0.0,yolov8n,lowlight_l2
Essen/Essen2/2015-04-22_12-10-46/Trafficlight_3,16,4,0.25,0,0.0,2,1.0018799304962158,yolov8n,lowlight_l2
Essen/Essen2/2015-04-22_12-10-46/Trafficlight_1,13,6,0.46153846153846156,0,0.0,4,3.0016729831695557,yolov8n,lowlight_l2
Essen/Essen2/2015-04-22_12-12-38/Trafficlight_1,14,7,0.5,0,0.0,6,2.798748016357422,yolov8n,lowlight_l2
Essen/Essen2/2015-04-22_12-12-38/Trafficlight_2,16,3,0.1875,0,0.0,1,0.0,yolov8n,lowlight_l2
Essen/Essen2/2015-04-22_12-14-33/Trafficlight_1,5,5,1.0,0,0.0,5,1.8019039630889893,yolov8n,lowlight_l2
Essen/Essen2/2015-04-22_12-14-33/Trafficlight_2,4,0,0.0,0,0.0,0,0.0,yolov8n,lowlight_l2
Essen/Essen2/2015-04-22_12-14-33/Trafficlight_3,5,5,1.0,0,0.0,5,1.8019039630889893,yolov8n,lowlight_l2
Essen/Essen2/2015-04-22_12-16-21/Trafficlight_1,16,1,0.0625,0,0.0,1,0.0,yolov8n,lowlight_l2
Essen/Essen2/2015-04-22_12-16-21/Trafficlight_2,12,9,0.75,0,0.0,8,2.7990009784698486,yolov8n,lowlight_l2
Essen/Essen2/2015-04-22_12-17-10/Trafficlight_2,9,9,1.0,0,0.0,9,5.531995058059692,yolov8n,lowlight_l2
Essen/Essen2/2015-04-22_12-17-10/Trafficlight_1,17,8,0.47058823529411764,0,0.0,8,4.800240993499756,yolov8n,lowlight_l2
Essen/Essen2/2015-04-22_12-17-10/Trafficlight_3,13,9,0.6923076923076923,0,0.0,4,2.0658109188079834,yolov8n,lowlight_l2
Essen/Essen3/2015-04-22_12-21-40/Trafficlight_2,20,13,0.65,0,0.0,12,2.1994590759277344,yolov8n,lowlight_l2
Essen/Essen3/2015-04-22_12-21-40/Trafficlight_3,1,0,0.0,0,0.0,0,0.0,yolov8n,lowlight_l2
Essen/Essen3/2015-04-22_12-22-11/Trafficlight_2,4,4,1.0,0,0.0,4,2.125485897064209,yolov8n,lowlight_l2
Essen/Essen3/2015-04-22_12-22-11/Trafficlight_3,6,1,0.16666666666666666,0,0.0,1,0.0,yolov8n,lowlight_l2
Essen/Essen3/2015-04-22_12-22-11/Trafficlight_4,11,2,0.18181818181818182,0,0.0,1,0.0,yolov8n,lowlight_l2
Essen/Essen3/2015-04-22_12-24-28/Trafficlight_1,5,5,1.0,0,0.0,5,3.932101011276245,yolov8n,lowlight_l2
Essen/Essen3/2015-04-22_12-24-28/Trafficlight_2,5,4,0.8,0,0.0,4,2.9311981201171875,yolov8n,lowlight_l2
Essen/Essen3/2015-04-22_12-24-28/Trafficlight_3,2,0,0.0,0,0.0,0,0.0,yolov8n,lowlight_l2
Essen/Essen3/2015-04-22_12-28-48/Trafficlight_1,20,13,0.65,0,0.0,8,3.735752820968628,yolov8n,lowlight_l2
Essen/Essen3/2015-04-22_12-28-48/Trafficlight_5,10,10,1.0,0,0.0,10,4.799072980880737,yolov8n,lowlight_l2
Essen/Essen3/2015-04-22_12-31-21/Trafficlight_4,1,1,1.0,0,0.0,1,0.0,yolov8n,lowlight_l2
Essen/Essen3/2015-04-22_12-31-56/Trafficlight_1,8,7,0.875,0,0.0,6,0.6655259132385254,yolov8n,lowlight_l2
Essen/Essen3/2015-04-22_12-31-56/Trafficlight_2,19,0,0.0,0,0.0,0,0.0,yolov8n,lowlight_l2
Essen/Essen3/2015-04-22_12-31-56/Trafficlight_3,9,7,0.7777777777777778,0,0.0,7,7.797140836715698,yolov8n,lowlight_l2
Essen/Essen3/2015-04-22_12-31-56/Trafficlight_4,9,1,0.1111111111111111,0,0.0,1,0.0,yolov8n,lowlight_l2
Essen/Essen3/2015-04-22_12-31-56/Trafficlight_16,8,2,0.25,0,0.0,1,0.0,yolov8n,lowlight_l2
Essen/Essen3/2015-04-22_12-31-56/Trafficlight_17,6,1,0.16666666666666666,0,0.0,1,0.0,yolov8n,lowlight_l2
Essen/Essen3/2015-04-22_12-31-56/Trafficlight_18,10,1,0.1,0,0.0,1,0.0,yolov8n,lowlight_l2
Fulda/Fulda2/2015-05-15_18-00-09/Trafficlight_1,10,1,0.1,0,0.0,1,0.0,yolov8n,lowlight_l2
Fulda/Fulda2/2015-05-15_18-00-09/Trafficlight_7,3,0,0.0,0,0.0,0,0.0,yolov8n,lowlight_l2
Fulda/Fulda2/2015-05-15_18-00-57/Trafficlight_1,14,9,0.6428571428571429,0,0.0,4,1.7650120258331299,yolov8n,lowlight_l2
Fulda/Fulda2/2015-05-15_18-00-57/Trafficlight_2,10,10,1.0,0,0.0,10,5.2941648960113525,yolov8n,lowlight_l2
Fulda/Fulda2/2015-05-15_18-00-57/Trafficlight_3,10,8,0.8,0,0.0,4,1.764272928237915,yolov8n,lowlight_l2
Fulda/Fulda2/2015-05-15_18-01-58/Trafficlight_14,3,3,1.0,0,0.0,3,1.1750850677490234,yolov8n,lowlight_l2
Fulda/Fulda2/2015-05-15_18-03-39/Trafficlight_5,11,2,0.18181818181818182,0,0.0,1,0.0,yolov8n,lowlight_l2
Fulda/Fulda2/2015-05-15_18-03-39/Trafficlight_6,7,1,0.14285714285714285,0,0.0,1,0.0,yolov8n,lowlight_l2
Fulda/Fulda2/2015-05-15_18-03-39/Trafficlight_7,11,2,0.18181818181818182,0,0.0,2,0.5901861190795898,yolov8n,lowlight_l2
Fulda/Fulda2/2015-05-15_18-04-24/Trafficlight_2,15,4,0.26666666666666666,0,0.0,2,0.5911819934844971,yolov8n,lowlight_l2
Fulda/Fulda2/2015-05-15_18-05-38/Trafficlight_1,16,8,0.5,0,0.0,5,2.3527650833129883,yolov8n,lowlight_l2
Fulda/Fulda2/2015-05-15_18-05-38/Trafficlight_7,14,6,0.42857142857142855,0,0.0,3,1.176785945892334,yolov8n,lowlight_l2
Fulda/Fulda2/2015-05-15_18-05-38/Trafficlight_12,7,7,1.0,0,0.0,4,1.763545036315918,yolov8n,lowlight_l2
Fulda/Fulda2/2015-05-15_18-07-04/Trafficlight_2,7,4,0.5714285714285714,0,0.0,3,1.1761260032653809,yolov8n,lowlight_l2
Fulda/Fulda2/2015-05-15_18-07-04/Trafficlight_3,10,10,1.0,0,0.0,10,5.294755935668945,yolov8n,lowlight_l2
Fulda/Fulda2/2015-05-15_18-07-04/Trafficlight_14,2,2,1.0,0,0.0,2,0.5877358913421631,yolov8n,lowlight_l2
Fulda/Fulda2/2015-05-15_18-07-37/Trafficlight_2,2,2,1.0,0,0.0,2,0.5985150337219238,yolov8n,lowlight_l2
Fulda/Fulda2/2015-05-15_18-07-37/Trafficlight_3,3,3,1.0,0,0.0,3,1.1775381565093994,yolov8n,lowlight_l2
Fulda/Fulda2/2015-05-15_18-08-11/Trafficlight_1,8,1,0.125,0,0.0,1,0.0,yolov8n,lowlight_l2
Fulda/Fulda2/2015-05-15_18-08-11/Trafficlight_2,8,0,0.0,0,0.0,0,0.0,yolov8n,lowlight_l2
Fulda/Fulda2/2015-05-15_18-09-21/Trafficlight_1,14,8,0.5714285714285714,0,0.0,6,2.939811944961548,yolov8n,lowlight_l2
Fulda/Fulda2/2015-05-15_18-09-21/Trafficlight_2,5,3,0.6,0,0.0,2,0.5817291736602783,yolov8n,lowlight_l2
Fulda/Fulda2/2015-05-15_18-11-25/Trafficlight_1,14,8,0.5714285714285714,0,0.0,3,1.17789888381958,yolov8n,lowlight_l2
Fulda/Fulda2/2015-05-15_18-11-25/Trafficlight_2,9,1,0.1111111111111111,0,0.0,1,0.0,yolov8n,lowlight_l2
Fulda/Fulda2/2015-05-15_18-11-25/Trafficlight_3,12,1,0.08333333333333333,0,0.0,1,0.0,yolov8n,lowlight_l2
Fulda/Fulda2/2015-05-15_18-12-26/Trafficlight_12,1,1,1.0,0,0.0,1,0.0,yolov8n,lowlight_l2
Fulda/Fulda2/2015-05-15_18-12-26/Trafficlight_13,1,1,1.0,0,0.0,1,0.0,yolov8n,lowlight_l2
Fulda/Fulda2/2015-05-15_18-13-56/Trafficlight_2,3,3,1.0,0,0.0,3,1.1754150390625,yolov8n,lowlight_l2
Fulda/Fulda2/2015-05-15_18-13-56/Trafficlight_3,3,3,1.0,0,0.0,3,1.1754150390625,yolov8n,lowlight_l2
Fulda/Fulda2/2015-05-15_18-13-56/Trafficlight_4,4,4,1.0,0,0.0,4,1.76487398147583,yolov8n,lowlight_l2
Hannover/Hannover4/2015-04-20_13-51-29/Trafficlight_7,20,20,1.0,0,0.0,20,5.936743974685669,yolov8n,lowlight_l2
Hannover/Hannover4/2015-04-20_13-51-36/Trafficlight_4,20,20,1.0,0,0.0,20,1.467405080795288,yolov8n,lowlight_l2
Hannover/Hannover4/2015-04-20_13-51-36/Trafficlight_6,10,10,1.0,0,0.0,10,0.6674211025238037,yolov8n,lowlight_l2
Hannover/Hannover4/2015-04-20_13-51-40/Trafficlight_2,20,4,0.2,0,0.0,1,0.0,yolov8n,lowlight_l2
Hannover/Hannover4/2015-04-20_13-51-40/Trafficlight_1,18,17,0.9444444444444444,0,0.0,15,9.932133197784424,yolov8n,lowlight_l2
Hannover/Hannover4/2015-04-20_13-51-40/Trafficlight_3,19,19,1.0,0,0.0,19,11.204802989959717,yolov8n,lowlight_l2
Hannover/Hannover4/2015-04-20_13-54-28/Trafficlight_2,4,1,0.25,0,0.0,1,0.0,yolov8n,lowlight_l2
Hannover/Hannover4/2015-04-20_13-54-28/Trafficlight_3,13,7,0.5384615384615384,0,0.0,2,1.8680229187011719,yolov8n,lowlight_l2
Hannover/Hannover4/2015-04-20_13-54-28/Trafficlight_7,5,5,1.0,0,0.0,5,3.7315638065338135,yolov8n,lowlight_l2
Hannover/Hannover4/2015-04-20_13-56-44/Trafficlight_3,12,0,0.0,0,0.0,0,0.0,yolov8n,lowlight_l2
Hannover/Hannover4/2015-04-20_13-56-44/Trafficlight_4,19,9,0.47368421052631576,0,0.0,4,2.1329729557037354,yolov8n,lowlight_l2
Hannover/Hannover4/2015-04-20_13-57-56/Trafficlight_4,19,19,1.0,0,0.0,19,1.1975510120391846,yolov8n,lowlight_l2
Hannover/Hannover4/2015-04-20_13-58-03/Trafficlight_3,16,11,0.6875,0,0.0,5,2.7322797775268555,yolov8n,lowlight_l2
Hannover/Hannover4/2015-04-20_13-58-03/Trafficlight_4,23,14,0.6086956521739131,0,0.0,11,6.863174915313721,yolov8n,lowlight_l2
Hannover/Hannover4/2015-04-20_13-59-27/Trafficlight_1,20,16,0.8,0,0.0,7,0.4032151699066162,yolov8n,lowlight_l2
Hannover/Hannover4/2015-04-20_14-00-12/Trafficlight_1,26,26,1.0,1,0.038461538461538464,14,6.397797107696533,yolov8n,lowlight_l2
Hannover/Hannover4/2015-04-20_14-00-12/Trafficlight_2,29,3,0.10344827586206896,0,0.0,1,0.0,yolov8n,lowlight_l2
Hannover/Hannover4/2015-04-20_14-00-12/Trafficlight_3,9,6,0.6666666666666666,0,0.0,4,1.7342989444732666,yolov8n,lowlight_l2
Hannover/Hannover4/2015-04-20_14-01-01/Trafficlight_2,20,0,0.0,0,0.0,0,0.0,yolov8n,lowlight_l2
Hannover/Hannover4/2015-04-20_14-01-01/Trafficlight_1,20,5,0.25,0,0.0,4,2.601433038711548,yolov8n,lowlight_l2
Hannover/Hannover4/2015-04-20_14-02-07/Trafficlight_4,20,20,1.0,0,0.0,20,5.469353914260864,yolov8n,lowlight_l2
Hannover/Hannover4/2015-04-20_14-02-24/Trafficlight_2,8,1,0.125,0,0.0,1,0.0,yolov8n,lowlight_l2
Hannover/Hannover4/2015-04-20_14-02-24/Trafficlight_3,10,10,1.0,0,0.0,9,2.5317258834838867,yolov8n,lowlight_l2
Hannover/Hannover4/2015-04-20_14-02-24/Trafficlight_1,9,6,0.6666666666666666,0,0.0,5,1.2645549774169922,yolov8n,lowlight_l2
Hannover/Hannover4/2015-04-20_14-02-24/Trafficlight_5,1,1,1.0,0,0.0,1,0.0,yolov8n,lowlight_l2
Hannover/Hannover4/2015-04-20_14-04-24/Trafficlight_3,6,6,1.0,0,0.0,4,1.6685810089111328,yolov8n,lowlight_l2
Hannover/Hannover4/2015-04-20_14-04-24/Trafficlight_4,4,3,0.75,0,0.0,3,1.1341938972473145,yolov8n,lowlight_l2
Hannover/Hannover4/2015-04-20_14-04-24/Trafficlight_5,14,10,0.7142857142857143,0,0.0,9,4.533716917037964,yolov8n,lowlight_l2
Hannover/Hannover4/2015-04-20_14-05-57/Trafficlight_2,12,4,0.3333333333333333,0,0.0,2,0.8697230815887451,yolov8n,lowlight_l2
Hannover/Hannover4/2015-04-20_14-05-57/Trafficlight_1,7,5,0.7142857142857143,0,0.0,5,3.5330398082733154,yolov8n,lowlight_l2
Hannover/Hannover4/2015-04-20_14-05-57/Trafficlight_3,17,5,0.29411764705882354,0,0.0,2,0.8697230815887451,yolov8n,lowlight_l2
Hannover/Hannover4/2015-04-20_14-06-51/Trafficlight_2,15,13,0.8666666666666667,0,0.0,10,4.93398904800415,yolov8n,lowlight_l2
Hannover/Hannover4/2015-04-20_14-06-51/Trafficlight_1,18,10,0.5555555555555556,0,0.0,5,2.199270009994507,yolov8n,lowlight_l2
Hannover/Hannover4/2015-04-20_14-06-51/Trafficlight_3,18,14,0.7777777777777778,0,0.0,10,4.930751085281372,yolov8n,lowlight_l2
Hannover/Hannover4/2015-04-20_14-08-36/Trafficlight_4,10,7,0.7,0,0.0,7,2.064849853515625,yolov8n,lowlight_l2
Hannover/Hannover4/2015-04-20_14-08-36/Trafficlight_5,20,3,0.15,0,0.0,1,0.0,yolov8n,lowlight_l2
Hannover/Hannover4/2015-04-20_14-08-36/Trafficlight_3,9,4,0.4444444444444444,0,0.0,1,0.0,yolov8n,lowlight_l2
Hannover/Hannover4/2015-04-20_14-09-52/Trafficlight_1,20,0,0.0,0,0.0,0,0.0,yolov8n,lowlight_l2
Hannover/Hannover4/2015-04-20_14-09-52/Trafficlight_2,20,2,0.1,0,0.0,1,0.0,yolov8n,lowlight_l2
Hannover/Hannover4/2015-04-20_14-11-20/Trafficlight_1,12,11,0.9166666666666666,0,0.0,6,2.3361079692840576,yolov8n,lowlight_l2
Hannover/Hannover4/2015-04-20_14-11-20/Trafficlight_3,3,3,1.0,0,0.0,3,0.9365520477294922,yolov8n,lowlight_l2
Hannover/Hannover4/2015-04-20_14-12-16/Trafficlight_4,7,7,1.0,0,0.0,7,2.398069143295288,yolov8n,lowlight_l2
Hannover/Hannover4/2015-04-20_14-12-16/Trafficlight_5,7,7,1.0,0,0.0,7,2.398069143295288,yolov8n,lowlight_l2
Hannover/Hannover4/2015-04-20_14-12-16/Trafficlight_6,20,20,1.0,0,0.0,20,7.598844051361084,yolov8n,lowlight_l2
Hannover/Hannover4/2015-04-20_14-16-02/Trafficlight_2,14,7,0.5,0,0.0,4,1.8640539646148682,yolov8n,lowlight_l2
Hannover/Hannover4/2015-04-20_14-16-02/Trafficlight_3,19,17,0.8947368421052632,0,0.0,10,5.599778175354004,yolov8n,lowlight_l2
Hannover/Hannover4/2015-04-20_14-16-02/Trafficlight_1,8,8,1.0,0,0.0,8,4.332615852355957,yolov8n,lowlight_l2
Hannover/Hannover4/2015-04-20_14-17-12/Trafficlight_2,20,2,0.1,0,0.0,2,0.33080101013183594,yolov8n,lowlight_l2
Hannover/Hannover4/2015-04-20_14-17-12/TrafficLight_6,20,14,0.7,0,0.0,9,2.5989649295806885,yolov8n,lowlight_l2
Hannover/Hannover4/2015-04-20_14-31-46/Trafficlight_3,4,0,0.0,0,0.0,0,0.0,yolov8n,lowlight_l2
Hannover/Hannover4/2015-04-20_14-31-46/Trafficlight_4,8,0,0.0,0,0.0,0,0.0,yolov8n,lowlight_l2
Hannover/Hannover4/2015-04-20_14-31-46/Trafficlight_2,9,9,1.0,0,0.0,9,5.199236869812012,yolov8n,lowlight_l2
Hannover/Hannover4/2015-04-20_14-32-25/Trafficlight_3,14,0,0.0,0,0.0,0,0.0,yolov8n,lowlight_l2
Hannover/Hannover4/2015-04-20_14-32-25/Trafficlight_4,20,0,0.0,0,0.0,0,0.0,yolov8n,lowlight_l2
Hannover/Hannover4/2015-04-20_14-33-38/Trafficlight_2,6,2,0.3333333333333333,0,0.0,2,0.13374805450439453,yolov8n,lowlight_l2
Hannover/Hannover4/2015-04-20_14-33-38/Trafficlight_3,20,6,0.3,3,0.15,6,0.9339659214019775,yolov8n,lowlight_l2
Koeln/Koeln2/2015-04-23_12-31-31/Trafficlight_1,2,0,0.0,0,0.0,0,0.0,yolov8n,lowlight_l2
Koeln/Koeln2/2015-04-23_12-31-31/Trafficlight_2,2,1,0.5,0,0.0,1,0.0,yolov8n,lowlight_l2
Koeln/Koeln2/2015-04-23_12-31-31/Trafficlight_3,2,2,1.0,0,0.0,2,0.47226786613464355,yolov8n,lowlight_l2
Koeln/Koeln2/2015-04-23_12-33-22/Trafficlight_19,1,1,1.0,0,0.0,1,0.0,yolov8n,lowlight_l2
Koeln/Koeln2/2015-04-23_12-54-40/Trafficlight_3,9,6,0.6666666666666666,0,0.0,4,2.531008005142212,yolov8n,lowlight_l2
Koeln/Koeln2/2015-04-23_12-54-40/Trafficlight_4,9,5,0.5555555555555556,2,0.2222222222222222,3,1.7074310779571533,yolov8n,lowlight_l2
Koeln/Koeln2/2015-04-23_12-55-44/Trafficlight_3,8,4,0.5,0,0.0,3,1.5286929607391357,yolov8n,lowlight_l2
Koeln/Koeln2/2015-04-23_12-55-44/Trafficlight_1,8,5,0.625,0,0.0,5,3.0573830604553223,yolov8n,lowlight_l2
Koeln/Koeln2/2015-04-23_12-55-44/Trafficlight_2,7,5,0.7142857142857143,0,0.0,3,1.5302491188049316,yolov8n,lowlight_l2
Koeln/Koeln2/2015-04-23_12-56-08/Trafficlight_2,11,1,0.09090909090909091,0,0.0,1,0.0,yolov8n,lowlight_l2
Koeln/Koeln2/2015-04-23_12-56-08/Trafficlight_1,20,14,0.7,0,0.0,9,7.054329872131348,yolov8n,lowlight_l2
Koeln/Koeln2/2015-04-23_12-56-08/Trafficlight_3,15,1,0.06666666666666667,0,0.0,1,0.0,yolov8n,lowlight_l2
Koeln/Koeln2/2015-04-23_12-58-12/Trafficlight_1,20,20,1.0,0,0.0,20,18.408507108688354,yolov8n,lowlight_l2
Koeln/Koeln2/2015-04-23_12-58-12/Trafficlight_2,20,3,0.15,0,0.0,3,1.9399011135101318,yolov8n,lowlight_l2
Koeln/Koeln2/2015-04-23_13-03-59/Trafficlight_2,5,5,1.0,0,0.0,5,2.116795063018799,yolov8n,lowlight_l2
Koeln/Koeln2/2015-04-23_13-03-59/Trafficlight_3,7,7,1.0,0,0.0,7,3.4705021381378174,yolov8n,lowlight_l2
Koeln/Koeln2/2015-04-23_13-05-35/Trafficlight_4,3,0,0.0,0,0.0,0,0.0,yolov8n,lowlight_l2
Koeln/Koeln2/2015-04-23_13-05-35/Trafficlight_5,4,2,0.5,0,0.0,2,1.113865852355957,yolov8n,lowlight_l2
Koeln/Koeln2/2015-04-23_13-10-19/Trafficlight_1,3,2,0.6666666666666666,0,0.0,2,0.6444399356842041,yolov8n,lowlight_l2
Koeln/Koeln2/2015-04-23_13-10-19/Trafficlight_3,5,5,1.0,0,0.0,5,2.5852479934692383,yolov8n,lowlight_l2
Koeln/Koeln2/2015-04-23_13-10-19/Trafficlight_7,6,6,1.0,0,0.0,4,2.4686670303344727,yolov8n,lowlight_l2
Koeln/Koeln2/2015-04-23_13-10-19/Trafficlight_8,6,6,1.0,0,0.0,4,2.4686670303344727,yolov8n,lowlight_l2
Koeln/Koeln2/2015-04-23_13-11-46/Trafficlight_1,5,5,1.0,0,0.0,5,4.520406007766724,yolov8n,lowlight_l2
Koeln/Koeln2/2015-04-23_13-11-46/Trafficlight_3,7,7,1.0,0,0.0,6,5.8708062171936035,yolov8n,lowlight_l2
Koeln/Koeln2/2015-04-23_13-15-36/Trafficlight_4,13,13,1.0,0,0.0,13,6.585233926773071,yolov8n,lowlight_l2
Koeln/Koeln2/2015-04-23_13-15-36/Trafficlight_5,2,2,1.0,0,0.0,2,0.7070450782775879,yolov8n,lowlight_l2
Koeln/Koeln2/2015-04-23_13-15-59/Trafficlight_4,15,0,0.0,0,0.0,0,0.0,yolov8n,lowlight_l2
Koeln/Koeln2/2015-04-23_13-15-59/Trafficlight_3,7,0,0.0,0,0.0,0,0.0,yolov8n,lowlight_l2
Koeln/Koeln2/2015-04-23_13-16-45/Trafficlight_5,2,0,0.0,0,0.0,0,0.0,yolov8n,lowlight_l2
Koeln/Koeln2/2015-04-23_13-18-13/Trafficlight_4,7,5,0.7142857142857143,0,0.0,3,0.704395055770874,yolov8n,lowlight_l2
Koeln/Koeln2/2015-04-23_13-18-13/Trafficlight_5,12,4,0.3333333333333333,0,0.0,4,1.060230016708374,yolov8n,lowlight_l2
Koeln/Koeln2/2015-04-23_13-18-13/Trafficlight_6,13,0,0.0,0,0.0,0,0.0,yolov8n,lowlight_l2
Koeln/Koeln2/2015-04-23_13-18-13/Trafficlight_7,19,0,0.0,0,0.0,0,0.0,yolov8n,lowlight_l2
Koeln/Koeln2/2015-04-23_13-19-07/Trafficlight_1,12,3,0.25,0,0.0,3,3.5288150310516357,yolov8n,lowlight_l2
Koeln/Koeln2/2015-04-23_13-19-07/Trafficlight_2,4,2,0.5,0,0.0,2,1.7647130489349365,yolov8n,lowlight_l2
Koeln/Koeln2/2015-04-23_13-19-07/Trafficlight_3,5,4,0.8,0,0.0,4,5.293978929519653,yolov8n,lowlight_l2
Koeln/Koeln2/2015-04-23_13-19-07/Trafficlight_6,12,7,0.5833333333333334,0,0.0,1,0.0,yolov8n,lowlight_l2
Koeln/Koeln2/2015-04-23_13-19-07/Trafficlight_7,5,3,0.6,0,0.0,1,0.0,yolov8n,lowlight_l2
Koeln/Koeln2/2015-04-23_13-19-07/Trafficlight_8,6,4,0.6666666666666666,0,0.0,1,0.0,yolov8n,lowlight_l2
Koeln/Koeln2/2015-04-23_13-22-16/Trafficlight_5,16,8,0.5,1,0.0625,3,1.704421043395996,yolov8n,lowlight_l2
Koeln/Koeln2/2015-04-23_13-22-16/Trafficlight_6,14,9,0.6428571428571429,0,0.0,7,5.11556601524353,yolov8n,lowlight_l2
Koeln/Koeln2/2015-04-23_13-26-00/Trafficlight_1,5,5,1.0,0,0.0,5,0.23670387268066406,yolov8n,lowlight_l2
Koeln/Koeln2/2015-04-23_13-26-00/Trafficlight_2,11,11,1.0,0,0.0,11,0.6478209495544434,yolov8n,lowlight_l2
Koeln/Koeln2/2015-04-23_13-27-52/Trafficlight_2,9,2,0.2222222222222222,0,0.0,1,0.0,yolov8n,lowlight_l2
Koeln/Koeln2/2015-04-23_13-27-52/Trafficlight_3,9,6,0.6666666666666666,0,0.0,5,2.591688871383667,yolov8n,lowlight_l2
Koeln/Koeln2/2015-04-23_13-28-56/Trafficlight_1,1,1,1.0,0,0.0,1,0.0,yolov8n,lowlight_l2
Koeln/Koeln2/2015-04-23_13-28-56/Trafficlight_3,1,1,1.0,0,0.0,1,0.0,yolov8n,lowlight_l2
Koeln/Koeln2/2015-04-23_13-29-48/Trafficlight_1,17,3,0.17647058823529413,0,0.0,2,0.3528401851654053,yolov8n,lowlight_l2
Koeln/Koeln2/2015-04-23_13-29-48/Trafficlight_2,13,8,0.6153846153846154,0,0.0,5,1.4126358032226562,yolov8n,lowlight_l2
Koeln/Koeln2/2015-04-23_13-29-48/Trafficlight_3,17,13,0.7647058823529411,0,0.0,13,4.4676971435546875,yolov8n,lowlight_l2
Koeln/Koeln2/2015-04-23_13-30-07/Trafficlight_2,11,1,0.09090909090909091,0,0.0,1,0.0,yolov8n,lowlight_l2
Koeln/Koeln2/2015-04-23_13-30-07/Trafficlight_3,14,3,0.21428571428571427,0,0.0,2,0.5912420749664307,yolov8n,lowlight_l2
Koeln/Koeln2/2015-04-23_13-30-57/Trafficlight_3,10,3,0.3,0,0.0,2,0.7600011825561523,yolov8n,lowlight_l2
Koeln/Koeln2/2015-04-23_13-30-57/Trafficlight_4,12,4,0.3333333333333333,0,0.0,2,1.004526138305664,yolov8n,lowlight_l2
Essen/Essen2/2015-04-22_11-54-56/Trafficlight_1,16,4,0.25,0,0.0,2,0.39867091178894043,yolo11n,lowlight_l2
Essen/Essen2/2015-04-22_11-54-56/Trafficlight_2,12,3,0.25,0,0.0,2,0.39777588844299316,yolo11n,lowlight_l2
Essen/Essen2/2015-04-22_11-55-29/Trafficlight_1,22,0,0.0,0,0.0,0,0.0,yolo11n,lowlight_l2
Essen/Essen2/2015-04-22_11-55-29/Trafficlight_2,15,0,0.0,0,0.0,0,0.0,yolo11n,lowlight_l2
Essen/Essen2/2015-04-22_11-55-29/Trafficlight_3,21,3,0.14285714285714285,0,0.0,1,0.0,yolo11n,lowlight_l2
Essen/Essen2/2015-04-22_11-58-40/Trafficlight_1,1,0,0.0,0,0.0,0,0.0,yolo11n,lowlight_l2
Essen/Essen2/2015-04-22_11-58-40/Trafficlight_2,1,0,0.0,0,0.0,0,0.0,yolo11n,lowlight_l2
Essen/Essen2/2015-04-22_11-59-47/Trafficlight_1,14,11,0.7857142857142857,0,0.0,11,8.468425035476685,yolo11n,lowlight_l2
Essen/Essen2/2015-04-22_11-59-47/Trafficlight_2,18,0,0.0,0,0.0,0,0.0,yolo11n,lowlight_l2
Essen/Essen2/2015-04-22_11-59-47/Trafficlight_3,21,13,0.6190476190476191,1,0.047619047619047616,7,3.133716106414795,yolo11n,lowlight_l2
Essen/Essen2/2015-04-22_12-00-12/Trafficlight_1,12,10,0.8333333333333334,0,0.0,6,1.3357319831848145,yolo11n,lowlight_l2
Essen/Essen2/2015-04-22_12-00-12/Trafficlight_2,12,9,0.75,0,0.0,9,2.468067169189453,yolo11n,lowlight_l2
Essen/Essen2/2015-04-22_12-00-12/Trafficlight_3,18,2,0.1111111111111111,0,0.0,1,0.0,yolo11n,lowlight_l2
Essen/Essen2/2015-04-22_12-00-50/Trafficlight_1,8,3,0.375,0,0.0,3,3.466460943222046,yolo11n,lowlight_l2
Essen/Essen2/2015-04-22_12-00-50/Trafficlight_2,4,0,0.0,0,0.0,0,0.0,yolo11n,lowlight_l2
Essen/Essen2/2015-04-22_12-00-50/Trafficlight_3,7,3,0.42857142857142855,0,0.0,3,3.466460943222046,yolo11n,lowlight_l2
Essen/Essen2/2015-04-22_12-03-07/Trafficlight_7,1,1,1.0,0,0.0,1,0.0,yolo11n,lowlight_l2
Essen/Essen2/2015-04-22_12-03-07/Trafficlight_8,1,1,1.0,0,0.0,1,0.0,yolo11n,lowlight_l2
Essen/Essen2/2015-04-22_12-03-17/Trafficlight_1,11,11,1.0,0,0.0,11,3.3990509510040283,yolo11n,lowlight_l2
Essen/Essen2/2015-04-22_12-03-17/Trafficlight_2,11,10,0.9090909090909091,0,0.0,10,3.064750909805298,yolo11n,lowlight_l2
Essen/Essen2/2015-04-22_12-03-17/Trafficlight_3,10,3,0.3,0,0.0,1,0.0,yolo11n,lowlight_l2
Essen/Essen2/2015-04-22_12-03-17/Trafficlight_4,2,2,1.0,0,0.0,2,0.33318114280700684,yolo11n,lowlight_l2
Essen/Essen2/2015-04-22_12-04-52/Trafficlight_1,18,14,0.7777777777777778,0,0.0,7,1.9981029033660889,yolo11n,lowlight_l2
Essen/Essen2/2015-04-22_12-04-52/Trafficlight_5,6,6,1.0,0,0.0,6,1.664518117904663,yolo11n,lowlight_l2
Essen/Essen2/2015-04-22_12-07-48/Trafficlight_1,7,7,1.0,0,0.0,7,1.999337911605835,yolo11n,lowlight_l2
Essen/Essen2/2015-04-22_12-07-48/Trafficlight_2,7,1,0.14285714285714285,0,0.0,1,0.0,yolo11n,lowlight_l2
Essen/Essen2/2015-04-22_12-07-48/Trafficlight_3,7,7,1.0,0,0.0,7,1.999337911605835,yolo11n,lowlight_l2
Essen/Essen2/2015-04-22_12-10-46/Trafficlight_2,10,1,0.1,0,0.0,1,0.0,yolo11n,lowlight_l2
Essen/Essen2/2015-04-22_12-10-46/Trafficlight_3,16,5,0.3125,1,0.0625,4,3.0016729831695557,yolo11n,lowlight_l2
Essen/Essen2/2015-04-22_12-10-46/Trafficlight_1,13,7,0.5384615384615384,0,0.0,4,3.0016729831695557,yolo11n,lowlight_l2
Essen/Essen2/2015-04-22_12-12-38/Trafficlight_1,14,9,0.6428571428571429,0,0.0,9,3.8686540126800537,yolo11n,lowlight_l2
Essen/Essen2/2015-04-22_12-12-38/Trafficlight_2,16,2,0.125,0,0.0,1,0.0,yolo11n,lowlight_l2
Essen/Essen2/2015-04-22_12-14-33/Trafficlight_1,5,5,1.0,0,0.0,5,1.8019039630889893,yolo11n,lowlight_l2
Essen/Essen2/2015-04-22_12-14-33/Trafficlight_2,4,0,0.0,0,0.0,0,0.0,yolo11n,lowlight_l2
Essen/Essen2/2015-04-22_12-14-33/Trafficlight_3,5,5,1.0,0,0.0,5,1.8019039630889893,yolo11n,lowlight_l2
Essen/Essen2/2015-04-22_12-16-21/Trafficlight_1,16,2,0.125,0,0.0,1,0.0,yolo11n,lowlight_l2
Essen/Essen2/2015-04-22_12-16-21/Trafficlight_2,12,8,0.6666666666666666,0,0.0,4,1.1986589431762695,yolo11n,lowlight_l2
Essen/Essen2/2015-04-22_12-17-10/Trafficlight_2,9,8,0.8888888888888888,0,0.0,7,4.1340460777282715,yolo11n,lowlight_l2
Essen/Essen2/2015-04-22_12-17-10/Trafficlight_1,17,8,0.47058823529411764,0,0.0,6,3.3997910022735596,yolo11n,lowlight_l2
Essen/Essen2/2015-04-22_12-17-10/Trafficlight_3,13,9,0.6923076923076923,0,0.0,4,2.0001728534698486,yolo11n,lowlight_l2
Essen/Essen3/2015-04-22_12-21-40/Trafficlight_2,20,7,0.35,0,0.0,5,0.8013460636138916,yolo11n,lowlight_l2
Essen/Essen3/2015-04-22_12-21-40/Trafficlight_3,1,0,0.0,0,0.0,0,0.0,yolo11n,lowlight_l2
Essen/Essen3/2015-04-22_12-22-11/Trafficlight_2,4,4,1.0,0,0.0,4,2.125485897064209,yolo11n,lowlight_l2
Essen/Essen3/2015-04-22_12-22-11/Trafficlight_3,6,1,0.16666666666666666,0,0.0,1,0.0,yolo11n,lowlight_l2
Essen/Essen3/2015-04-22_12-22-11/Trafficlight_4,11,2,0.18181818181818182,0,0.0,1,0.0,yolo11n,lowlight_l2
Essen/Essen3/2015-04-22_12-24-28/Trafficlight_1,5,5,1.0,0,0.0,5,3.932101011276245,yolo11n,lowlight_l2
Essen/Essen3/2015-04-22_12-24-28/Trafficlight_2,5,3,0.6,0,0.0,2,1.064296007156372,yolo11n,lowlight_l2
Essen/Essen3/2015-04-22_12-24-28/Trafficlight_3,2,0,0.0,0,0.0,0,0.0,yolo11n,lowlight_l2
Essen/Essen3/2015-04-22_12-28-48/Trafficlight_1,20,9,0.45,0,0.0,8,3.735752820968628,yolo11n,lowlight_l2
Essen/Essen3/2015-04-22_12-28-48/Trafficlight_5,10,10,1.0,0,0.0,10,4.799072980880737,yolo11n,lowlight_l2
Essen/Essen3/2015-04-22_12-31-21/Trafficlight_4,1,1,1.0,0,0.0,1,0.0,yolo11n,lowlight_l2
Essen/Essen3/2015-04-22_12-31-56/Trafficlight_1,8,7,0.875,0,0.0,6,0.6655259132385254,yolo11n,lowlight_l2
Essen/Essen3/2015-04-22_12-31-56/Trafficlight_2,19,0,0.0,0,0.0,0,0.0,yolo11n,lowlight_l2
Essen/Essen3/2015-04-22_12-31-56/Trafficlight_3,9,6,0.6666666666666666,0,0.0,6,6.46475887298584,yolo11n,lowlight_l2
Essen/Essen3/2015-04-22_12-31-56/Trafficlight_4,9,1,0.1111111111111111,0,0.0,1,0.0,yolo11n,lowlight_l2
Essen/Essen3/2015-04-22_12-31-56/Trafficlight_16,8,1,0.125,0,0.0,1,0.0,yolo11n,lowlight_l2
Essen/Essen3/2015-04-22_12-31-56/Trafficlight_17,6,0,0.0,0,0.0,0,0.0,yolo11n,lowlight_l2
Essen/Essen3/2015-04-22_12-31-56/Trafficlight_18,10,0,0.0,0,0.0,0,0.0,yolo11n,lowlight_l2
Fulda/Fulda2/2015-05-15_18-00-09/Trafficlight_1,10,1,0.1,0,0.0,1,0.0,yolo11n,lowlight_l2
Fulda/Fulda2/2015-05-15_18-00-09/Trafficlight_7,3,0,0.0,0,0.0,0,0.0,yolo11n,lowlight_l2
Fulda/Fulda2/2015-05-15_18-00-57/Trafficlight_1,14,8,0.5714285714285714,0,0.0,4,1.7631139755249023,yolo11n,lowlight_l2
Fulda/Fulda2/2015-05-15_18-00-57/Trafficlight_2,10,6,0.6,0,0.0,4,1.7637078762054443,yolo11n,lowlight_l2
Fulda/Fulda2/2015-05-15_18-00-57/Trafficlight_3,10,4,0.4,0,0.0,3,1.1717360019683838,yolo11n,lowlight_l2
Fulda/Fulda2/2015-05-15_18-01-58/Trafficlight_14,3,3,1.0,0,0.0,3,1.1750850677490234,yolo11n,lowlight_l2
Fulda/Fulda2/2015-05-15_18-03-39/Trafficlight_5,11,1,0.09090909090909091,0,0.0,1,0.0,yolo11n,lowlight_l2
Fulda/Fulda2/2015-05-15_18-03-39/Trafficlight_6,7,0,0.0,0,0.0,0,0.0,yolo11n,lowlight_l2
Fulda/Fulda2/2015-05-15_18-03-39/Trafficlight_7,11,1,0.09090909090909091,0,0.0,1,0.0,yolo11n,lowlight_l2
Fulda/Fulda2/2015-05-15_18-04-24/Trafficlight_2,15,5,0.3333333333333333,0,0.0,5,2.355818033218384,yolo11n,lowlight_l2
Fulda/Fulda2/2015-05-15_18-05-38/Trafficlight_1,16,4,0.25,0,0.0,2,0.5905930995941162,yolo11n,lowlight_l2
Fulda/Fulda2/2015-05-15_18-05-38/Trafficlight_7,14,7,0.5,0,0.0,4,1.7645180225372314,yolo11n,lowlight_l2
Fulda/Fulda2/2015-05-15_18-05-38/Trafficlight_12,7,7,1.0,0,0.0,4,1.763545036315918,yolo11n,lowlight_l2
Fulda/Fulda2/2015-05-15_18-07-04/Trafficlight_2,7,2,0.2857142857142857,0,0.0,1,0.0,yolo11n,lowlight_l2
Fulda/Fulda2/2015-05-15_18-07-04/Trafficlight_3,10,10,1.0,0,0.0,10,5.294755935668945,yolo11n,lowlight_l2
Fulda/Fulda2/2015-05-15_18-07-04/Trafficlight_14,2,2,1.0,0,0.0,2,0.5877358913421631,yolo11n,lowlight_l2
Fulda/Fulda2/2015-05-15_18-07-37/Trafficlight_2,2,2,1.0,0,0.0,2,0.5985150337219238,yolo11n,lowlight_l2
Fulda/Fulda2/2015-05-15_18-07-37/Trafficlight_3,3,3,1.0,0,0.0,3,1.1775381565093994,yolo11n,lowlight_l2
Fulda/Fulda2/2015-05-15_18-08-11/Trafficlight_1,8,3,0.375,0,0.0,2,0.5863320827484131,yolo11n,lowlight_l2
Fulda/Fulda2/2015-05-15_18-08-11/Trafficlight_2,8,0,0.0,0,0.0,0,0.0,yolo11n,lowlight_l2
Fulda/Fulda2/2015-05-15_18-09-21/Trafficlight_1,14,6,0.42857142857142855,0,0.0,2,0.5880391597747803,yolo11n,lowlight_l2
Fulda/Fulda2/2015-05-15_18-09-21/Trafficlight_2,5,2,0.4,0,0.0,1,0.0,yolo11n,lowlight_l2
Fulda/Fulda2/2015-05-15_18-11-25/Trafficlight_1,14,6,0.42857142857142855,0,0.0,2,0.5906820297241211,yolo11n,lowlight_l2
Fulda/Fulda2/2015-05-15_18-11-25/Trafficlight_2,9,0,0.0,0,0.0,0,0.0,yolo11n,lowlight_l2
Fulda/Fulda2/2015-05-15_18-11-25/Trafficlight_3,12,0,0.0,0,0.0,0,0.0,yolo11n,lowlight_l2
Fulda/Fulda2/2015-05-15_18-12-26/Trafficlight_12,1,1,1.0,0,0.0,1,0.0,yolo11n,lowlight_l2
Fulda/Fulda2/2015-05-15_18-12-26/Trafficlight_13,1,1,1.0,0,0.0,1,0.0,yolo11n,lowlight_l2
Fulda/Fulda2/2015-05-15_18-13-56/Trafficlight_2,3,3,1.0,0,0.0,3,1.1754150390625,yolo11n,lowlight_l2
Fulda/Fulda2/2015-05-15_18-13-56/Trafficlight_3,3,3,1.0,0,0.0,3,1.1754150390625,yolo11n,lowlight_l2
Fulda/Fulda2/2015-05-15_18-13-56/Trafficlight_4,4,4,1.0,0,0.0,4,1.76487398147583,yolo11n,lowlight_l2
Hannover/Hannover4/2015-04-20_13-51-29/Trafficlight_7,20,20,1.0,0,0.0,20,5.936743974685669,yolo11n,lowlight_l2
Hannover/Hannover4/2015-04-20_13-51-36/Trafficlight_4,20,20,1.0,0,0.0,20,1.467405080795288,yolo11n,lowlight_l2
Hannover/Hannover4/2015-04-20_13-51-36/Trafficlight_6,10,10,1.0,0,0.0,10,0.6674211025238037,yolo11n,lowlight_l2
Hannover/Hannover4/2015-04-20_13-51-40/Trafficlight_2,20,6,0.3,0,0.0,3,1.1989128589630127,yolo11n,lowlight_l2
Hannover/Hannover4/2015-04-20_13-51-40/Trafficlight_1,18,18,1.0,0,0.0,18,11.801587104797363,yolo11n,lowlight_l2
Hannover/Hannover4/2015-04-20_13-51-40/Trafficlight_3,19,19,1.0,0,0.0,19,11.204802989959717,yolo11n,lowlight_l2
Hannover/Hannover4/2015-04-20_13-54-28/Trafficlight_2,4,0,0.0,0,0.0,0,0.0,yolo11n,lowlight_l2
Hannover/Hannover4/2015-04-20_13-54-28/Trafficlight_3,13,7,0.5384615384615384,0,0.0,2,1.8680229187011719,yolo11n,lowlight_l2
Hannover/Hannover4/2015-04-20_13-54-28/Trafficlight_7,5,5,1.0,0,0.0,5,3.7315638065338135,yolo11n,lowlight_l2
Hannover/Hannover4/2015-04-20_13-56-44/Trafficlight_3,12,0,0.0,0,0.0,0,0.0,yolo11n,lowlight_l2
Hannover/Hannover4/2015-04-20_13-56-44/Trafficlight_4,19,6,0.3157894736842105,0,0.0,4,2.1329729557037354,yolo11n,lowlight_l2
Hannover/Hannover4/2015-04-20_13-57-56/Trafficlight_4,19,19,1.0,0,0.0,19,1.1975510120391846,yolo11n,lowlight_l2
Hannover/Hannover4/2015-04-20_13-58-03/Trafficlight_3,16,3,0.1875,0,0.0,2,0.7327990531921387,yolo11n,lowlight_l2
Hannover/Hannover4/2015-04-20_13-58-03/Trafficlight_4,23,11,0.4782608695652174,0,0.0,5,2.730855941772461,yolo11n,lowlight_l2
Hannover/Hannover4/2015-04-20_13-59-27/Trafficlight_1,20,10,0.5,0,0.0,4,0.19857001304626465,yolo11n,lowlight_l2
Hannover/Hannover4/2015-04-20_14-00-12/Trafficlight_1,26,25,0.9615384615384616,0,0.0,13,6.397797107696533,yolo11n,lowlight_l2
Hannover/Hannover4/2015-04-20_14-00-12/Trafficlight_2,29,4,0.13793103448275862,0,0.0,2,0.5348889827728271,yolo11n,lowlight_l2
Hannover/Hannover4/2015-04-20_14-00-12/Trafficlight_3,9,4,0.4444444444444444,0,0.0,3,1.1345031261444092,yolo11n,lowlight_l2
Hannover/Hannover4/2015-04-20_14-01-01/Trafficlight_2,20,0,0.0,0,0.0,0,0.0,yolo11n,lowlight_l2
Hannover/Hannover4/2015-04-20_14-01-01/Trafficlight_1,20,9,0.45,0,0.0,8,6.068166017532349,yolo11n,lowlight_l2
Hannover/Hannover4/2015-04-20_14-02-07/Trafficlight_4,20,20,1.0,0,0.0,20,5.469353914260864,yolo11n,lowlight_l2
Hannover/Hannover4/2015-04-20_14-02-24/Trafficlight_2,8,0,0.0,0,0.0,0,0.0,yolo11n,lowlight_l2
Hannover/Hannover4/2015-04-20_14-02-24/Trafficlight_3,10,10,1.0,0,0.0,9,2.5317258834838867,yolo11n,lowlight_l2
Hannover/Hannover4/2015-04-20_14-02-24/Trafficlight_1,9,7,0.7777777777777778,0,0.0,6,1.5994009971618652,yolo11n,lowlight_l2
Hannover/Hannover4/2015-04-20_14-02-24/Trafficlight_5,1,1,1.0,0,0.0,1,0.0,yolo11n,lowlight_l2
Hannover/Hannover4/2015-04-20_14-04-24/Trafficlight_3,6,6,1.0,0,0.0,4,1.6685810089111328,yolo11n,lowlight_l2
Hannover/Hannover4/2015-04-20_14-04-24/Trafficlight_4,4,3,0.75,0,0.0,2,0.5343871116638184,yolo11n,lowlight_l2
Hannover/Hannover4/2015-04-20_14-04-24/Trafficlight_5,14,9,0.6428571428571429,0,0.0,6,2.8010809421539307,yolo11n,lowlight_l2
Hannover/Hannover4/2015-04-20_14-05-57/Trafficlight_2,12,4,0.3333333333333333,0,0.0,3,1.7394959926605225,yolo11n,lowlight_l2
Hannover/Hannover4/2015-04-20_14-05-57/Trafficlight_1,7,6,0.8571428571428571,0,0.0,4,2.668240785598755,yolo11n,lowlight_l2
Hannover/Hannover4/2015-04-20_14-05-57/Trafficlight_3,17,5,0.29411764705882354,0,0.0,3,1.7332031726837158,yolo11n,lowlight_l2
Hannover/Hannover4/2015-04-20_14-06-51/Trafficlight_2,15,5,0.3333333333333333,2,0.13333333333333333,2,0.5353939533233643,yolo11n,lowlight_l2
Hannover/Hannover4/2015-04-20_14-06-51/Trafficlight_1,18,6,0.3333333333333333,0,0.0,3,1.0677769184112549,yolo11n,lowlight_l2
Hannover/Hannover4/2015-04-20_14-06-51/Trafficlight_3,18,11,0.6111111111111112,0,0.0,5,2.1989359855651855,yolo11n,lowlight_l2
Hannover/Hannover4/2015-04-20_14-08-36/Trafficlight_4,10,9,0.9,0,0.0,9,2.732032060623169,yolo11n,lowlight_l2
Hannover/Hannover4/2015-04-20_14-08-36/Trafficlight_5,20,4,0.2,0,0.0,1,0.0,yolo11n,lowlight_l2
Hannover/Hannover4/2015-04-20_14-08-36/Trafficlight_3,9,7,0.7777777777777778,0,0.0,6,1.7338151931762695,yolo11n,lowlight_l2
Hannover/Hannover4/2015-04-20_14-09-52/Trafficlight_1,20,0,0.0,0,0.0,0,0.0,yolo11n,lowlight_l2
Hannover/Hannover4/2015-04-20_14-09-52/Trafficlight_2,20,1,0.05,0,0.0,1,0.0,yolo11n,lowlight_l2
Hannover/Hannover4/2015-04-20_14-11-20/Trafficlight_1,12,9,0.75,0,0.0,6,2.3348050117492676,yolo11n,lowlight_l2
Hannover/Hannover4/2015-04-20_14-11-20/Trafficlight_3,3,1,0.3333333333333333,0,0.0,1,0.0,yolo11n,lowlight_l2
Hannover/Hannover4/2015-04-20_14-12-16/Trafficlight_4,7,7,1.0,0,0.0,7,2.398069143295288,yolo11n,lowlight_l2
Hannover/Hannover4/2015-04-20_14-12-16/Trafficlight_5,7,7,1.0,0,0.0,7,2.398069143295288,yolo11n,lowlight_l2
Hannover/Hannover4/2015-04-20_14-12-16/Trafficlight_6,20,20,1.0,0,0.0,20,7.598844051361084,yolo11n,lowlight_l2
Hannover/Hannover4/2015-04-20_14-16-02/Trafficlight_2,14,7,0.5,0,0.0,2,0.6692650318145752,yolo11n,lowlight_l2
Hannover/Hannover4/2015-04-20_14-16-02/Trafficlight_3,19,16,0.8421052631578947,0,0.0,6,3.131196975708008,yolo11n,lowlight_l2
Hannover/Hannover4/2015-04-20_14-16-02/Trafficlight_1,8,8,1.0,0,0.0,8,4.332615852355957,yolo11n,lowlight_l2
Hannover/Hannover4/2015-04-20_14-17-12/Trafficlight_2,20,2,0.1,0,0.0,2,0.33080101013183594,yolo11n,lowlight_l2
Hannover/Hannover4/2015-04-20_14-17-12/TrafficLight_6,20,7,0.35,0,0.0,2,0.33080101013183594,yolo11n,lowlight_l2
Hannover/Hannover4/2015-04-20_14-31-46/Trafficlight_3,4,0,0.0,0,0.0,0,0.0,yolo11n,lowlight_l2
Hannover/Hannover4/2015-04-20_14-31-46/Trafficlight_4,8,0,0.0,0,0.0,0,0.0,yolo11n,lowlight_l2
Hannover/Hannover4/2015-04-20_14-31-46/Trafficlight_2,9,4,0.4444444444444444,0,0.0,2,0.6695129871368408,yolo11n,lowlight_l2
Hannover/Hannover4/2015-04-20_14-32-25/Trafficlight_3,14,0,0.0,0,0.0,0,0.0,yolo11n,lowlight_l2
Hannover/Hannover4/2015-04-20_14-32-25/Trafficlight_4,20,2,0.1,0,0.0,2,0.5329439640045166,yolo11n,lowlight_l2
Hannover/Hannover4/2015-04-20_14-33-38/Trafficlight_2,6,1,0.16666666666666666,0,0.0,1,0.0,yolo11n,lowlight_l2
Hannover/Hannover4/2015-04-20_14-33-38/Trafficlight_3,20,8,0.4,3,0.15,3,0.3318781852722168,yolo11n,lowlight_l2
Koeln/Koeln2/2015-04-23_12-31-31/Trafficlight_1,2,1,0.5,0,0.0,1,0.0,yolo11n,lowlight_l2
Koeln/Koeln2/2015-04-23_12-31-31/Trafficlight_2,2,1,0.5,0,0.0,1,0.0,yolo11n,lowlight_l2
Koeln/Koeln2/2015-04-23_12-31-31/Trafficlight_3,2,2,1.0,0,0.0,2,0.47226786613464355,yolo11n,lowlight_l2
Koeln/Koeln2/2015-04-23_12-33-22/Trafficlight_19,1,1,1.0,0,0.0,1,0.0,yolo11n,lowlight_l2
Koeln/Koeln2/2015-04-23_12-54-40/Trafficlight_3,9,6,0.6666666666666666,0,0.0,6,4.235347032546997,yolo11n,lowlight_l2
Koeln/Koeln2/2015-04-23_12-54-40/Trafficlight_4,9,7,0.7777777777777778,5,0.5555555555555556,4,2.527569055557251,yolo11n,lowlight_l2
Koeln/Koeln2/2015-04-23_12-55-44/Trafficlight_3,8,4,0.5,0,0.0,2,0.765099048614502,yolo11n,lowlight_l2
Koeln/Koeln2/2015-04-23_12-55-44/Trafficlight_1,8,3,0.375,0,0.0,3,1.5271339416503906,yolo11n,lowlight_l2
Koeln/Koeln2/2015-04-23_12-55-44/Trafficlight_2,7,4,0.5714285714285714,0,0.0,2,0.765099048614502,yolo11n,lowlight_l2
Koeln/Koeln2/2015-04-23_12-56-08/Trafficlight_2,11,0,0.0,0,0.0,0,0.0,yolo11n,lowlight_l2
Koeln/Koeln2/2015-04-23_12-56-08/Trafficlight_1,20,13,0.65,0,0.0,9,7.054329872131348,yolo11n,lowlight_l2
Koeln/Koeln2/2015-04-23_12-56-08/Trafficlight_3,15,1,0.06666666666666667,1,0.06666666666666667,1,0.0,yolo11n,lowlight_l2
Koeln/Koeln2/2015-04-23_12-58-12/Trafficlight_1,20,20,1.0,0,0.0,20,18.408507108688354,yolo11n,lowlight_l2
Koeln/Koeln2/2015-04-23_12-58-12/Trafficlight_2,20,3,0.15,0,0.0,3,1.9399011135101318,yolo11n,lowlight_l2
Koeln/Koeln2/2015-04-23_13-03-59/Trafficlight_2,5,5,1.0,0,0.0,5,2.116795063018799,yolo11n,lowlight_l2
Koeln/Koeln2/2015-04-23_13-03-59/Trafficlight_3,7,7,1.0,0,0.0,7,3.4705021381378174,yolo11n,lowlight_l2
Koeln/Koeln2/2015-04-23_13-05-35/Trafficlight_4,3,0,0.0,0,0.0,0,0.0,yolo11n,lowlight_l2
Koeln/Koeln2/2015-04-23_13-05-35/Trafficlight_5,4,2,0.5,0,0.0,2,1.113865852355957,yolo11n,lowlight_l2
Koeln/Koeln2/2015-04-23_13-10-19/Trafficlight_1,3,2,0.6666666666666666,0,0.0,2,0.6444399356842041,yolo11n,lowlight_l2
Koeln/Koeln2/2015-04-23_13-10-19/Trafficlight_3,5,4,0.8,0,0.0,3,1.290968894958496,yolo11n,lowlight_l2
Koeln/Koeln2/2015-04-23_13-10-19/Trafficlight_7,6,6,1.0,0,0.0,4,2.4686670303344727,yolo11n,lowlight_l2
Koeln/Koeln2/2015-04-23_13-10-19/Trafficlight_8,6,6,1.0,0,0.0,4,2.4686670303344727,yolo11n,lowlight_l2
Koeln/Koeln2/2015-04-23_13-11-46/Trafficlight_1,5,5,1.0,0,0.0,5,4.520406007766724,yolo11n,lowlight_l2
Koeln/Koeln2/2015-04-23_13-11-46/Trafficlight_3,7,6,0.8571428571428571,0,0.0,5,4.702125072479248,yolo11n,lowlight_l2
Koeln/Koeln2/2015-04-23_13-15-36/Trafficlight_4,13,13,1.0,2,0.15384615384615385,13,6.585233926773071,yolo11n,lowlight_l2
Koeln/Koeln2/2015-04-23_13-15-36/Trafficlight_5,2,2,1.0,0,0.0,2,0.7070450782775879,yolo11n,lowlight_l2
Koeln/Koeln2/2015-04-23_13-15-59/Trafficlight_4,15,0,0.0,0,0.0,0,0.0,yolo11n,lowlight_l2
Koeln/Koeln2/2015-04-23_13-15-59/Trafficlight_3,7,0,0.0,0,0.0,0,0.0,yolo11n,lowlight_l2
Koeln/Koeln2/2015-04-23_13-16-45/Trafficlight_5,2,0,0.0,0,0.0,0,0.0,yolo11n,lowlight_l2
Koeln/Koeln2/2015-04-23_13-18-13/Trafficlight_4,7,7,1.0,0,0.0,5,1.4128310680389404,yolo11n,lowlight_l2
Koeln/Koeln2/2015-04-23_13-18-13/Trafficlight_5,12,9,0.75,0,0.0,5,1.4112780094146729,yolo11n,lowlight_l2
Koeln/Koeln2/2015-04-23_13-18-13/Trafficlight_6,13,1,0.07692307692307693,0,0.0,1,0.0,yolo11n,lowlight_l2
Koeln/Koeln2/2015-04-23_13-18-13/Trafficlight_7,19,0,0.0,0,0.0,0,0.0,yolo11n,lowlight_l2
Koeln/Koeln2/2015-04-23_13-19-07/Trafficlight_1,12,3,0.25,0,0.0,1,0.0,yolo11n,lowlight_l2
Koeln/Koeln2/2015-04-23_13-19-07/Trafficlight_2,4,0,0.0,0,0.0,0,0.0,yolo11n,lowlight_l2
Koeln/Koeln2/2015-04-23_13-19-07/Trafficlight_3,5,5,1.0,0,0.0,5,7.0580809116363525,yolo11n,lowlight_l2
Koeln/Koeln2/2015-04-23_13-19-07/Trafficlight_6,12,6,0.5,0,0.0,1,0.0,yolo11n,lowlight_l2
Koeln/Koeln2/2015-04-23_13-19-07/Trafficlight_7,5,5,1.0,0,0.0,1,0.0,yolo11n,lowlight_l2
Koeln/Koeln2/2015-04-23_13-19-07/Trafficlight_8,6,6,1.0,0,0.0,1,0.0,yolo11n,lowlight_l2
Koeln/Koeln2/2015-04-23_13-22-16/Trafficlight_5,16,7,0.4375,0,0.0,3,1.704421043395996,yolo11n,lowlight_l2
Koeln/Koeln2/2015-04-23_13-22-16/Trafficlight_6,14,6,0.42857142857142855,0,0.0,2,0.8212699890136719,yolo11n,lowlight_l2
Koeln/Koeln2/2015-04-23_13-26-00/Trafficlight_1,5,5,1.0,0,0.0,5,0.23670387268066406,yolo11n,lowlight_l2
Koeln/Koeln2/2015-04-23_13-26-00/Trafficlight_2,11,11,1.0,0,0.0,11,0.6478209495544434,yolo11n,lowlight_l2
Koeln/Koeln2/2015-04-23_13-27-52/Trafficlight_2,9,1,0.1111111111111111,0,0.0,1,0.0,yolo11n,lowlight_l2
Koeln/Koeln2/2015-04-23_13-27-52/Trafficlight_3,9,6,0.6666666666666666,0,0.0,5,2.591688871383667,yolo11n,lowlight_l2
Koeln/Koeln2/2015-04-23_13-28-56/Trafficlight_1,1,1,1.0,0,0.0,1,0.0,yolo11n,lowlight_l2
Koeln/Koeln2/2015-04-23_13-28-56/Trafficlight_3,1,1,1.0,0,0.0,1,0.0,yolo11n,lowlight_l2
Koeln/Koeln2/2015-04-23_13-29-48/Trafficlight_1,17,4,0.23529411764705882,0,0.0,2,0.4725949764251709,yolo11n,lowlight_l2
Koeln/Koeln2/2015-04-23_13-29-48/Trafficlight_2,13,7,0.5384615384615384,0,0.0,5,1.4126358032226562,yolo11n,lowlight_l2
Koeln/Koeln2/2015-04-23_13-29-48/Trafficlight_3,17,11,0.6470588235294118,0,0.0,11,3.7639551162719727,yolo11n,lowlight_l2
Koeln/Koeln2/2015-04-23_13-30-07/Trafficlight_2,11,0,0.0,0,0.0,0,0.0,yolo11n,lowlight_l2
Koeln/Koeln2/2015-04-23_13-30-07/Trafficlight_3,14,1,0.07142857142857142,0,0.0,1,0.0,yolo11n,lowlight_l2
Koeln/Koeln2/2015-04-23_13-30-57/Trafficlight_3,10,4,0.4,0,0.0,4,2.294246196746826,yolo11n,lowlight_l2
Koeln/Koeln2/2015-04-23_13-30-57/Trafficlight_4,12,4,0.3333333333333333,0,0.0,2,1.004526138305664,yolo11n,lowlight_l2
Essen/Essen2/2015-04-22_11-54-56/Trafficlight_1,16,4,0.25,0,0.0,3,0.8001291751861572,yolo12n,lowlight_l2
Essen/Essen2/2015-04-22_11-54-56/Trafficlight_2,12,2,0.16666666666666666,0,0.0,2,0.39777588844299316,yolo12n,lowlight_l2
Essen/Essen2/2015-04-22_11-55-29/Trafficlight_1,22,1,0.045454545454545456,0,0.0,1,0.0,yolo12n,lowlight_l2
Essen/Essen2/2015-04-22_11-55-29/Trafficlight_2,15,0,0.0,0,0.0,0,0.0,yolo12n,lowlight_l2
Essen/Essen2/2015-04-22_11-55-29/Trafficlight_3,21,0,0.0,0,0.0,0,0.0,yolo12n,lowlight_l2
Essen/Essen2/2015-04-22_11-58-40/Trafficlight_1,1,1,1.0,0,0.0,1,0.0,yolo12n,lowlight_l2
Essen/Essen2/2015-04-22_11-58-40/Trafficlight_2,1,0,0.0,0,0.0,0,0.0,yolo12n,lowlight_l2
Essen/Essen2/2015-04-22_11-59-47/Trafficlight_1,14,11,0.7857142857142857,0,0.0,11,8.468425035476685,yolo12n,lowlight_l2
Essen/Essen2/2015-04-22_11-59-47/Trafficlight_2,18,1,0.05555555555555555,0,0.0,1,0.0,yolo12n,lowlight_l2
Essen/Essen2/2015-04-22_11-59-47/Trafficlight_3,21,13,0.6190476190476191,0,0.0,6,2.672013998031616,yolo12n,lowlight_l2
Essen/Essen2/2015-04-22_12-00-12/Trafficlight_1,12,9,0.75,0,0.0,4,0.8016531467437744,yolo12n,lowlight_l2
Essen/Essen2/2015-04-22_12-00-12/Trafficlight_2,12,6,0.5,0,0.0,2,0.2679769992828369,yolo12n,lowlight_l2
Essen/Essen2/2015-04-22_12-00-12/Trafficlight_3,18,4,0.2222222222222222,0,0.0,3,0.5344600677490234,yolo12n,lowlight_l2
Essen/Essen2/2015-04-22_12-00-50/Trafficlight_1,8,3,0.375,0,0.0,3,3.466460943222046,yolo12n,lowlight_l2
Essen/Essen2/2015-04-22_12-00-50/Trafficlight_2,4,0,0.0,0,0.0,0,0.0,yolo12n,lowlight_l2
Essen/Essen2/2015-04-22_12-00-50/Trafficlight_3,7,3,0.42857142857142855,0,0.0,3,3.466460943222046,yolo12n,lowlight_l2
Essen/Essen2/2015-04-22_12-03-07/Trafficlight_7,1,1,1.0,0,0.0,1,0.0,yolo12n,lowlight_l2
Essen/Essen2/2015-04-22_12-03-07/Trafficlight_8,1,1,1.0,0,0.0,1,0.0,yolo12n,lowlight_l2
Essen/Essen2/2015-04-22_12-03-17/Trafficlight_1,11,11,1.0,0,0.0,11,3.3990509510040283,yolo12n,lowlight_l2
Essen/Essen2/2015-04-22_12-03-17/Trafficlight_2,11,6,0.5454545454545454,0,0.0,3,0.6644899845123291,yolo12n,lowlight_l2
Essen/Essen2/2015-04-22_12-03-17/Trafficlight_3,10,8,0.8,0,0.0,6,1.735260009765625,yolo12n,lowlight_l2
Essen/Essen2/2015-04-22_12-03-17/Trafficlight_4,2,2,1.0,0,0.0,2,0.33318114280700684,yolo12n,lowlight_l2
Essen/Essen2/2015-04-22_12-04-52/Trafficlight_1,18,10,0.5555555555555556,0,0.0,5,1.3298230171203613,yolo12n,lowlight_l2
Essen/Essen2/2015-04-22_12-04-52/Trafficlight_5,6,6,1.0,0,0.0,6,1.664518117904663,yolo12n,lowlight_l2
Essen/Essen2/2015-04-22_12-07-48/Trafficlight_1,7,7,1.0,0,0.0,7,1.999337911605835,yolo12n,lowlight_l2
Essen/Essen2/2015-04-22_12-07-48/Trafficlight_2,7,3,0.42857142857142855,0,0.0,3,0.6662139892578125,yolo12n,lowlight_l2
Essen/Essen2/2015-04-22_12-07-48/Trafficlight_3,7,7,1.0,0,0.0,7,1.999337911605835,yolo12n,lowlight_l2
Essen/Essen2/2015-04-22_12-10-46/Trafficlight_2,10,0,0.0,0,0.0,0,0.0,yolo12n,lowlight_l2
Essen/Essen2/2015-04-22_12-10-46/Trafficlight_3,16,4,0.25,0,0.0,4,3.0016729831695557,yolo12n,lowlight_l2
Essen/Essen2/2015-04-22_12-10-46/Trafficlight_1,13,6,0.46153846153846156,0,0.0,4,3.0016729831695557,yolo12n,lowlight_l2
Essen/Essen2/2015-04-22_12-12-38/Trafficlight_1,14,7,0.5,0,0.0,3,0.7337789535522461,yolo12n,lowlight_l2
Essen/Essen2/2015-04-22_12-12-38/Trafficlight_2,16,5,0.3125,0,0.0,2,0.39820408821105957,yolo12n,lowlight_l2
Essen/Essen2/2015-04-22_12-14-33/Trafficlight_1,5,5,1.0,0,0.0,5,1.8019039630889893,yolo12n,lowlight_l2
Essen/Essen2/2015-04-22_12-14-33/Trafficlight_2,4,0,0.0,0,0.0,0,0.0,yolo12n,lowlight_l2
Essen/Essen2/2015-04-22_12-14-33/Trafficlight_3,5,5,1.0,0,0.0,5,1.8019039630889893,yolo12n,lowlight_l2
Essen/Essen2/2015-04-22_12-16-21/Trafficlight_1,16,0,0.0,0,0.0,0,0.0,yolo12n,lowlight_l2
Essen/Essen2/2015-04-22_12-16-21/Trafficlight_2,12,9,0.75,0,0.0,4,1.1986589431762695,yolo12n,lowlight_l2
Essen/Essen2/2015-04-22_12-17-10/Trafficlight_2,9,8,0.8888888888888888,0,0.0,7,4.1340460777282715,yolo12n,lowlight_l2
Essen/Essen2/2015-04-22_12-17-10/Trafficlight_1,17,8,0.47058823529411764,0,0.0,8,4.800240993499756,yolo12n,lowlight_l2
Essen/Essen2/2015-04-22_12-17-10/Trafficlight_3,13,11,0.8461538461538461,0,0.0,6,4.001016855239868,yolo12n,lowlight_l2
Essen/Essen3/2015-04-22_12-21-40/Trafficlight_2,20,9,0.45,0,0.0,4,0.5986199378967285,yolo12n,lowlight_l2
Essen/Essen3/2015-04-22_12-21-40/Trafficlight_3,1,0,0.0,0,0.0,0,0.0,yolo12n,lowlight_l2
Essen/Essen3/2015-04-22_12-22-11/Trafficlight_2,4,4,1.0,0,0.0,4,2.125485897064209,yolo12n,lowlight_l2
Essen/Essen3/2015-04-22_12-22-11/Trafficlight_3,6,1,0.16666666666666666,0,0.0,1,0.0,yolo12n,lowlight_l2
Essen/Essen3/2015-04-22_12-22-11/Trafficlight_4,11,2,0.18181818181818182,0,0.0,2,0.6638739109039307,yolo12n,lowlight_l2
Essen/Essen3/2015-04-22_12-24-28/Trafficlight_1,5,5,1.0,0,0.0,5,3.932101011276245,yolo12n,lowlight_l2
Essen/Essen3/2015-04-22_12-24-28/Trafficlight_2,5,3,0.6,0,0.0,2,0.8665969371795654,yolo12n,lowlight_l2
Essen/Essen3/2015-04-22_12-24-28/Trafficlight_3,2,0,0.0,0,0.0,0,0.0,yolo12n,lowlight_l2
Essen/Essen3/2015-04-22_12-28-48/Trafficlight_1,20,14,0.7,0,0.0,9,4.2678139209747314,yolo12n,lowlight_l2
Essen/Essen3/2015-04-22_12-28-48/Trafficlight_5,10,10,1.0,0,0.0,10,4.799072980880737,yolo12n,lowlight_l2
Essen/Essen3/2015-04-22_12-31-21/Trafficlight_4,1,1,1.0,0,0.0,1,0.0,yolo12n,lowlight_l2
Essen/Essen3/2015-04-22_12-31-56/Trafficlight_1,8,7,0.875,0,0.0,6,0.6655259132385254,yolo12n,lowlight_l2
Essen/Essen3/2015-04-22_12-31-56/Trafficlight_2,19,0,0.0,0,0.0,0,0.0,yolo12n,lowlight_l2
Essen/Essen3/2015-04-22_12-31-56/Trafficlight_3,9,5,0.5555555555555556,0,0.0,3,2.59854793548584,yolo12n,lowlight_l2
Essen/Essen3/2015-04-22_12-31-56/Trafficlight_4,9,2,0.2222222222222222,0,0.0,2,1.2657849788665771,yolo12n,lowlight_l2
Essen/Essen3/2015-04-22_12-31-56/Trafficlight_16,8,1,0.125,0,0.0,1,0.0,yolo12n,lowlight_l2
Essen/Essen3/2015-04-22_12-31-56/Trafficlight_17,6,0,0.0,0,0.0,0,0.0,yolo12n,lowlight_l2
Essen/Essen3/2015-04-22_12-31-56/Trafficlight_18,10,1,0.1,0,0.0,1,0.0,yolo12n,lowlight_l2
Fulda/Fulda2/2015-05-15_18-00-09/Trafficlight_1,10,1,0.1,0,0.0,1,0.0,yolo12n,lowlight_l2
Fulda/Fulda2/2015-05-15_18-00-09/Trafficlight_7,3,0,0.0,0,0.0,0,0.0,yolo12n,lowlight_l2
Fulda/Fulda2/2015-05-15_18-00-57/Trafficlight_1,14,2,0.14285714285714285,0,0.0,1,0.0,yolo12n,lowlight_l2
Fulda/Fulda2/2015-05-15_18-00-57/Trafficlight_2,10,5,0.5,0,0.0,2,0.5856778621673584,yolo12n,lowlight_l2
Fulda/Fulda2/2015-05-15_18-00-57/Trafficlight_3,10,3,0.3,0,0.0,3,1.1717360019683838,yolo12n,lowlight_l2
Fulda/Fulda2/2015-05-15_18-01-58/Trafficlight_14,3,3,1.0,0,0.0,3,1.1750850677490234,yolo12n,lowlight_l2
Fulda/Fulda2/2015-05-15_18-03-39/Trafficlight_5,11,3,0.2727272727272727,0,0.0,2,0.5882539749145508,yolo12n,lowlight_l2
Fulda/Fulda2/2015-05-15_18-03-39/Trafficlight_6,7,0,0.0,0,0.0,0,0.0,yolo12n,lowlight_l2
Fulda/Fulda2/2015-05-15_18-03-39/Trafficlight_7,11,0,0.0,0,0.0,0,0.0,yolo12n,lowlight_l2
Fulda/Fulda2/2015-05-15_18-04-24/Trafficlight_2,15,4,0.26666666666666666,0,0.0,2,0.5911819934844971,yolo12n,lowlight_l2
Fulda/Fulda2/2015-05-15_18-05-38/Trafficlight_1,16,11,0.6875,0,0.0,9,4.7040181159973145,yolo12n,lowlight_l2
Fulda/Fulda2/2015-05-15_18-05-38/Trafficlight_7,14,8,0.5714285714285714,0,0.0,4,1.7645180225372314,yolo12n,lowlight_l2
Fulda/Fulda2/2015-05-15_18-05-38/Trafficlight_12,7,7,1.0,0,0.0,4,1.763545036315918,yolo12n,lowlight_l2
Fulda/Fulda2/2015-05-15_18-07-04/Trafficlight_2,7,3,0.42857142857142855,0,0.0,2,0.586251974105835,yolo12n,lowlight_l2
Fulda/Fulda2/2015-05-15_18-07-04/Trafficlight_3,10,10,1.0,0,0.0,10,5.294755935668945,yolo12n,lowlight_l2
Fulda/Fulda2/2015-05-15_18-07-04/Trafficlight_14,2,2,1.0,0,0.0,2,0.5877358913421631,yolo12n,lowlight_l2
Fulda/Fulda2/2015-05-15_18-07-37/Trafficlight_2,2,2,1.0,0,0.0,2,0.5985150337219238,yolo12n,lowlight_l2
Fulda/Fulda2/2015-05-15_18-07-37/Trafficlight_3,3,3,1.0,0,0.0,3,1.1775381565093994,yolo12n,lowlight_l2
Fulda/Fulda2/2015-05-15_18-08-11/Trafficlight_1,8,1,0.125,0,0.0,1,0.0,yolo12n,lowlight_l2
Fulda/Fulda2/2015-05-15_18-08-11/Trafficlight_2,8,0,0.0,0,0.0,0,0.0,yolo12n,lowlight_l2
Fulda/Fulda2/2015-05-15_18-09-21/Trafficlight_1,14,7,0.5,0,0.0,3,1.1851890087127686,yolo12n,lowlight_l2
Fulda/Fulda2/2015-05-15_18-09-21/Trafficlight_2,5,3,0.6,0,0.0,2,0.5853478908538818,yolo12n,lowlight_l2
Fulda/Fulda2/2015-05-15_18-11-25/Trafficlight_1,14,8,0.5714285714285714,0,0.0,4,1.7649991512298584,yolo12n,lowlight_l2
Fulda/Fulda2/2015-05-15_18-11-25/Trafficlight_2,9,4,0.4444444444444444,0,0.0,4,1.7649991512298584,yolo12n,lowlight_l2
Fulda/Fulda2/2015-05-15_18-11-25/Trafficlight_3,12,0,0.0,0,0.0,0,0.0,yolo12n,lowlight_l2
Fulda/Fulda2/2015-05-15_18-12-26/Trafficlight_12,1,1,1.0,0,0.0,1,0.0,yolo12n,lowlight_l2
Fulda/Fulda2/2015-05-15_18-12-26/Trafficlight_13,1,1,1.0,0,0.0,1,0.0,yolo12n,lowlight_l2
Fulda/Fulda2/2015-05-15_18-13-56/Trafficlight_2,3,3,1.0,0,0.0,3,1.1754150390625,yolo12n,lowlight_l2
Fulda/Fulda2/2015-05-15_18-13-56/Trafficlight_3,3,3,1.0,0,0.0,3,1.1754150390625,yolo12n,lowlight_l2
Fulda/Fulda2/2015-05-15_18-13-56/Trafficlight_4,4,4,1.0,0,0.0,4,1.76487398147583,yolo12n,lowlight_l2
Hannover/Hannover4/2015-04-20_13-51-29/Trafficlight_7,20,20,1.0,0,0.0,20,5.936743974685669,yolo12n,lowlight_l2
Hannover/Hannover4/2015-04-20_13-51-36/Trafficlight_4,20,20,1.0,0,0.0,20,1.467405080795288,yolo12n,lowlight_l2
Hannover/Hannover4/2015-04-20_13-51-36/Trafficlight_6,10,10,1.0,0,0.0,10,0.6674211025238037,yolo12n,lowlight_l2
Hannover/Hannover4/2015-04-20_13-51-40/Trafficlight_2,20,4,0.2,0,0.0,2,0.6010279655456543,yolo12n,lowlight_l2
Hannover/Hannover4/2015-04-20_13-51-40/Trafficlight_1,18,18,1.0,0,0.0,18,11.801587104797363,yolo12n,lowlight_l2
Hannover/Hannover4/2015-04-20_13-51-40/Trafficlight_3,19,19,1.0,0,0.0,19,11.204802989959717,yolo12n,lowlight_l2
Hannover/Hannover4/2015-04-20_13-54-28/Trafficlight_2,4,0,0.0,0,0.0,0,0.0,yolo12n,lowlight_l2
Hannover/Hannover4/2015-04-20_13-54-28/Trafficlight_3,13,7,0.5384615384615384,0,0.0,2,1.8680229187011719,yolo12n,lowlight_l2
Hannover/Hannover4/2015-04-20_13-54-28/Trafficlight_7,5,5,1.0,0,0.0,5,3.7315638065338135,yolo12n,lowlight_l2
Hannover/Hannover4/2015-04-20_13-56-44/Trafficlight_3,12,0,0.0,0,0.0,0,0.0,yolo12n,lowlight_l2
Hannover/Hannover4/2015-04-20_13-56-44/Trafficlight_4,19,8,0.42105263157894735,0,0.0,4,2.1329729557037354,yolo12n,lowlight_l2
Hannover/Hannover4/2015-04-20_13-57-56/Trafficlight_4,19,19,1.0,0,0.0,19,1.1975510120391846,yolo12n,lowlight_l2
Hannover/Hannover4/2015-04-20_13-58-03/Trafficlight_3,16,7,0.4375,0,0.0,5,2.730855941772461,yolo12n,lowlight_l2
Hannover/Hannover4/2015-04-20_13-58-03/Trafficlight_4,23,14,0.6086956521739131,0,0.0,14,8.929640054702759,yolo12n,lowlight_l2
Hannover/Hannover4/2015-04-20_13-59-27/Trafficlight_1,20,8,0.4,0,0.0,2,0.06672096252441406,yolo12n,lowlight_l2
Hannover/Hannover4/2015-04-20_14-00-12/Trafficlight_1,26,26,1.0,0,0.0,14,6.397797107696533,yolo12n,lowlight_l2
Hannover/Hannover4/2015-04-20_14-00-12/Trafficlight_2,29,1,0.034482758620689655,0,0.0,1,0.0,yolo12n,lowlight_l2
Hannover/Hannover4/2015-04-20_14-00-12/Trafficlight_3,9,1,0.1111111111111111,0,0.0,1,0.0,yolo12n,lowlight_l2
Hannover/Hannover4/2015-04-20_14-01-01/Trafficlight_2,20,0,0.0,0,0.0,0,0.0,yolo12n,lowlight_l2
Hannover/Hannover4/2015-04-20_14-01-01/Trafficlight_1,20,8,0.4,0,0.0,5,3.4689669609069824,yolo12n,lowlight_l2
Hannover/Hannover4/2015-04-20_14-02-07/Trafficlight_4,20,20,1.0,0,0.0,20,5.469353914260864,yolo12n,lowlight_l2
Hannover/Hannover4/2015-04-20_14-02-24/Trafficlight_2,8,2,0.25,0,0.0,2,0.2698500156402588,yolo12n,lowlight_l2
Hannover/Hannover4/2015-04-20_14-02-24/Trafficlight_3,10,9,0.9,0,0.0,6,1.5361418724060059,yolo12n,lowlight_l2
Hannover/Hannover4/2015-04-20_14-02-24/Trafficlight_1,9,8,0.8888888888888888,0,0.0,7,1.9299769401550293,yolo12n,lowlight_l2
Hannover/Hannover4/2015-04-20_14-02-24/Trafficlight_5,1,1,1.0,0,0.0,1,0.0,yolo12n,lowlight_l2
Hannover/Hannover4/2015-04-20_14-04-24/Trafficlight_3,6,5,0.8333333333333334,0,0.0,3,1.1343300342559814,yolo12n,lowlight_l2
Hannover/Hannover4/2015-04-20_14-04-24/Trafficlight_4,4,4,1.0,0,0.0,4,1.6685810089111328,yolo12n,lowlight_l2
Hannover/Hannover4/2015-04-20_14-04-24/Trafficlight_5,14,12,0.8571428571428571,0,0.0,9,4.533716917037964,yolo12n,lowlight_l2
Hannover/Hannover4/2015-04-20_14-05-57/Trafficlight_2,12,9,0.75,0,0.0,3,1.7394959926605225,yolo12n,lowlight_l2
Hannover/Hannover4/2015-04-20_14-05-57/Trafficlight_1,7,7,1.0,0,0.0,7,5.333891868591309,yolo12n,lowlight_l2
Hannover/Hannover4/2015-04-20_14-05-57/Trafficlight_3,17,7,0.4117647058823529,0,0.0,6,4.405147075653076,yolo12n,lowlight_l2
Hannover/Hannover4/2015-04-20_14-06-51/Trafficlight_2,15,12,0.8,0,0.0,9,4.401443958282471,yolo12n,lowlight_l2
Hannover/Hannover4/2015-04-20_14-06-51/Trafficlight_1,18,11,0.6111111111111112,0,0.0,5,2.199784994125366,yolo12n,lowlight_l2
Hannover/Hannover4/2015-04-20_14-06-51/Trafficlight_3,18,13,0.7222222222222222,0,0.0,8,3.863197088241577,yolo12n,lowlight_l2
Hannover/Hannover4/2015-04-20_14-08-36/Trafficlight_4,10,9,0.9,0,0.0,9,2.732032060623169,yolo12n,lowlight_l2
Hannover/Hannover4/2015-04-20_14-08-36/Trafficlight_5,20,3,0.15,0,0.0,2,0.3351161479949951,yolo12n,lowlight_l2
Hannover/Hannover4/2015-04-20_14-08-36/Trafficlight_3,9,4,0.4444444444444444,0,0.0,2,0.3351161479949951,yolo12n,lowlight_l2
Hannover/Hannover4/2015-04-20_14-09-52/Trafficlight_1,20,6,0.3,0,0.0,5,1.9313979148864746,yolo12n,lowlight_l2
Hannover/Hannover4/2015-04-20_14-09-52/Trafficlight_2,20,2,0.1,0,0.0,2,0.4679288864135742,yolo12n,lowlight_l2
Hannover/Hannover4/2015-04-20_14-11-20/Trafficlight_1,12,10,0.8333333333333334,0,0.0,7,2.799567937850952,yolo12n,lowlight_l2
Hannover/Hannover4/2015-04-20_14-11-20/Trafficlight_3,3,2,0.6666666666666666,0,0.0,1,0.0,yolo12n,lowlight_l2
Hannover/Hannover4/2015-04-20_14-12-16/Trafficlight_4,7,7,1.0,0,0.0,7,2.398069143295288,yolo12n,lowlight_l2
Hannover/Hannover4/2015-04-20_14-12-16/Trafficlight_5,7,7,1.0,0,0.0,7,2.398069143295288,yolo12n,lowlight_l2
Hannover/Hannover4/2015-04-20_14-12-16/Trafficlight_6,20,20,1.0,0,0.0,20,7.598844051361084,yolo12n,lowlight_l2
Hannover/Hannover4/2015-04-20_14-16-02/Trafficlight_2,14,5,0.35714285714285715,0,0.0,2,0.6692650318145752,yolo12n,lowlight_l2
Hannover/Hannover4/2015-04-20_14-16-02/Trafficlight_3,19,16,0.8421052631578947,0,0.0,6,3.131196975708008,yolo12n,lowlight_l2
Hannover/Hannover4/2015-04-20_14-16-02/Trafficlight_1,8,8,1.0,0,0.0,8,4.332615852355957,yolo12n,lowlight_l2
Hannover/Hannover4/2015-04-20_14-17-12/Trafficlight_2,20,2,0.1,0,0.0,2,0.33080101013183594,yolo12n,lowlight_l2
Hannover/Hannover4/2015-04-20_14-17-12/TrafficLight_6,20,15,0.75,0,0.0,9,2.5989649295806885,yolo12n,lowlight_l2
Hannover/Hannover4/2015-04-20_14-31-46/Trafficlight_3,4,0,0.0,0,0.0,0,0.0,yolo12n,lowlight_l2
Hannover/Hannover4/2015-04-20_14-31-46/Trafficlight_4,8,0,0.0,0,0.0,0,0.0,yolo12n,lowlight_l2
Hannover/Hannover4/2015-04-20_14-31-46/Trafficlight_2,9,7,0.7777777777777778,0,0.0,7,3.9317970275878906,yolo12n,lowlight_l2
Hannover/Hannover4/2015-04-20_14-32-25/Trafficlight_3,14,1,0.07142857142857142,0,0.0,1,0.0,yolo12n,lowlight_l2
Hannover/Hannover4/2015-04-20_14-32-25/Trafficlight_4,20,1,0.05,0,0.0,1,0.0,yolo12n,lowlight_l2
Hannover/Hannover4/2015-04-20_14-33-38/Trafficlight_2,6,1,0.16666666666666666,0,0.0,1,0.0,yolo12n,lowlight_l2
Hannover/Hannover4/2015-04-20_14-33-38/Trafficlight_3,20,5,0.25,0,0.0,4,0.5361580848693848,yolo12n,lowlight_l2
Koeln/Koeln2/2015-04-23_12-31-31/Trafficlight_1,2,0,0.0,0,0.0,0,0.0,yolo12n,lowlight_l2
Koeln/Koeln2/2015-04-23_12-31-31/Trafficlight_2,2,1,0.5,0,0.0,1,0.0,yolo12n,lowlight_l2
Koeln/Koeln2/2015-04-23_12-31-31/Trafficlight_3,2,2,1.0,0,0.0,2,0.47226786613464355,yolo12n,lowlight_l2
Koeln/Koeln2/2015-04-23_12-33-22/Trafficlight_19,1,1,1.0,0,0.0,1,0.0,yolo12n,lowlight_l2
Koeln/Koeln2/2015-04-23_12-54-40/Trafficlight_3,9,7,0.7777777777777778,0,0.0,7,5.116626024246216,yolo12n,lowlight_l2
Koeln/Koeln2/2015-04-23_12-54-40/Trafficlight_4,9,9,1.0,1,0.1111111111111111,9,6.822049140930176,yolo12n,lowlight_l2
Koeln/Koeln2/2015-04-23_12-55-44/Trafficlight_3,8,1,0.125,0,0.0,1,0.0,yolo12n,lowlight_l2
Koeln/Koeln2/2015-04-23_12-55-44/Trafficlight_1,8,3,0.375,0,0.0,2,0.765064001083374,yolo12n,lowlight_l2
Koeln/Koeln2/2015-04-23_12-55-44/Trafficlight_2,7,2,0.2857142857142857,0,0.0,1,0.0,yolo12n,lowlight_l2
Koeln/Koeln2/2015-04-23_12-56-08/Trafficlight_2,11,0,0.0,0,0.0,0,0.0,yolo12n,lowlight_l2
Koeln/Koeln2/2015-04-23_12-56-08/Trafficlight_1,20,14,0.7,0,0.0,8,6.172895908355713,yolo12n,lowlight_l2
Koeln/Koeln2/2015-04-23_12-56-08/Trafficlight_3,15,2,0.13333333333333333,0,0.0,1,0.0,yolo12n,lowlight_l2
Koeln/Koeln2/2015-04-23_12-58-12/Trafficlight_1,20,20,1.0,0,0.0,20,18.408507108688354,yolo12n,lowlight_l2
Koeln/Koeln2/2015-04-23_12-58-12/Trafficlight_2,20,3,0.15,0,0.0,3,1.9399011135101318,yolo12n,lowlight_l2
Koeln/Koeln2/2015-04-23_13-03-59/Trafficlight_2,5,5,1.0,0,0.0,5,2.116795063018799,yolo12n,lowlight_l2
Koeln/Koeln2/2015-04-23_13-03-59/Trafficlight_3,7,6,0.8571428571428571,0,0.0,5,2.116795063018799,yolo12n,lowlight_l2
Koeln/Koeln2/2015-04-23_13-05-35/Trafficlight_4,3,0,0.0,0,0.0,0,0.0,yolo12n,lowlight_l2
Koeln/Koeln2/2015-04-23_13-05-35/Trafficlight_5,4,2,0.5,0,0.0,2,1.113865852355957,yolo12n,lowlight_l2
Koeln/Koeln2/2015-04-23_13-10-19/Trafficlight_1,3,2,0.6666666666666666,0,0.0,2,0.6444399356842041,yolo12n,lowlight_l2
Koeln/Koeln2/2015-04-23_13-10-19/Trafficlight_3,5,4,0.8,0,0.0,4,1.9408080577850342,yolo12n,lowlight_l2
Koeln/Koeln2/2015-04-23_13-10-19/Trafficlight_7,6,6,1.0,0,0.0,4,2.4686670303344727,yolo12n,lowlight_l2
Koeln/Koeln2/2015-04-23_13-10-19/Trafficlight_8,6,6,1.0,0,0.0,4,2.4686670303344727,yolo12n,lowlight_l2
Koeln/Koeln2/2015-04-23_13-11-46/Trafficlight_1,5,5,1.0,0,0.0,5,4.520406007766724,yolo12n,lowlight_l2
Koeln/Koeln2/2015-04-23_13-11-46/Trafficlight_3,7,5,0.7142857142857143,0,0.0,2,1.3504002094268799,yolo12n,lowlight_l2
Koeln/Koeln2/2015-04-23_13-15-36/Trafficlight_4,13,13,1.0,0,0.0,13,6.585233926773071,yolo12n,lowlight_l2
Koeln/Koeln2/2015-04-23_13-15-36/Trafficlight_5,2,2,1.0,0,0.0,2,0.7070450782775879,yolo12n,lowlight_l2
Koeln/Koeln2/2015-04-23_13-15-59/Trafficlight_4,15,0,0.0,0,0.0,0,0.0,yolo12n,lowlight_l2
Koeln/Koeln2/2015-04-23_13-15-59/Trafficlight_3,7,0,0.0,0,0.0,0,0.0,yolo12n,lowlight_l2
Koeln/Koeln2/2015-04-23_13-16-45/Trafficlight_5,2,1,0.5,0,0.0,1,0.0,yolo12n,lowlight_l2
Koeln/Koeln2/2015-04-23_13-18-13/Trafficlight_4,7,6,0.8571428571428571,0,0.0,5,1.4128310680389404,yolo12n,lowlight_l2
Koeln/Koeln2/2015-04-23_13-18-13/Trafficlight_5,12,7,0.5833333333333334,0,0.0,5,1.411972999572754,yolo12n,lowlight_l2
Koeln/Koeln2/2015-04-23_13-18-13/Trafficlight_6,13,2,0.15384615384615385,0,0.0,1,0.0,yolo12n,lowlight_l2
Koeln/Koeln2/2015-04-23_13-18-13/Trafficlight_7,19,1,0.05263157894736842,0,0.0,1,0.0,yolo12n,lowlight_l2
Koeln/Koeln2/2015-04-23_13-19-07/Trafficlight_1,12,2,0.16666666666666666,0,0.0,1,0.0,yolo12n,lowlight_l2
Koeln/Koeln2/2015-04-23_13-19-07/Trafficlight_2,4,2,0.5,0,0.0,2,1.7647130489349365,yolo12n,lowlight_l2
Koeln/Koeln2/2015-04-23_13-19-07/Trafficlight_3,5,3,0.6,0,0.0,3,3.529265880584717,yolo12n,lowlight_l2
Koeln/Koeln2/2015-04-23_13-19-07/Trafficlight_6,12,6,0.5,0,0.0,1,0.0,yolo12n,lowlight_l2
Koeln/Koeln2/2015-04-23_13-19-07/Trafficlight_7,5,4,0.8,0,0.0,1,0.0,yolo12n,lowlight_l2
Koeln/Koeln2/2015-04-23_13-19-07/Trafficlight_8,6,6,1.0,0,0.0,1,0.0,yolo12n,lowlight_l2
Koeln/Koeln2/2015-04-23_13-22-16/Trafficlight_5,16,7,0.4375,0,0.0,2,0.8218300342559814,yolo12n,lowlight_l2
Koeln/Koeln2/2015-04-23_13-22-16/Trafficlight_6,14,8,0.5714285714285714,0,0.0,6,4.234081983566284,yolo12n,lowlight_l2
Koeln/Koeln2/2015-04-23_13-26-00/Trafficlight_1,5,5,1.0,0,0.0,5,0.23670387268066406,yolo12n,lowlight_l2
Koeln/Koeln2/2015-04-23_13-26-00/Trafficlight_2,11,11,1.0,0,0.0,11,0.6478209495544434,yolo12n,lowlight_l2
Koeln/Koeln2/2015-04-23_13-27-52/Trafficlight_2,9,1,0.1111111111111111,0,0.0,1,0.0,yolo12n,lowlight_l2
Koeln/Koeln2/2015-04-23_13-27-52/Trafficlight_3,9,6,0.6666666666666666,0,0.0,5,2.591688871383667,yolo12n,lowlight_l2
Koeln/Koeln2/2015-04-23_13-28-56/Trafficlight_1,1,1,1.0,0,0.0,1,0.0,yolo12n,lowlight_l2
Koeln/Koeln2/2015-04-23_13-28-56/Trafficlight_3,1,1,1.0,0,0.0,1,0.0,yolo12n,lowlight_l2
Koeln/Koeln2/2015-04-23_13-29-48/Trafficlight_1,17,5,0.29411764705882354,0,0.0,2,0.4725949764251709,yolo12n,lowlight_l2
Koeln/Koeln2/2015-04-23_13-29-48/Trafficlight_2,13,9,0.6923076923076923,0,0.0,8,2.5858240127563477,yolo12n,lowlight_l2
Koeln/Koeln2/2015-04-23_13-29-48/Trafficlight_3,17,13,0.7647058823529411,0,0.0,13,4.4676971435546875,yolo12n,lowlight_l2
Koeln/Koeln2/2015-04-23_13-30-07/Trafficlight_2,11,0,0.0,0,0.0,0,0.0,yolo12n,lowlight_l2
Koeln/Koeln2/2015-04-23_13-30-07/Trafficlight_3,14,0,0.0,0,0.0,0,0.0,yolo12n,lowlight_l2
Koeln/Koeln2/2015-04-23_13-30-57/Trafficlight_3,10,3,0.3,0,0.0,1,0.0,yolo12n,lowlight_l2
Koeln/Koeln2/2015-04-23_13-30-57/Trafficlight_4,12,4,0.3333333333333333,0,0.0,2,1.004526138305664,yolo12n,lowlight_l2
Essen/Essen2/2015-04-22_11-54-56/Trafficlight_1,16,12,0.75,0,0.0,9,3.2001419067382812,yolov8n,lowlight_l3
Essen/Essen2/2015-04-22_11-54-56/Trafficlight_2,12,10,0.8333333333333334,0,0.0,6,2.0003249645233154,yolov8n,lowlight_l3
Essen/Essen2/2015-04-22_11-55-29/Trafficlight_1,22,16,0.7272727272727273,0,0.0,11,3.9977359771728516,yolov8n,lowlight_l3
Essen/Essen2/2015-04-22_11-55-29/Trafficlight_2,15,5,0.3333333333333333,0,0.0,5,1.6015079021453857,yolov8n,lowlight_l3
Essen/Essen2/2015-04-22_11-55-29/Trafficlight_3,21,11,0.5238095238095238,0,0.0,3,0.7988808155059814,yolov8n,lowlight_l3
Essen/Essen2/2015-04-22_11-58-40/Trafficlight_1,1,1,1.0,0,0.0,1,0.0,yolov8n,lowlight_l3
Essen/Essen2/2015-04-22_11-58-40/Trafficlight_2,1,0,0.0,0,0.0,0,0.0,yolov8n,lowlight_l3
Essen/Essen2/2015-04-22_11-59-47/Trafficlight_1,14,14,1.0,0,0.0,14,10.068872928619385,yolov8n,lowlight_l3
Essen/Essen2/2015-04-22_11-59-47/Trafficlight_2,18,7,0.3888888888888889,0,0.0,3,1.0665040016174316,yolov8n,lowlight_l3
Essen/Essen2/2015-04-22_11-59-47/Trafficlight_3,21,19,0.9047619047619048,0,0.0,13,6.332740068435669,yolov8n,lowlight_l3
Essen/Essen2/2015-04-22_12-00-12/Trafficlight_1,12,11,0.9166666666666666,0,0.0,6,1.3357319831848145,yolov8n,lowlight_l3
Essen/Essen2/2015-04-22_12-00-12/Trafficlight_2,12,11,0.9166666666666666,0,0.0,6,1.33628511428833,yolov8n,lowlight_l3
Essen/Essen2/2015-04-22_12-00-12/Trafficlight_3,18,14,0.7777777777777778,0,0.0,10,3.0005722045898438,yolov8n,lowlight_l3
Essen/Essen2/2015-04-22_12-00-50/Trafficlight_1,8,7,0.875,0,0.0,4,5.198819875717163,yolov8n,lowlight_l3
Essen/Essen2/2015-04-22_12-00-50/Trafficlight_2,4,4,1.0,0,0.0,3,3.466460943222046,yolov8n,lowlight_l3
Essen/Essen2/2015-04-22_12-00-50/Trafficlight_3,7,4,0.5714285714285714,0,0.0,3,3.466460943222046,yolov8n,lowlight_l3
Essen/Essen2/2015-04-22_12-03-07/Trafficlight_7,1,1,1.0,0,0.0,1,0.0,yolov8n,lowlight_l3
Essen/Essen2/2015-04-22_12-03-07/Trafficlight_8,1,1,1.0,0,0.0,1,0.0,yolov8n,lowlight_l3
Essen/Essen2/2015-04-22_12-03-17/Trafficlight_1,11,11,1.0,0,0.0,11,3.3990509510040283,yolov8n,lowlight_l3
Essen/Essen2/2015-04-22_12-03-17/Trafficlight_2,11,10,0.9090909090909091,0,0.0,10,3.064750909805298,yolov8n,lowlight_l3
Essen/Essen2/2015-04-22_12-03-17/Trafficlight_3,10,10,1.0,0,0.0,10,3.064750909805298,yolov8n,lowlight_l3
Essen/Essen2/2015-04-22_12-03-17/Trafficlight_4,2,2,1.0,0,0.0,2,0.33318114280700684,yolov8n,lowlight_l3
Essen/Essen2/2015-04-22_12-04-52/Trafficlight_1,18,12,0.6666666666666666,0,0.0,10,3.1317880153656006,yolov8n,lowlight_l3
Essen/Essen2/2015-04-22_12-04-52/Trafficlight_5,6,6,1.0,0,0.0,6,1.664518117904663,yolov8n,lowlight_l3
Essen/Essen2/2015-04-22_12-07-48/Trafficlight_1,7,7,1.0,0,0.0,7,1.999337911605835,yolov8n,lowlight_l3
Essen/Essen2/2015-04-22_12-07-48/Trafficlight_2,7,2,0.2857142857142857,0,0.0,2,0.33454394340515137,yolov8n,lowlight_l3
Essen/Essen2/2015-04-22_12-07-48/Trafficlight_3,7,7,1.0,0,0.0,7,1.999337911605835,yolov8n,lowlight_l3
Essen/Essen2/2015-04-22_12-10-46/Trafficlight_2,10,3,0.3,0,0.0,2,1.0670490264892578,yolov8n,lowlight_l3
Essen/Essen2/2015-04-22_12-10-46/Trafficlight_3,16,11,0.6875,0,0.0,6,4.9998791217803955,yolov8n,lowlight_l3
Essen/Essen2/2015-04-22_12-10-46/Trafficlight_1,13,12,0.9230769230769231,0,0.0,6,4.600841999053955,yolov8n,lowlight_l3
Essen/Essen2/2015-04-22_12-12-38/Trafficlight_1,14,13,0.9285714285714286,0,0.0,9,3.8686540126800537,yolov8n,lowlight_l3
Essen/Essen2/2015-04-22_12-12-38/Trafficlight_2,16,6,0.375,0,0.0,2,0.39957690238952637,yolov8n,lowlight_l3
Essen/Essen2/2015-04-22_12-14-33/Trafficlight_1,5,5,1.0,0,0.0,5,1.8019039630889893,yolov8n,lowlight_l3
Essen/Essen2/2015-04-22_12-14-33/Trafficlight_2,4,2,0.5,0,0.0,2,0.46634578704833984,yolov8n,lowlight_l3
Essen/Essen2/2015-04-22_12-14-33/Trafficlight_3,5,5,1.0,0,0.0,5,1.8019039630889893,yolov8n,lowlight_l3
Essen/Essen2/2015-04-22_12-16-21/Trafficlight_1,16,2,0.125,0,0.0,1,0.0,yolov8n,lowlight_l3
Essen/Essen2/2015-04-22_12-16-21/Trafficlight_2,12,12,1.0,0,0.0,12,4.401026964187622,yolov8n,lowlight_l3
Essen/Essen2/2015-04-22_12-17-10/Trafficlight_2,9,9,1.0,0,0.0,9,5.531995058059692,yolov8n,lowlight_l3
Essen/Essen2/2015-04-22_12-17-10/Trafficlight_1,17,11,0.6470588235294118,0,0.0,9,5.531995058059692,yolov8n,lowlight_l3
Essen/Essen2/2015-04-22_12-17-10/Trafficlight_3,13,13,1.0,0,0.0,13,8.866031885147095,yolov8n,lowlight_l3
Essen/Essen3/2015-04-22_12-21-40/Trafficlight_2,20,18,0.9,0,0.0,18,3.5352818965911865,yolov8n,lowlight_l3
Essen/Essen3/2015-04-22_12-21-40/Trafficlight_3,1,0,0.0,0,0.0,0,0.0,yolov8n,lowlight_l3
Essen/Essen3/2015-04-22_12-22-11/Trafficlight_2,4,4,1.0,0,0.0,4,2.125485897064209,yolov8n,lowlight_l3
Essen/Essen3/2015-04-22_12-22-11/Trafficlight_3,6,5,0.8333333333333334,0,0.0,5,2.79241681098938,yolov8n,lowlight_l3
Essen/Essen3/2015-04-22_12-22-11/Trafficlight_4,11,8,0.7272727272727273,0,0.0,6,3.3349249362945557,yolov8n,lowlight_l3
Essen/Essen3/2015-04-22_12-24-28/Trafficlight_1,5,5,1.0,0,0.0,5,3.932101011276245,yolov8n,lowlight_l3
Essen/Essen3/2015-04-22_12-24-28/Trafficlight_2,5,5,1.0,0,0.0,5,3.932101011276245,yolov8n,lowlight_l3
Essen/Essen3/2015-04-22_12-24-28/Trafficlight_3,2,2,1.0,0,0.0,2,1.0009028911590576,yolov8n,lowlight_l3
Essen/Essen3/2015-04-22_12-28-48/Trafficlight_1,20,19,0.95,0,0.0,18,9.601204872131348,yolov8n,lowlight_l3
Essen/Essen3/2015-04-22_12-28-48/Trafficlight_5,10,10,1.0,0,0.0,10,4.799072980880737,yolov8n,lowlight_l3
Essen/Essen3/2015-04-22_12-31-21/Trafficlight_4,1,1,1.0,0,0.0,1,0.0,yolov8n,lowlight_l3
Essen/Essen3/2015-04-22_12-31-56/Trafficlight_1,8,8,1.0,0,0.0,8,0.9274928569793701,yolov8n,lowlight_l3
Essen/Essen3/2015-04-22_12-31-56/Trafficlight_2,19,1,0.05263157894736842,0,0.0,1,0.0,yolov8n,lowlight_l3
Essen/Essen3/2015-04-22_12-31-56/Trafficlight_3,9,7,0.7777777777777778,0,0.0,7,7.797140836715698,yolov8n,lowlight_l3
Essen/Essen3/2015-04-22_12-31-56/Trafficlight_4,9,2,0.2222222222222222,0,0.0,1,0.0,yolov8n,lowlight_l3
Essen/Essen3/2015-04-22_12-31-56/Trafficlight_16,8,8,1.0,0,0.0,8,4.200204133987427,yolov8n,lowlight_l3
Essen/Essen3/2015-04-22_12-31-56/Trafficlight_17,6,1,0.16666666666666666,0,0.0,1,0.0,yolov8n,lowlight_l3
Essen/Essen3/2015-04-22_12-31-56/Trafficlight_18,10,4,0.4,0,0.0,2,0.5307180881500244,yolov8n,lowlight_l3
Fulda/Fulda2/2015-05-15_18-00-09/Trafficlight_1,10,6,0.6,0,0.0,4,1.7653770446777344,yolov8n,lowlight_l3
Fulda/Fulda2/2015-05-15_18-00-09/Trafficlight_7,3,3,1.0,0,0.0,3,1.177671194076538,yolov8n,lowlight_l3
Fulda/Fulda2/2015-05-15_18-00-57/Trafficlight_1,14,13,0.9285714285714286,0,0.0,9,4.706108808517456,yolov8n,lowlight_l3
Fulda/Fulda2/2015-05-15_18-00-57/Trafficlight_2,10,10,1.0,0,0.0,10,5.2941648960113525,yolov8n,lowlight_l3
Fulda/Fulda2/2015-05-15_18-00-57/Trafficlight_3,10,10,1.0,0,0.0,10,5.290283918380737,yolov8n,lowlight_l3
Fulda/Fulda2/2015-05-15_18-01-58/Trafficlight_14,3,3,1.0,0,0.0,3,1.1750850677490234,yolov8n,lowlight_l3
Fulda/Fulda2/2015-05-15_18-03-39/Trafficlight_5,11,7,0.6363636363636364,0,0.0,5,2.3544859886169434,yolov8n,lowlight_l3
Fulda/Fulda2/2015-05-15_18-03-39/Trafficlight_6,7,6,0.8571428571428571,0,0.0,6,2.9422390460968018,yolov8n,lowlight_l3
Fulda/Fulda2/2015-05-15_18-03-39/Trafficlight_7,11,7,0.6363636363636364,0,0.0,7,3.5304930210113525,yolov8n,lowlight_l3
Fulda/Fulda2/2015-05-15_18-04-24/Trafficlight_2,15,8,0.5333333333333333,0,0.0,5,2.355818033218384,yolov8n,lowlight_l3
Fulda/Fulda2/2015-05-15_18-05-38/Trafficlight_1,16,13,0.8125,0,0.0,6,2.9393599033355713,yolov8n,lowlight_l3
Fulda/Fulda2/2015-05-15_18-05-38/Trafficlight_7,14,14,1.0,0,0.0,14,7.646074056625366,yolov8n,lowlight_l3
Fulda/Fulda2/2015-05-15_18-05-38/Trafficlight_12,7,7,1.0,0,0.0,4,1.763545036315918,yolov8n,lowlight_l3
Fulda/Fulda2/2015-05-15_18-07-04/Trafficlight_2,7,5,0.7142857142857143,0,0.0,4,1.7617321014404297,yolov8n,lowlight_l3
Fulda/Fulda2/2015-05-15_18-07-04/Trafficlight_3,10,10,1.0,0,0.0,10,5.294755935668945,yolov8n,lowlight_l3
Fulda/Fulda2/2015-05-15_18-07-04/Trafficlight_14,2,2,1.0,0,0.0,2,0.5877358913421631,yolov8n,lowlight_l3
Fulda/Fulda2/2015-05-15_18-07-37/Trafficlight_2,2,2,1.0,0,0.0,2,0.5985150337219238,yolov8n,lowlight_l3
Fulda/Fulda2/2015-05-15_18-07-37/Trafficlight_3,3,3,1.0,0,0.0,3,1.1775381565093994,yolov8n,lowlight_l3
Fulda/Fulda2/2015-05-15_18-08-11/Trafficlight_1,8,5,0.625,0,0.0,3,1.17488694190979,yolov8n,lowlight_l3
Fulda/Fulda2/2015-05-15_18-08-11/Trafficlight_2,8,2,0.25,0,0.0,2,0.5863320827484131,yolov8n,lowlight_l3
Fulda/Fulda2/2015-05-15_18-09-21/Trafficlight_1,14,13,0.9285714285714286,0,0.0,11,5.877913951873779,yolov8n,lowlight_l3
Fulda/Fulda2/2015-05-15_18-09-21/Trafficlight_2,5,4,0.8,0,0.0,2,0.5853478908538818,yolov8n,lowlight_l3
Fulda/Fulda2/2015-05-15_18-11-25/Trafficlight_1,14,14,1.0,0,0.0,14,7.647582054138184,yolov8n,lowlight_l3
Fulda/Fulda2/2015-05-15_18-11-25/Trafficlight_2,9,3,0.3333333333333333,0,0.0,2,0.5875160694122314,yolov8n,lowlight_l3
Fulda/Fulda2/2015-05-15_18-11-25/Trafficlight_3,12,5,0.4166666666666667,0,0.0,4,1.7630729675292969,yolov8n,lowlight_l3
Fulda/Fulda2/2015-05-15_18-12-26/Trafficlight_12,1,1,1.0,0,0.0,1,0.0,yolov8n,lowlight_l3
Fulda/Fulda2/2015-05-15_18-12-26/Trafficlight_13,1,1,1.0,0,0.0,1,0.0,yolov8n,lowlight_l3
Fulda/Fulda2/2015-05-15_18-13-56/Trafficlight_2,3,3,1.0,0,0.0,3,1.1754150390625,yolov8n,lowlight_l3
Fulda/Fulda2/2015-05-15_18-13-56/Trafficlight_3,3,3,1.0,0,0.0,3,1.1754150390625,yolov8n,lowlight_l3
Fulda/Fulda2/2015-05-15_18-13-56/Trafficlight_4,4,4,1.0,0,0.0,4,1.76487398147583,yolov8n,lowlight_l3
Hannover/Hannover4/2015-04-20_13-51-29/Trafficlight_7,20,20,1.0,0,0.0,20,5.936743974685669,yolov8n,lowlight_l3
Hannover/Hannover4/2015-04-20_13-51-36/Trafficlight_4,20,20,1.0,0,0.0,20,1.467405080795288,yolov8n,lowlight_l3
Hannover/Hannover4/2015-04-20_13-51-36/Trafficlight_6,10,10,1.0,0,0.0,10,0.6674211025238037,yolov8n,lowlight_l3
Hannover/Hannover4/2015-04-20_13-51-40/Trafficlight_2,20,15,0.75,0,0.0,12,6.8008270263671875,yolov8n,lowlight_l3
Hannover/Hannover4/2015-04-20_13-51-40/Trafficlight_1,18,18,1.0,0,0.0,18,11.801587104797363,yolov8n,lowlight_l3
Hannover/Hannover4/2015-04-20_13-51-40/Trafficlight_3,19,19,1.0,0,0.0,19,11.204802989959717,yolov8n,lowlight_l3
Hannover/Hannover4/2015-04-20_13-54-28/Trafficlight_2,4,1,0.25,1,0.25,1,0.0,yolov8n,lowlight_l3
Hannover/Hannover4/2015-04-20_13-54-28/Trafficlight_3,13,10,0.7692307692307693,0,0.0,2,1.8680229187011719,yolov8n,lowlight_l3
Hannover/Hannover4/2015-04-20_13-54-28/Trafficlight_7,5,5,1.0,0,0.0,5,3.7315638065338135,yolov8n,lowlight_l3
Hannover/Hannover4/2015-04-20_13-56-44/Trafficlight_3,12,0,0.0,0,0.0,0,0.0,yolov8n,lowlight_l3
Hannover/Hannover4/2015-04-20_13-56-44/Trafficlight_4,19,15,0.7894736842105263,0,0.0,15,10.067304849624634,yolov8n,lowlight_l3
Hannover/Hannover4/2015-04-20_13-57-56/Trafficlight_4,19,19,1.0,0,0.0,19,1.1975510120391846,yolov8n,lowlight_l3
Hannover/Hannover4/2015-04-20_13-58-03/Trafficlight_3,16,14,0.875,0,0.0,11,6.863174915313721,yolov8n,lowlight_l3
Hannover/Hannover4/2015-04-20_13-58-03/Trafficlight_4,23,19,0.8260869565217391,0,0.0,17,10.998162031173706,yolov8n,lowlight_l3
Hannover/Hannover4/2015-04-20_13-59-27/Trafficlight_1,20,20,1.0,0,0.0,20,1.3349270820617676,yolov8n,lowlight_l3
Hannover/Hannover4/2015-04-20_14-00-12/Trafficlight_1,26,26,1.0,0,0.0,14,6.397797107696533,yolov8n,lowlight_l3
Hannover/Hannover4/2015-04-20_14-00-12/Trafficlight_2,29,20,0.6896551724137931,0,0.0,9,4.66677713394165,yolov8n,lowlight_l3
Hannover/Hannover4/2015-04-20_14-00-12/Trafficlight_3,9,9,1.0,0,0.0,9,4.66677713394165,yolov8n,lowlight_l3
Hannover/Hannover4/2015-04-20_14-01-01/Trafficlight_2,20,0,0.0,0,0.0,0,0.0,yolov8n,lowlight_l3
Hannover/Hannover4/2015-04-20_14-01-01/Trafficlight_1,20,12,0.6,0,0.0,9,7.799660921096802,yolov8n,lowlight_l3
Hannover/Hannover4/2015-04-20_14-02-07/Trafficlight_4,20,20,1.0,0,0.0,20,5.469353914260864,yolov8n,lowlight_l3
Hannover/Hannover4/2015-04-20_14-02-24/Trafficlight_2,8,8,1.0,0,0.0,8,2.2011499404907227,yolov8n,lowlight_l3
Hannover/Hannover4/2015-04-20_14-02-24/Trafficlight_3,10,10,1.0,0,0.0,9,2.5317258834838867,yolov8n,lowlight_l3
Hannover/Hannover4/2015-04-20_14-02-24/Trafficlight_1,9,9,1.0,0,0.0,9,2.5317258834838867,yolov8n,lowlight_l3
Hannover/Hannover4/2015-04-20_14-02-24/Trafficlight_5,1,1,1.0,0,0.0,1,0.0,yolov8n,lowlight_l3
Hannover/Hannover4/2015-04-20_14-04-24/Trafficlight_3,6,6,1.0,0,0.0,4,1.6685810089111328,yolov8n,lowlight_l3
Hannover/Hannover4/2015-04-20_14-04-24/Trafficlight_4,4,4,1.0,0,0.0,4,1.6685810089111328,yolov8n,lowlight_l3
Hannover/Hannover4/2015-04-20_14-04-24/Trafficlight_5,14,14,1.0,0,0.0,10,5.067967891693115,yolov8n,lowlight_l3
Hannover/Hannover4/2015-04-20_14-05-57/Trafficlight_2,12,10,0.8333333333333334,0,0.0,6,4.4656081199646,yolov8n,lowlight_l3
Hannover/Hannover4/2015-04-20_14-05-57/Trafficlight_1,7,7,1.0,0,0.0,7,5.333891868591309,yolov8n,lowlight_l3
Hannover/Hannover4/2015-04-20_14-05-57/Trafficlight_3,17,12,0.7058823529411765,0,0.0,6,4.397449016571045,yolov8n,lowlight_l3
Hannover/Hannover4/2015-04-20_14-06-51/Trafficlight_2,15,14,0.9333333333333333,0,0.0,14,7.133259057998657,yolov8n,lowlight_l3
Hannover/Hannover4/2015-04-20_14-06-51/Trafficlight_1,18,16,0.8888888888888888,0,0.0,9,4.396932125091553,yolov8n,lowlight_l3
Hannover/Hannover4/2015-04-20_14-06-51/Trafficlight_3,18,14,0.7777777777777778,0,0.0,13,6.597445964813232,yolov8n,lowlight_l3
Hannover/Hannover4/2015-04-20_14-08-36/Trafficlight_4,10,10,1.0,0,0.0,10,3.0629000663757324,yolov8n,lowlight_l3
Hannover/Hannover4/2015-04-20_14-08-36/Trafficlight_5,20,13,0.65,0,0.0,5,1.3320629596710205,yolov8n,lowlight_l3
Hannover/Hannover4/2015-04-20_14-08-36/Trafficlight_3,9,8,0.8888888888888888,0,0.0,6,1.7338151931762695,yolov8n,lowlight_l3
Hannover/Hannover4/2015-04-20_14-09-52/Trafficlight_1,20,4,0.2,0,0.0,1,0.0,yolov8n,lowlight_l3
Hannover/Hannover4/2015-04-20_14-09-52/Trafficlight_2,20,6,0.3,0,0.0,4,1.4011199474334717,yolov8n,lowlight_l3
Hannover/Hannover4/2015-04-20_14-11-20/Trafficlight_1,12,12,1.0,0,0.0,12,5.13437294960022,yolov8n,lowlight_l3
Hannover/Hannover4/2015-04-20_14-11-20/Trafficlight_3,3,3,1.0,0,0.0,3,0.9365520477294922,yolov8n,lowlight_l3
Hannover/Hannover4/2015-04-20_14-12-16/Trafficlight_4,7,7,1.0,0,0.0,7,2.398069143295288,yolov8n,lowlight_l3
Hannover/Hannover4/2015-04-20_14-12-16/Trafficlight_5,7,7,1.0,0,0.0,7,2.398069143295288,yolov8n,lowlight_l3
Hannover/Hannover4/2015-04-20_14-12-16/Trafficlight_6,20,20,1.0,0,0.0,20,7.598844051361084,yolov8n,lowlight_l3
Hannover/Hannover4/2015-04-20_14-16-02/Trafficlight_2,14,10,0.7142857142857143,0,0.0,9,4.999456167221069,yolov8n,lowlight_l3
Hannover/Hannover4/2015-04-20_14-16-02/Trafficlight_3,19,19,1.0,0,0.0,19,11.200973987579346,yolov8n,lowlight_l3
Hannover/Hannover4/2015-04-20_14-16-02/Trafficlight_1,8,8,1.0,0,0.0,8,4.332615852355957,yolov8n,lowlight_l3
Hannover/Hannover4/2015-04-20_14-17-12/Trafficlight_2,20,12,0.6,0,0.0,5,1.3329930305480957,yolov8n,lowlight_l3
Hannover/Hannover4/2015-04-20_14-17-12/TrafficLight_6,20,20,1.0,0,0.0,20,6.199991941452026,yolov8n,lowlight_l3
Hannover/Hannover4/2015-04-20_14-31-46/Trafficlight_3,4,0,0.0,0,0.0,0,0.0,yolov8n,lowlight_l3
Hannover/Hannover4/2015-04-20_14-31-46/Trafficlight_4,8,0,0.0,0,0.0,0,0.0,yolov8n,lowlight_l3
Hannover/Hannover4/2015-04-20_14-31-46/Trafficlight_2,9,9,1.0,0,0.0,9,5.199236869812012,yolov8n,lowlight_l3
Hannover/Hannover4/2015-04-20_14-32-25/Trafficlight_3,14,0,0.0,0,0.0,0,0.0,yolov8n,lowlight_l3
Hannover/Hannover4/2015-04-20_14-32-25/Trafficlight_4,20,9,0.45,0,0.0,4,1.6653459072113037,yolov8n,lowlight_l3
Hannover/Hannover4/2015-04-20_14-33-38/Trafficlight_2,6,2,0.3333333333333333,0,0.0,2,0.13374805450439453,yolov8n,lowlight_l3
Hannover/Hannover4/2015-04-20_14-33-38/Trafficlight_3,20,20,1.0,6,0.3,20,3.469114065170288,yolov8n,lowlight_l3
Koeln/Koeln2/2015-04-23_12-31-31/Trafficlight_1,2,2,1.0,0,0.0,2,0.47226786613464355,yolov8n,lowlight_l3
Koeln/Koeln2/2015-04-23_12-31-31/Trafficlight_2,2,2,1.0,0,0.0,2,0.47226786613464355,yolov8n,lowlight_l3
Koeln/Koeln2/2015-04-23_12-31-31/Trafficlight_3,2,2,1.0,0,0.0,2,0.47226786613464355,yolov8n,lowlight_l3
Koeln/Koeln2/2015-04-23_12-33-22/Trafficlight_19,1,1,1.0,0,0.0,1,0.0,yolov8n,lowlight_l3
Koeln/Koeln2/2015-04-23_12-54-40/Trafficlight_3,9,6,0.6666666666666666,0,0.0,4,2.531008005142212,yolov8n,lowlight_l3
Koeln/Koeln2/2015-04-23_12-54-40/Trafficlight_4,9,7,0.7777777777777778,2,0.2222222222222222,4,2.585618019104004,yolov8n,lowlight_l3
Koeln/Koeln2/2015-04-23_12-55-44/Trafficlight_3,8,5,0.625,0,0.0,4,2.2907629013061523,yolov8n,lowlight_l3
Koeln/Koeln2/2015-04-23_12-55-44/Trafficlight_1,8,5,0.625,0,0.0,5,3.0573830604553223,yolov8n,lowlight_l3
Koeln/Koeln2/2015-04-23_12-55-44/Trafficlight_2,7,7,1.0,0,0.0,7,4.584281921386719,yolov8n,lowlight_l3
Koeln/Koeln2/2015-04-23_12-56-08/Trafficlight_2,11,1,0.09090909090909091,0,0.0,1,0.0,yolov8n,lowlight_l3
Koeln/Koeln2/2015-04-23_12-56-08/Trafficlight_1,20,16,0.8,0,0.0,9,7.054329872131348,yolov8n,lowlight_l3
Koeln/Koeln2/2015-04-23_12-56-08/Trafficlight_3,15,6,0.4,0,0.0,3,1.7635869979858398,yolov8n,lowlight_l3
Koeln/Koeln2/2015-04-23_12-58-12/Trafficlight_1,20,20,1.0,0,0.0,20,18.408507108688354,yolov8n,lowlight_l3
Koeln/Koeln2/2015-04-23_12-58-12/Trafficlight_2,20,10,0.5,0,0.0,4,2.8828060626983643,yolov8n,lowlight_l3
Koeln/Koeln2/2015-04-23_13-03-59/Trafficlight_2,5,5,1.0,0,0.0,5,2.116795063018799,yolov8n,lowlight_l3
Koeln/Koeln2/2015-04-23_13-03-59/Trafficlight_3,7,7,1.0,0,0.0,7,3.4705021381378174,yolov8n,lowlight_l3
Koeln/Koeln2/2015-04-23_13-05-35/Trafficlight_4,3,2,0.6666666666666666,0,0.0,2,0.8270981311798096,yolov8n,lowlight_l3
Koeln/Koeln2/2015-04-23_13-05-35/Trafficlight_5,4,4,1.0,0,0.0,4,2.763115882873535,yolov8n,lowlight_l3
Koeln/Koeln2/2015-04-23_13-10-19/Trafficlight_1,3,3,1.0,0,0.0,3,1.2942790985107422,yolov8n,lowlight_l3
Koeln/Koeln2/2015-04-23_13-10-19/Trafficlight_3,5,5,1.0,0,0.0,5,2.5852479934692383,yolov8n,lowlight_l3
Koeln/Koeln2/2015-04-23_13-10-19/Trafficlight_7,6,6,1.0,0,0.0,4,2.4686670303344727,yolov8n,lowlight_l3
Koeln/Koeln2/2015-04-23_13-10-19/Trafficlight_8,6,6,1.0,0,0.0,4,2.4686670303344727,yolov8n,lowlight_l3
Koeln/Koeln2/2015-04-23_13-11-46/Trafficlight_1,5,5,1.0,0,0.0,5,4.520406007766724,yolov8n,lowlight_l3
Koeln/Koeln2/2015-04-23_13-11-46/Trafficlight_3,7,6,0.8571428571428571,0,0.0,6,5.8708062171936035,yolov8n,lowlight_l3
Koeln/Koeln2/2015-04-23_13-15-36/Trafficlight_4,13,13,1.0,0,0.0,13,6.585233926773071,yolov8n,lowlight_l3
Koeln/Koeln2/2015-04-23_13-15-36/Trafficlight_5,2,2,1.0,0,0.0,2,0.7070450782775879,yolov8n,lowlight_l3
Koeln/Koeln2/2015-04-23_13-15-59/Trafficlight_4,15,2,0.13333333333333333,0,0.0,2,1.0757648944854736,yolov8n,lowlight_l3
Koeln/Koeln2/2015-04-23_13-15-59/Trafficlight_3,7,0,0.0,0,0.0,0,0.0,yolov8n,lowlight_l3
Koeln/Koeln2/2015-04-23_13-16-45/Trafficlight_5,2,1,0.5,0,0.0,1,0.0,yolov8n,lowlight_l3
Koeln/Koeln2/2015-04-23_13-18-13/Trafficlight_4,7,7,1.0,0,0.0,5,1.4128310680389404,yolov8n,lowlight_l3
Koeln/Koeln2/2015-04-23_13-18-13/Trafficlight_5,12,6,0.5,0,0.0,4,1.060230016708374,yolov8n,lowlight_l3
Koeln/Koeln2/2015-04-23_13-18-13/Trafficlight_6,13,6,0.46153846153846156,0,0.0,3,0.7059159278869629,yolov8n,lowlight_l3
Koeln/Koeln2/2015-04-23_13-18-13/Trafficlight_7,19,0,0.0,0,0.0,0,0.0,yolov8n,lowlight_l3
Koeln/Koeln2/2015-04-23_13-19-07/Trafficlight_1,12,6,0.5,0,0.0,6,8.822717905044556,yolov8n,lowlight_l3
Koeln/Koeln2/2015-04-23_13-19-07/Trafficlight_2,4,3,0.75,0,0.0,3,3.5288150310516357,yolov8n,lowlight_l3
Koeln/Koeln2/2015-04-23_13-19-07/Trafficlight_3,5,5,1.0,0,0.0,5,7.0580809116363525,yolov8n,lowlight_l3
Koeln/Koeln2/2015-04-23_13-19-07/Trafficlight_6,12,7,0.5833333333333334,0,0.0,1,0.0,yolov8n,lowlight_l3
Koeln/Koeln2/2015-04-23_13-19-07/Trafficlight_7,5,5,1.0,0,0.0,1,0.0,yolov8n,lowlight_l3
Koeln/Koeln2/2015-04-23_13-19-07/Trafficlight_8,6,6,1.0,0,0.0,1,0.0,yolov8n,lowlight_l3
Koeln/Koeln2/2015-04-23_13-22-16/Trafficlight_5,16,11,0.6875,1,0.0625,4,2.5315229892730713,yolov8n,lowlight_l3
Koeln/Koeln2/2015-04-23_13-22-16/Trafficlight_6,14,14,1.0,0,0.0,14,11.05482292175293,yolov8n,lowlight_l3
Koeln/Koeln2/2015-04-23_13-26-00/Trafficlight_1,5,5,1.0,0,0.0,5,0.23670387268066406,yolov8n,lowlight_l3
Koeln/Koeln2/2015-04-23_13-26-00/Trafficlight_2,11,11,1.0,0,0.0,11,0.6478209495544434,yolov8n,lowlight_l3
Koeln/Koeln2/2015-04-23_13-27-52/Trafficlight_2,9,4,0.4444444444444444,0,0.0,2,0.6494958400726318,yolov8n,lowlight_l3
Koeln/Koeln2/2015-04-23_13-27-52/Trafficlight_3,9,9,1.0,0,0.0,9,5.17716908454895,yolov8n,lowlight_l3
Koeln/Koeln2/2015-04-23_13-28-56/Trafficlight_1,1,1,1.0,0,0.0,1,0.0,yolov8n,lowlight_l3
Koeln/Koeln2/2015-04-23_13-28-56/Trafficlight_3,1,1,1.0,0,0.0,1,0.0,yolov8n,lowlight_l3
Koeln/Koeln2/2015-04-23_13-29-48/Trafficlight_1,17,9,0.5294117647058824,0,0.0,7,2.2311489582061768,yolov8n,lowlight_l3
Koeln/Koeln2/2015-04-23_13-29-48/Trafficlight_2,13,12,0.9230769230769231,0,0.0,9,2.9374380111694336,yolov8n,lowlight_l3
Koeln/Koeln2/2015-04-23_13-29-48/Trafficlight_3,17,17,1.0,0,0.0,17,5.824321031570435,yolov8n,lowlight_l3
Koeln/Koeln2/2015-04-23_13-30-07/Trafficlight_2,11,4,0.36363636363636365,0,0.0,2,0.5929617881774902,yolov8n,lowlight_l3
Koeln/Koeln2/2015-04-23_13-30-07/Trafficlight_3,14,5,0.35714285714285715,0,0.0,3,1.1876580715179443,yolov8n,lowlight_l3
Koeln/Koeln2/2015-04-23_13-30-57/Trafficlight_3,10,6,0.6,0,0.0,3,1.5248119831085205,yolov8n,lowlight_l3
Koeln/Koeln2/2015-04-23_13-30-57/Trafficlight_4,12,6,0.5,0,0.0,4,2.409276008605957,yolov8n,lowlight_l3
Essen/Essen2/2015-04-22_11-54-56/Trafficlight_1,16,11,0.6875,0,0.0,8,2.7993810176849365,yolo11n,lowlight_l3
Essen/Essen2/2015-04-22_11-54-56/Trafficlight_2,12,9,0.75,0,0.0,6,2.0003249645233154,yolo11n,lowlight_l3
Essen/Essen2/2015-04-22_11-55-29/Trafficlight_1,22,9,0.4090909090909091,0,0.0,3,0.7987039089202881,yolo11n,lowlight_l3
Essen/Essen2/2015-04-22_11-55-29/Trafficlight_2,15,2,0.13333333333333333,0,0.0,2,0.4011569023132324,yolo11n,lowlight_l3
Essen/Essen2/2015-04-22_11-55-29/Trafficlight_3,21,9,0.42857142857142855,0,0.0,6,2.000354051589966,yolo11n,lowlight_l3
Essen/Essen2/2015-04-22_11-58-40/Trafficlight_1,1,1,1.0,0,0.0,1,0.0,yolo11n,lowlight_l3
Essen/Essen2/2015-04-22_11-58-40/Trafficlight_2,1,0,0.0,0,0.0,0,0.0,yolo11n,lowlight_l3
Essen/Essen2/2015-04-22_11-59-47/Trafficlight_1,14,14,1.0,0,0.0,14,10.068872928619385,yolo11n,lowlight_l3
Essen/Essen2/2015-04-22_11-59-47/Trafficlight_2,18,11,0.6111111111111112,0,0.0,11,5.264693975448608,yolo11n,lowlight_l3
Essen/Essen2/2015-04-22_11-59-47/Trafficlight_3,21,20,0.9523809523809523,0,0.0,14,6.863721132278442,yolo11n,lowlight_l3
Essen/Essen2/2015-04-22_12-00-12/Trafficlight_1,12,12,1.0,0,0.0,11,2.66969895362854,yolo11n,lowlight_l3
Essen/Essen2/2015-04-22_12-00-12/Trafficlight_2,12,11,0.9166666666666666,0,0.0,11,3.0003178119659424,yolo11n,lowlight_l3
Essen/Essen2/2015-04-22_12-00-12/Trafficlight_3,18,8,0.4444444444444444,0,0.0,6,1.9342191219329834,yolo11n,lowlight_l3
Essen/Essen2/2015-04-22_12-00-50/Trafficlight_1,8,6,0.75,0,0.0,3,3.466460943222046,yolo11n,lowlight_l3
Essen/Essen2/2015-04-22_12-00-50/Trafficlight_2,4,3,0.75,0,0.0,2,1.7361540794372559,yolo11n,lowlight_l3
Essen/Essen2/2015-04-22_12-00-50/Trafficlight_3,7,3,0.42857142857142855,0,0.0,3,3.466460943222046,yolo11n,lowlight_l3
Essen/Essen2/2015-04-22_12-03-07/Trafficlight_7,1,1,1.0,0,0.0,1,0.0,yolo11n,lowlight_l3
Essen/Essen2/2015-04-22_12-03-07/Trafficlight_8,1,1,1.0,0,0.0,1,0.0,yolo11n,lowlight_l3
Essen/Essen2/2015-04-22_12-03-17/Trafficlight_1,11,11,1.0,0,0.0,11,3.3990509510040283,yolo11n,lowlight_l3
Essen/Essen2/2015-04-22_12-03-17/Trafficlight_2,11,10,0.9090909090909091,0,0.0,10,3.064750909805298,yolo11n,lowlight_l3
Essen/Essen2/2015-04-22_12-03-17/Trafficlight_3,10,4,0.4,0,0.0,3,0.733691930770874,yolo11n,lowlight_l3
Essen/Essen2/2015-04-22_12-03-17/Trafficlight_4,2,2,1.0,0,0.0,2,0.33318114280700684,yolo11n,lowlight_l3
Essen/Essen2/2015-04-22_12-04-52/Trafficlight_1,18,9,0.5,0,0.0,5,1.3382561206817627,yolo11n,lowlight_l3
Essen/Essen2/2015-04-22_12-04-52/Trafficlight_5,6,6,1.0,0,0.0,6,1.664518117904663,yolo11n,lowlight_l3
Essen/Essen2/2015-04-22_12-07-48/Trafficlight_1,7,7,1.0,0,0.0,7,1.999337911605835,yolo11n,lowlight_l3
Essen/Essen2/2015-04-22_12-07-48/Trafficlight_2,7,5,0.7142857142857143,0,0.0,4,0.9993960857391357,yolo11n,lowlight_l3
Essen/Essen2/2015-04-22_12-07-48/Trafficlight_3,7,7,1.0,0,0.0,7,1.999337911605835,yolo11n,lowlight_l3
Essen/Essen2/2015-04-22_12-10-46/Trafficlight_2,10,3,0.3,1,0.1,2,1.0670490264892578,yolo11n,lowlight_l3
Essen/Essen2/2015-04-22_12-10-46/Trafficlight_3,16,13,0.8125,0,0.0,7,5.932364225387573,yolo11n,lowlight_l3
Essen/Essen2/2015-04-22_12-10-46/Trafficlight_1,13,11,0.8461538461538461,0,0.0,5,3.7332510948181152,yolo11n,lowlight_l3
Essen/Essen2/2015-04-22_12-12-38/Trafficlight_1,14,14,1.0,0,0.0,14,7.198219060897827,yolo11n,lowlight_l3
Essen/Essen2/2015-04-22_12-12-38/Trafficlight_2,16,6,0.375,0,0.0,5,1.4678621292114258,yolo11n,lowlight_l3
Essen/Essen2/2015-04-22_12-14-33/Trafficlight_1,5,5,1.0,0,0.0,5,1.8019039630889893,yolo11n,lowlight_l3
Essen/Essen2/2015-04-22_12-14-33/Trafficlight_2,4,0,0.0,0,0.0,0,0.0,yolo11n,lowlight_l3
Essen/Essen2/2015-04-22_12-14-33/Trafficlight_3,5,5,1.0,0,0.0,5,1.8019039630889893,yolo11n,lowlight_l3
Essen/Essen2/2015-04-22_12-16-21/Trafficlight_1,16,1,0.0625,0,0.0,1,0.0,yolo11n,lowlight_l3
Essen/Essen2/2015-04-22_12-16-21/Trafficlight_2,12,12,1.0,0,0.0,12,4.401026964187622,yolo11n,lowlight_l3
Essen/Essen2/2015-04-22_12-17-10/Trafficlight_2,9,9,1.0,0,0.0,9,5.531995058059692,yolo11n,lowlight_l3
Essen/Essen2/2015-04-22_12-17-10/Trafficlight_1,17,11,0.6470588235294118,0,0.0,9,5.531995058059692,yolo11n,lowlight_l3
Essen/Essen2/2015-04-22_12-17-10/Trafficlight_3,13,13,1.0,0,0.0,13,8.866031885147095,yolo11n,lowlight_l3
Essen/Essen3/2015-04-22_12-21-40/Trafficlight_2,20,16,0.8,0,0.0,16,2.9993200302124023,yolo11n,lowlight_l3
Essen/Essen3/2015-04-22_12-21-40/Trafficlight_3,1,0,0.0,0,0.0,0,0.0,yolo11n,lowlight_l3
Essen/Essen3/2015-04-22_12-22-11/Trafficlight_2,4,4,1.0,0,0.0,4,2.125485897064209,yolo11n,lowlight_l3
Essen/Essen3/2015-04-22_12-22-11/Trafficlight_3,6,5,0.8333333333333334,0,0.0,5,2.79241681098938,yolo11n,lowlight_l3
Essen/Essen3/2015-04-22_12-22-11/Trafficlight_4,11,7,0.6363636363636364,0,0.0,6,3.331467866897583,yolo11n,lowlight_l3
Essen/Essen3/2015-04-22_12-24-28/Trafficlight_1,5,5,1.0,0,0.0,5,3.932101011276245,yolo11n,lowlight_l3
Essen/Essen3/2015-04-22_12-24-28/Trafficlight_2,5,4,0.8,0,0.0,4,2.9311981201171875,yolo11n,lowlight_l3
Essen/Essen3/2015-04-22_12-24-28/Trafficlight_3,2,2,1.0,0,0.0,2,1.0009028911590576,yolo11n,lowlight_l3
Essen/Essen3/2015-04-22_12-28-48/Trafficlight_1,20,20,1.0,0,0.0,20,10.667073965072632,yolo11n,lowlight_l3
Essen/Essen3/2015-04-22_12-28-48/Trafficlight_5,10,10,1.0,0,0.0,10,4.799072980880737,yolo11n,lowlight_l3
Essen/Essen3/2015-04-22_12-31-21/Trafficlight_4,1,1,1.0,0,0.0,1,0.0,yolo11n,lowlight_l3
Essen/Essen3/2015-04-22_12-31-56/Trafficlight_1,8,8,1.0,0,0.0,8,0.9274928569793701,yolo11n,lowlight_l3
Essen/Essen3/2015-04-22_12-31-56/Trafficlight_2,19,0,0.0,0,0.0,0,0.0,yolo11n,lowlight_l3
Essen/Essen3/2015-04-22_12-31-56/Trafficlight_3,9,7,0.7777777777777778,0,0.0,6,6.46475887298584,yolo11n,lowlight_l3
Essen/Essen3/2015-04-22_12-31-56/Trafficlight_4,9,1,0.1111111111111111,0,0.0,1,0.0,yolo11n,lowlight_l3
Essen/Essen3/2015-04-22_12-31-56/Trafficlight_16,8,7,0.875,0,0.0,6,3.0001039505004883,yolo11n,lowlight_l3
Essen/Essen3/2015-04-22_12-31-56/Trafficlight_17,6,4,0.6666666666666666,0,0.0,2,0.6001060009002686,yolo11n,lowlight_l3
Essen/Essen3/2015-04-22_12-31-56/Trafficlight_18,10,1,0.1,0,0.0,1,0.0,yolo11n,lowlight_l3
Fulda/Fulda2/2015-05-15_18-00-09/Trafficlight_1,10,4,0.4,0,0.0,4,1.7653770446777344,yolo11n,lowlight_l3
Fulda/Fulda2/2015-05-15_18-00-09/Trafficlight_7,3,3,1.0,0,0.0,3,1.177671194076538,yolo11n,lowlight_l3
Fulda/Fulda2/2015-05-15_18-00-57/Trafficlight_1,14,14,1.0,0,0.0,14,7.647267818450928,yolo11n,lowlight_l3
Fulda/Fulda2/2015-05-15_18-00-57/Trafficlight_2,10,10,1.0,0,0.0,10,5.2941648960113525,yolo11n,lowlight_l3
Fulda/Fulda2/2015-05-15_18-00-57/Trafficlight_3,10,10,1.0,0,0.0,10,5.290283918380737,yolo11n,lowlight_l3
Fulda/Fulda2/2015-05-15_18-01-58/Trafficlight_14,3,3,1.0,0,0.0,3,1.1750850677490234,yolo11n,lowlight_l3
Fulda/Fulda2/2015-05-15_18-03-39/Trafficlight_5,11,6,0.5454545454545454,0,0.0,3,1.177419900894165,yolo11n,lowlight_l3
Fulda/Fulda2/2015-05-15_18-03-39/Trafficlight_6,7,2,0.2857142857142857,0,0.0,2,0.5891659259796143,yolo11n,lowlight_l3
Fulda/Fulda2/2015-05-15_18-03-39/Trafficlight_7,11,5,0.45454545454545453,0,0.0,3,1.1805570125579834,yolo11n,lowlight_l3
Fulda/Fulda2/2015-05-15_18-04-24/Trafficlight_2,15,9,0.6,0,0.0,7,3.5297000408172607,yolo11n,lowlight_l3
Fulda/Fulda2/2015-05-15_18-05-38/Trafficlight_1,16,13,0.8125,0,0.0,10,5.291590213775635,yolo11n,lowlight_l3
Fulda/Fulda2/2015-05-15_18-05-38/Trafficlight_7,14,14,1.0,0,0.0,14,7.646074056625366,yolo11n,lowlight_l3
Fulda/Fulda2/2015-05-15_18-05-38/Trafficlight_12,7,7,1.0,0,0.0,4,1.763545036315918,yolo11n,lowlight_l3
Fulda/Fulda2/2015-05-15_18-07-04/Trafficlight_2,7,5,0.7142857142857143,0,0.0,4,1.7617321014404297,yolo11n,lowlight_l3
Fulda/Fulda2/2015-05-15_18-07-04/Trafficlight_3,10,10,1.0,0,0.0,10,5.294755935668945,yolo11n,lowlight_l3
Fulda/Fulda2/2015-05-15_18-07-04/Trafficlight_14,2,2,1.0,0,0.0,2,0.5877358913421631,yolo11n,lowlight_l3
Fulda/Fulda2/2015-05-15_18-07-37/Trafficlight_2,2,2,1.0,0,0.0,2,0.5985150337219238,yolo11n,lowlight_l3
Fulda/Fulda2/2015-05-15_18-07-37/Trafficlight_3,3,3,1.0,0,0.0,3,1.1775381565093994,yolo11n,lowlight_l3
Fulda/Fulda2/2015-05-15_18-08-11/Trafficlight_1,8,5,0.625,0,0.0,4,1.7661869525909424,yolo11n,lowlight_l3
Fulda/Fulda2/2015-05-15_18-08-11/Trafficlight_2,8,0,0.0,0,0.0,0,0.0,yolo11n,lowlight_l3
Fulda/Fulda2/2015-05-15_18-09-21/Trafficlight_1,14,14,1.0,0,0.0,14,7.643924951553345,yolo11n,lowlight_l3
Fulda/Fulda2/2015-05-15_18-09-21/Trafficlight_2,5,4,0.8,0,0.0,4,1.7659847736358643,yolo11n,lowlight_l3
Fulda/Fulda2/2015-05-15_18-11-25/Trafficlight_1,14,10,0.7142857142857143,0,0.0,9,4.704684019088745,yolo11n,lowlight_l3
Fulda/Fulda2/2015-05-15_18-11-25/Trafficlight_2,9,0,0.0,0,0.0,0,0.0,yolo11n,lowlight_l3
Fulda/Fulda2/2015-05-15_18-11-25/Trafficlight_3,12,4,0.3333333333333333,0,0.0,4,1.7630729675292969,yolo11n,lowlight_l3
Fulda/Fulda2/2015-05-15_18-12-26/Trafficlight_12,1,1,1.0,0,0.0,1,0.0,yolo11n,lowlight_l3
Fulda/Fulda2/2015-05-15_18-12-26/Trafficlight_13,1,1,1.0,0,0.0,1,0.0,yolo11n,lowlight_l3
Fulda/Fulda2/2015-05-15_18-13-56/Trafficlight_2,3,3,1.0,0,0.0,3,1.1754150390625,yolo11n,lowlight_l3
Fulda/Fulda2/2015-05-15_18-13-56/Trafficlight_3,3,3,1.0,0,0.0,3,1.1754150390625,yolo11n,lowlight_l3
Fulda/Fulda2/2015-05-15_18-13-56/Trafficlight_4,4,4,1.0,0,0.0,4,1.76487398147583,yolo11n,lowlight_l3
Hannover/Hannover4/2015-04-20_13-51-29/Trafficlight_7,20,20,1.0,0,0.0,20,5.936743974685669,yolo11n,lowlight_l3
Hannover/Hannover4/2015-04-20_13-51-36/Trafficlight_4,20,20,1.0,0,0.0,20,1.467405080795288,yolo11n,lowlight_l3
Hannover/Hannover4/2015-04-20_13-51-36/Trafficlight_6,10,10,1.0,0,0.0,10,0.6674211025238037,yolo11n,lowlight_l3
Hannover/Hannover4/2015-04-20_13-51-40/Trafficlight_2,20,16,0.8,0,0.0,13,7.464932203292847,yolo11n,lowlight_l3
Hannover/Hannover4/2015-04-20_13-51-40/Trafficlight_1,18,18,1.0,0,0.0,18,11.801587104797363,yolo11n,lowlight_l3
Hannover/Hannover4/2015-04-20_13-51-40/Trafficlight_3,19,19,1.0,0,0.0,19,11.204802989959717,yolo11n,lowlight_l3
Hannover/Hannover4/2015-04-20_13-54-28/Trafficlight_2,4,0,0.0,1,0.25,0,0.0,yolo11n,lowlight_l3
Hannover/Hannover4/2015-04-20_13-54-28/Trafficlight_3,13,9,0.6923076923076923,0,0.0,2,1.8680229187011719,yolo11n,lowlight_l3
Hannover/Hannover4/2015-04-20_13-54-28/Trafficlight_7,5,5,1.0,0,0.0,5,3.7315638065338135,yolo11n,lowlight_l3
Hannover/Hannover4/2015-04-20_13-56-44/Trafficlight_3,12,0,0.0,0,0.0,0,0.0,yolo11n,lowlight_l3
Hannover/Hannover4/2015-04-20_13-56-44/Trafficlight_4,19,16,0.8421052631578947,0,0.0,16,10.79911494255066,yolo11n,lowlight_l3
Hannover/Hannover4/2015-04-20_13-57-56/Trafficlight_4,19,19,1.0,0,0.0,19,1.1975510120391846,yolo11n,lowlight_l3
Hannover/Hannover4/2015-04-20_13-58-03/Trafficlight_3,16,11,0.6875,0,0.0,6,3.4672691822052,yolo11n,lowlight_l3
Hannover/Hannover4/2015-04-20_13-58-03/Trafficlight_4,23,13,0.5652173913043478,0,0.0,10,6.198125123977661,yolo11n,lowlight_l3
Hannover/Hannover4/2015-04-20_13-59-27/Trafficlight_1,20,19,0.95,0,0.0,15,0.998539924621582,yolo11n,lowlight_l3
Hannover/Hannover4/2015-04-20_14-00-12/Trafficlight_1,26,26,1.0,0,0.0,14,6.397797107696533,yolo11n,lowlight_l3
Hannover/Hannover4/2015-04-20_14-00-12/Trafficlight_2,29,11,0.3793103448275862,0,0.0,9,4.66677713394165,yolo11n,lowlight_l3
Hannover/Hannover4/2015-04-20_14-00-12/Trafficlight_3,9,9,1.0,0,0.0,9,4.66677713394165,yolo11n,lowlight_l3
Hannover/Hannover4/2015-04-20_14-01-01/Trafficlight_2,20,0,0.0,0,0.0,0,0.0,yolo11n,lowlight_l3
Hannover/Hannover4/2015-04-20_14-01-01/Trafficlight_1,20,10,0.5,0,0.0,8,6.068166017532349,yolo11n,lowlight_l3
Hannover/Hannover4/2015-04-20_14-02-07/Trafficlight_4,20,20,1.0,0,0.0,20,5.469353914260864,yolo11n,lowlight_l3
Hannover/Hannover4/2015-04-20_14-02-24/Trafficlight_2,8,8,1.0,0,0.0,8,2.2011499404907227,yolo11n,lowlight_l3
Hannover/Hannover4/2015-04-20_14-02-24/Trafficlight_3,10,10,1.0,0,0.0,9,2.5317258834838867,yolo11n,lowlight_l3
Hannover/Hannover4/2015-04-20_14-02-24/Trafficlight_1,9,9,1.0,0,0.0,9,2.5317258834838867,yolo11n,lowlight_l3
Hannover/Hannover4/2015-04-20_14-02-24/Trafficlight_5,1,1,1.0,0,0.0,1,0.0,yolo11n,lowlight_l3
Hannover/Hannover4/2015-04-20_14-04-24/Trafficlight_3,6,6,1.0,0,0.0,4,1.6685810089111328,yolo11n,lowlight_l3
Hannover/Hannover4/2015-04-20_14-04-24/Trafficlight_4,4,4,1.0,0,0.0,4,1.6685810089111328,yolo11n,lowlight_l3
Hannover/Hannover4/2015-04-20_14-04-24/Trafficlight_5,14,13,0.9285714285714286,0,0.0,10,5.067967891693115,yolo11n,lowlight_l3
Hannover/Hannover4/2015-04-20_14-05-57/Trafficlight_2,12,7,0.5833333333333334,0,0.0,6,4.397449016571045,yolo11n,lowlight_l3
Hannover/Hannover4/2015-04-20_14-05-57/Trafficlight_1,7,7,1.0,0,0.0,7,5.333891868591309,yolo11n,lowlight_l3
Hannover/Hannover4/2015-04-20_14-05-57/Trafficlight_3,17,13,0.7647058823529411,0,0.0,9,7.063100099563599,yolo11n,lowlight_l3
Hannover/Hannover4/2015-04-20_14-06-51/Trafficlight_2,15,9,0.6,5,0.3333333333333333,4,1.6701219081878662,yolo11n,lowlight_l3
Hannover/Hannover4/2015-04-20_14-06-51/Trafficlight_1,18,15,0.8333333333333334,0,0.0,10,4.930751085281372,yolo11n,lowlight_l3
Hannover/Hannover4/2015-04-20_14-06-51/Trafficlight_3,18,15,0.8333333333333334,0,0.0,13,6.597445964813232,yolo11n,lowlight_l3
Hannover/Hannover4/2015-04-20_14-08-36/Trafficlight_4,10,10,1.0,0,0.0,10,3.0629000663757324,yolo11n,lowlight_l3
Hannover/Hannover4/2015-04-20_14-08-36/Trafficlight_5,20,16,0.8,0,0.0,7,2.064333915710449,yolo11n,lowlight_l3
Hannover/Hannover4/2015-04-20_14-08-36/Trafficlight_3,9,8,0.8888888888888888,0,0.0,5,1.3316569328308105,yolo11n,lowlight_l3
Hannover/Hannover4/2015-04-20_14-09-52/Trafficlight_1,20,1,0.05,1,0.05,1,0.0,yolo11n,lowlight_l3
Hannover/Hannover4/2015-04-20_14-09-52/Trafficlight_2,20,2,0.1,0,0.0,1,0.0,yolo11n,lowlight_l3
Hannover/Hannover4/2015-04-20_14-11-20/Trafficlight_1,12,12,1.0,0,0.0,12,5.13437294960022,yolo11n,lowlight_l3
Hannover/Hannover4/2015-04-20_14-11-20/Trafficlight_3,3,3,1.0,0,0.0,3,0.9365520477294922,yolo11n,lowlight_l3
Hannover/Hannover4/2015-04-20_14-12-16/Trafficlight_4,7,7,1.0,0,0.0,7,2.398069143295288,yolo11n,lowlight_l3
Hannover/Hannover4/2015-04-20_14-12-16/Trafficlight_5,7,7,1.0,0,0.0,7,2.398069143295288,yolo11n,lowlight_l3
Hannover/Hannover4/2015-04-20_14-12-16/Trafficlight_6,20,20,1.0,0,0.0,20,7.598844051361084,yolo11n,lowlight_l3
Hannover/Hannover4/2015-04-20_14-16-02/Trafficlight_2,14,8,0.5714285714285714,0,0.0,3,1.2644879817962646,yolo11n,lowlight_l3
Hannover/Hannover4/2015-04-20_14-16-02/Trafficlight_3,19,19,1.0,0,0.0,19,11.200973987579346,yolo11n,lowlight_l3
Hannover/Hannover4/2015-04-20_14-16-02/Trafficlight_1,8,8,1.0,0,0.0,8,4.332615852355957,yolo11n,lowlight_l3
Hannover/Hannover4/2015-04-20_14-17-12/Trafficlight_2,20,6,0.3,0,0.0,3,0.6671879291534424,yolo11n,lowlight_l3
Hannover/Hannover4/2015-04-20_14-17-12/TrafficLight_6,20,18,0.9,0,0.0,10,2.9346439838409424,yolo11n,lowlight_l3
Hannover/Hannover4/2015-04-20_14-31-46/Trafficlight_3,4,0,0.0,0,0.0,0,0.0,yolo11n,lowlight_l3
Hannover/Hannover4/2015-04-20_14-31-46/Trafficlight_4,8,0,0.0,0,0.0,0,0.0,yolo11n,lowlight_l3
Hannover/Hannover4/2015-04-20_14-31-46/Trafficlight_2,9,6,0.6666666666666666,0,0.0,5,2.59775710105896,yolo11n,lowlight_l3
Hannover/Hannover4/2015-04-20_14-32-25/Trafficlight_3,14,0,0.0,0,0.0,0,0.0,yolo11n,lowlight_l3
Hannover/Hannover4/2015-04-20_14-32-25/Trafficlight_4,20,8,0.4,0,0.0,4,1.6673591136932373,yolo11n,lowlight_l3
Hannover/Hannover4/2015-04-20_14-33-38/Trafficlight_2,6,2,0.3333333333333333,0,0.0,1,0.0,yolo11n,lowlight_l3
Hannover/Hannover4/2015-04-20_14-33-38/Trafficlight_3,20,17,0.85,2,0.1,10,1.6652860641479492,yolo11n,lowlight_l3
Koeln/Koeln2/2015-04-23_12-31-31/Trafficlight_1,2,2,1.0,0,0.0,2,0.47226786613464355,yolo11n,lowlight_l3
Koeln/Koeln2/2015-04-23_12-31-31/Trafficlight_2,2,2,1.0,0,0.0,2,0.47226786613464355,yolo11n,lowlight_l3
Koeln/Koeln2/2015-04-23_12-31-31/Trafficlight_3,2,2,1.0,0,0.0,2,0.47226786613464355,yolo11n,lowlight_l3
Koeln/Koeln2/2015-04-23_12-33-22/Trafficlight_19,1,1,1.0,0,0.0,1,0.0,yolo11n,lowlight_l3
Koeln/Koeln2/2015-04-23_12-54-40/Trafficlight_3,9,8,0.8888888888888888,0,0.0,7,5.115321159362793,yolo11n,lowlight_l3
Koeln/Koeln2/2015-04-23_12-54-40/Trafficlight_4,9,7,0.7777777777777778,3,0.3333333333333333,4,2.527569055557251,yolo11n,lowlight_l3
Koeln/Koeln2/2015-04-23_12-55-44/Trafficlight_3,8,5,0.625,0,0.0,3,1.5286929607391357,yolo11n,lowlight_l3
Koeln/Koeln2/2015-04-23_12-55-44/Trafficlight_1,8,4,0.5,0,0.0,3,1.5271339416503906,yolo11n,lowlight_l3
Koeln/Koeln2/2015-04-23_12-55-44/Trafficlight_2,7,6,0.8571428571428571,0,0.0,6,3.820652961730957,yolo11n,lowlight_l3
Koeln/Koeln2/2015-04-23_12-56-08/Trafficlight_2,11,0,0.0,0,0.0,0,0.0,yolo11n,lowlight_l3
Koeln/Koeln2/2015-04-23_12-56-08/Trafficlight_1,20,16,0.8,0,0.0,10,7.939249038696289,yolo11n,lowlight_l3
Koeln/Koeln2/2015-04-23_12-56-08/Trafficlight_3,15,5,0.3333333333333333,0,0.0,3,1.7635869979858398,yolo11n,lowlight_l3
Koeln/Koeln2/2015-04-23_12-58-12/Trafficlight_1,20,20,1.0,0,0.0,20,18.408507108688354,yolo11n,lowlight_l3
Koeln/Koeln2/2015-04-23_12-58-12/Trafficlight_2,20,7,0.35,0,0.0,3,1.9399011135101318,yolo11n,lowlight_l3
Koeln/Koeln2/2015-04-23_13-03-59/Trafficlight_2,5,5,1.0,0,0.0,5,2.116795063018799,yolo11n,lowlight_l3
Koeln/Koeln2/2015-04-23_13-03-59/Trafficlight_3,7,7,1.0,0,0.0,7,3.4705021381378174,yolo11n,lowlight_l3
Koeln/Koeln2/2015-04-23_13-05-35/Trafficlight_4,3,3,1.0,0,0.0,3,1.6492500305175781,yolo11n,lowlight_l3
Koeln/Koeln2/2015-04-23_13-05-35/Trafficlight_5,4,4,1.0,0,0.0,4,2.763115882873535,yolo11n,lowlight_l3
Koeln/Koeln2/2015-04-23_13-10-19/Trafficlight_1,3,3,1.0,0,0.0,3,1.2942790985107422,yolo11n,lowlight_l3
Koeln/Koeln2/2015-04-23_13-10-19/Trafficlight_3,5,5,1.0,0,0.0,5,2.5852479934692383,yolo11n,lowlight_l3
Koeln/Koeln2/2015-04-23_13-10-19/Trafficlight_7,6,6,1.0,0,0.0,4,2.4686670303344727,yolo11n,lowlight_l3
Koeln/Koeln2/2015-04-23_13-10-19/Trafficlight_8,6,6,1.0,0,0.0,4,2.4686670303344727,yolo11n,lowlight_l3
Koeln/Koeln2/2015-04-23_13-11-46/Trafficlight_1,5,4,0.8,0,0.0,4,3.351724863052368,yolo11n,lowlight_l3
Koeln/Koeln2/2015-04-23_13-11-46/Trafficlight_3,7,7,1.0,0,0.0,6,5.8708062171936035,yolo11n,lowlight_l3
Koeln/Koeln2/2015-04-23_13-15-36/Trafficlight_4,13,13,1.0,0,0.0,13,6.585233926773071,yolo11n,lowlight_l3
Koeln/Koeln2/2015-04-23_13-15-36/Trafficlight_5,2,2,1.0,0,0.0,2,0.7070450782775879,yolo11n,lowlight_l3
Koeln/Koeln2/2015-04-23_13-15-59/Trafficlight_4,15,0,0.0,0,0.0,0,0.0,yolo11n,lowlight_l3
Koeln/Koeln2/2015-04-23_13-15-59/Trafficlight_3,7,0,0.0,0,0.0,0,0.0,yolo11n,lowlight_l3
Koeln/Koeln2/2015-04-23_13-16-45/Trafficlight_5,2,2,1.0,0,0.0,2,0.2965540885925293,yolo11n,lowlight_l3
Koeln/Koeln2/2015-04-23_13-18-13/Trafficlight_4,7,7,1.0,0,0.0,5,1.4128310680389404,yolo11n,lowlight_l3
Koeln/Koeln2/2015-04-23_13-18-13/Trafficlight_5,12,9,0.75,0,0.0,6,1.7630209922790527,yolo11n,lowlight_l3
Koeln/Koeln2/2015-04-23_13-18-13/Trafficlight_6,13,2,0.15384615384615385,0,0.0,1,0.0,yolo11n,lowlight_l3
Koeln/Koeln2/2015-04-23_13-18-13/Trafficlight_7,19,2,0.10526315789473684,0,0.0,2,0.3549339771270752,yolo11n,lowlight_l3
Koeln/Koeln2/2015-04-23_13-19-07/Trafficlight_1,12,6,0.5,0,0.0,6,8.822717905044556,yolo11n,lowlight_l3
Koeln/Koeln2/2015-04-23_13-19-07/Trafficlight_2,4,2,0.5,0,0.0,1,0.0,yolo11n,lowlight_l3
Koeln/Koeln2/2015-04-23_13-19-07/Trafficlight_3,5,5,1.0,0,0.0,5,7.0580809116363525,yolo11n,lowlight_l3
Koeln/Koeln2/2015-04-23_13-19-07/Trafficlight_6,12,10,0.8333333333333334,0,0.0,1,0.0,yolo11n,lowlight_l3
Koeln/Koeln2/2015-04-23_13-19-07/Trafficlight_7,5,5,1.0,0,0.0,1,0.0,yolo11n,lowlight_l3
Koeln/Koeln2/2015-04-23_13-19-07/Trafficlight_8,6,6,1.0,0,0.0,1,0.0,yolo11n,lowlight_l3
Koeln/Koeln2/2015-04-23_13-22-16/Trafficlight_5,16,12,0.75,1,0.0625,4,2.5315229892730713,yolo11n,lowlight_l3
Koeln/Koeln2/2015-04-23_13-22-16/Trafficlight_6,14,14,1.0,0,0.0,14,11.05482292175293,yolo11n,lowlight_l3
Koeln/Koeln2/2015-04-23_13-26-00/Trafficlight_1,5,5,1.0,0,0.0,5,0.23670387268066406,yolo11n,lowlight_l3
Koeln/Koeln2/2015-04-23_13-26-00/Trafficlight_2,11,11,1.0,0,0.0,11,0.6478209495544434,yolo11n,lowlight_l3
Koeln/Koeln2/2015-04-23_13-27-52/Trafficlight_2,9,2,0.2222222222222222,0,0.0,1,0.0,yolo11n,lowlight_l3
Koeln/Koeln2/2015-04-23_13-27-52/Trafficlight_3,9,9,1.0,0,0.0,9,5.17716908454895,yolo11n,lowlight_l3
Koeln/Koeln2/2015-04-23_13-28-56/Trafficlight_1,1,1,1.0,0,0.0,1,0.0,yolo11n,lowlight_l3
Koeln/Koeln2/2015-04-23_13-28-56/Trafficlight_3,1,1,1.0,0,0.0,1,0.0,yolo11n,lowlight_l3
Koeln/Koeln2/2015-04-23_13-29-48/Trafficlight_1,17,14,0.8235294117647058,0,0.0,10,3.2915029525756836,yolo11n,lowlight_l3
Koeln/Koeln2/2015-04-23_13-29-48/Trafficlight_2,13,13,1.0,0,0.0,13,4.294061899185181,yolo11n,lowlight_l3
Koeln/Koeln2/2015-04-23_13-29-48/Trafficlight_3,17,16,0.9411764705882353,0,0.0,15,5.173794984817505,yolo11n,lowlight_l3
Koeln/Koeln2/2015-04-23_13-30-07/Trafficlight_2,11,0,0.0,0,0.0,0,0.0,yolo11n,lowlight_l3
Koeln/Koeln2/2015-04-23_13-30-07/Trafficlight_3,14,4,0.2857142857142857,1,0.07142857142857142,2,0.5938348770141602,yolo11n,lowlight_l3
Koeln/Koeln2/2015-04-23_13-30-57/Trafficlight_3,10,5,0.5,1,0.1,3,1.5300440788269043,yolo11n,lowlight_l3
Koeln/Koeln2/2015-04-23_13-30-57/Trafficlight_4,12,7,0.5833333333333334,0,0.0,5,3.0567848682403564,yolo11n,lowlight_l3
Essen/Essen2/2015-04-22_11-54-56/Trafficlight_1,16,10,0.625,0,0.0,9,3.2001419067382812,yolo12n,lowlight_l3
Essen/Essen2/2015-04-22_11-54-56/Trafficlight_2,12,11,0.9166666666666666,0,0.0,9,3.198441982269287,yolo12n,lowlight_l3
Essen/Essen2/2015-04-22_11-55-29/Trafficlight_1,22,12,0.5454545454545454,0,0.0,5,1.5995440483093262,yolo12n,lowlight_l3
Essen/Essen2/2015-04-22_11-55-29/Trafficlight_2,15,2,0.13333333333333333,0,0.0,2,0.4011569023132324,yolo12n,lowlight_l3
Essen/Essen2/2015-04-22_11-55-29/Trafficlight_3,21,5,0.23809523809523808,0,0.0,2,0.40186595916748047,yolo12n,lowlight_l3
Essen/Essen2/2015-04-22_11-58-40/Trafficlight_1,1,1,1.0,0,0.0,1,0.0,yolo12n,lowlight_l3
Essen/Essen2/2015-04-22_11-58-40/Trafficlight_2,1,0,0.0,0,0.0,0,0.0,yolo12n,lowlight_l3
Essen/Essen2/2015-04-22_11-59-47/Trafficlight_1,14,14,1.0,0,0.0,14,10.068872928619385,yolo12n,lowlight_l3
Essen/Essen2/2015-04-22_11-59-47/Trafficlight_2,18,11,0.6111111111111112,0,0.0,11,5.264693975448608,yolo12n,lowlight_l3
Essen/Essen2/2015-04-22_11-59-47/Trafficlight_3,21,21,1.0,0,0.0,21,10.599853992462158,yolo12n,lowlight_l3
Essen/Essen2/2015-04-22_12-00-12/Trafficlight_1,12,11,0.9166666666666666,0,0.0,6,1.3357319831848145,yolo12n,lowlight_l3
Essen/Essen2/2015-04-22_12-00-12/Trafficlight_2,12,9,0.75,0,0.0,5,1.0677738189697266,yolo12n,lowlight_l3
Essen/Essen2/2015-04-22_12-00-12/Trafficlight_3,18,9,0.5,0,0.0,7,2.2001099586486816,yolo12n,lowlight_l3
Essen/Essen2/2015-04-22_12-00-50/Trafficlight_1,8,7,0.875,0,0.0,4,5.198819875717163,yolo12n,lowlight_l3
Essen/Essen2/2015-04-22_12-00-50/Trafficlight_2,4,3,0.75,0,0.0,3,3.466460943222046,yolo12n,lowlight_l3
Essen/Essen2/2015-04-22_12-00-50/Trafficlight_3,7,3,0.42857142857142855,0,0.0,3,3.466460943222046,yolo12n,lowlight_l3
Essen/Essen2/2015-04-22_12-03-07/Trafficlight_7,1,1,1.0,0,0.0,1,0.0,yolo12n,lowlight_l3
Essen/Essen2/2015-04-22_12-03-07/Trafficlight_8,1,1,1.0,0,0.0,1,0.0,yolo12n,lowlight_l3
Essen/Essen2/2015-04-22_12-03-17/Trafficlight_1,11,11,1.0,0,0.0,11,3.3990509510040283,yolo12n,lowlight_l3
Essen/Essen2/2015-04-22_12-03-17/Trafficlight_2,11,8,0.7272727272727273,0,0.0,4,1.0668730735778809,yolo12n,lowlight_l3
Essen/Essen2/2015-04-22_12-03-17/Trafficlight_3,10,5,0.5,0,0.0,2,0.33318114280700684,yolo12n,lowlight_l3
Essen/Essen2/2015-04-22_12-03-17/Trafficlight_4,2,2,1.0,0,0.0,2,0.33318114280700684,yolo12n,lowlight_l3
Essen/Essen2/2015-04-22_12-04-52/Trafficlight_1,18,13,0.7222222222222222,0,0.0,10,3.1317880153656006,yolo12n,lowlight_l3
Essen/Essen2/2015-04-22_12-04-52/Trafficlight_5,6,6,1.0,0,0.0,6,1.664518117904663,yolo12n,lowlight_l3
Essen/Essen2/2015-04-22_12-07-48/Trafficlight_1,7,7,1.0,0,0.0,7,1.999337911605835,yolo12n,lowlight_l3
Essen/Essen2/2015-04-22_12-07-48/Trafficlight_2,7,6,0.8571428571428571,0,0.0,4,0.9999418258666992,yolo12n,lowlight_l3
Essen/Essen2/2015-04-22_12-07-48/Trafficlight_3,7,7,1.0,0,0.0,7,1.999337911605835,yolo12n,lowlight_l3
Essen/Essen2/2015-04-22_12-10-46/Trafficlight_2,10,2,0.2,0,0.0,2,1.0670490264892578,yolo12n,lowlight_l3
Essen/Essen2/2015-04-22_12-10-46/Trafficlight_3,16,10,0.625,0,0.0,6,4.9998791217803955,yolo12n,lowlight_l3
Essen/Essen2/2015-04-22_12-10-46/Trafficlight_1,13,12,0.9230769230769231,0,0.0,6,4.600841999053955,yolo12n,lowlight_l3
Essen/Essen2/2015-04-22_12-12-38/Trafficlight_1,14,14,1.0,0,0.0,14,7.198219060897827,yolo12n,lowlight_l3
Essen/Essen2/2015-04-22_12-12-38/Trafficlight_2,16,5,0.3125,0,0.0,2,0.39820408821105957,yolo12n,lowlight_l3
Essen/Essen2/2015-04-22_12-14-33/Trafficlight_1,5,5,1.0,0,0.0,5,1.8019039630889893,yolo12n,lowlight_l3
Essen/Essen2/2015-04-22_12-14-33/Trafficlight_2,4,2,0.5,0,0.0,2,0.46634578704833984,yolo12n,lowlight_l3
Essen/Essen2/2015-04-22_12-14-33/Trafficlight_3,5,5,1.0,0,0.0,5,1.8019039630889893,yolo12n,lowlight_l3
Essen/Essen2/2015-04-22_12-16-21/Trafficlight_1,16,2,0.125,0,0.0,1,0.0,yolo12n,lowlight_l3
Essen/Essen2/2015-04-22_12-16-21/Trafficlight_2,12,12,1.0,0,0.0,12,4.401026964187622,yolo12n,lowlight_l3
Essen/Essen2/2015-04-22_12-17-10/Trafficlight_2,9,9,1.0,0,0.0,9,5.531995058059692,yolo12n,lowlight_l3
Essen/Essen2/2015-04-22_12-17-10/Trafficlight_1,17,11,0.6470588235294118,0,0.0,11,7.532839059829712,yolo12n,lowlight_l3
Essen/Essen2/2015-04-22_12-17-10/Trafficlight_3,13,13,1.0,0,0.0,13,8.866031885147095,yolo12n,lowlight_l3
Essen/Essen3/2015-04-22_12-21-40/Trafficlight_2,20,18,0.9,0,0.0,16,2.9993200302124023,yolo12n,lowlight_l3
Essen/Essen3/2015-04-22_12-21-40/Trafficlight_3,1,0,0.0,0,0.0,0,0.0,yolo12n,lowlight_l3
Essen/Essen3/2015-04-22_12-22-11/Trafficlight_2,4,4,1.0,0,0.0,4,2.125485897064209,yolo12n,lowlight_l3
Essen/Essen3/2015-04-22_12-22-11/Trafficlight_3,6,5,0.8333333333333334,0,0.0,5,2.79241681098938,yolo12n,lowlight_l3
Essen/Essen3/2015-04-22_12-22-11/Trafficlight_4,11,7,0.6363636363636364,0,0.0,5,2.79241681098938,yolo12n,lowlight_l3
Essen/Essen3/2015-04-22_12-24-28/Trafficlight_1,5,5,1.0,0,0.0,5,3.932101011276245,yolo12n,lowlight_l3
Essen/Essen3/2015-04-22_12-24-28/Trafficlight_2,5,5,1.0,0,0.0,5,3.932101011276245,yolo12n,lowlight_l3
Essen/Essen3/2015-04-22_12-24-28/Trafficlight_3,2,2,1.0,0,0.0,2,1.0009028911590576,yolo12n,lowlight_l3
Essen/Essen3/2015-04-22_12-28-48/Trafficlight_1,20,20,1.0,0,0.0,20,10.667073965072632,yolo12n,lowlight_l3
Essen/Essen3/2015-04-22_12-28-48/Trafficlight_5,10,10,1.0,0,0.0,10,4.799072980880737,yolo12n,lowlight_l3
Essen/Essen3/2015-04-22_12-31-21/Trafficlight_4,1,1,1.0,0,0.0,1,0.0,yolo12n,lowlight_l3
Essen/Essen3/2015-04-22_12-31-56/Trafficlight_1,8,8,1.0,0,0.0,8,0.9274928569793701,yolo12n,lowlight_l3
Essen/Essen3/2015-04-22_12-31-56/Trafficlight_2,19,0,0.0,0,0.0,0,0.0,yolo12n,lowlight_l3
Essen/Essen3/2015-04-22_12-31-56/Trafficlight_3,9,6,0.6666666666666666,0,0.0,6,6.46475887298584,yolo12n,lowlight_l3
Essen/Essen3/2015-04-22_12-31-56/Trafficlight_4,9,1,0.1111111111111111,0,0.0,1,0.0,yolo12n,lowlight_l3
Essen/Essen3/2015-04-22_12-31-56/Trafficlight_16,8,8,1.0,0,0.0,8,4.200204133987427,yolo12n,lowlight_l3
Essen/Essen3/2015-04-22_12-31-56/Trafficlight_17,6,1,0.16666666666666666,0,0.0,1,0.0,yolo12n,lowlight_l3
Essen/Essen3/2015-04-22_12-31-56/Trafficlight_18,10,3,0.3,0,0.0,2,0.6026039123535156,yolo12n,lowlight_l3
Fulda/Fulda2/2015-05-15_18-00-09/Trafficlight_1,10,3,0.3,0,0.0,2,0.592069149017334,yolo12n,lowlight_l3
Fulda/Fulda2/2015-05-15_18-00-09/Trafficlight_7,3,3,1.0,0,0.0,3,1.177671194076538,yolo12n,lowlight_l3
Fulda/Fulda2/2015-05-15_18-00-57/Trafficlight_1,14,11,0.7857142857142857,0,0.0,9,4.706108808517456,yolo12n,lowlight_l3
Fulda/Fulda2/2015-05-15_18-00-57/Trafficlight_2,10,9,0.9,0,0.0,6,2.937180995941162,yolo12n,lowlight_l3
Fulda/Fulda2/2015-05-15_18-00-57/Trafficlight_3,10,9,0.9,0,0.0,6,2.937180995941162,yolo12n,lowlight_l3
Fulda/Fulda2/2015-05-15_18-01-58/Trafficlight_14,3,3,1.0,0,0.0,3,1.1750850677490234,yolo12n,lowlight_l3
Fulda/Fulda2/2015-05-15_18-03-39/Trafficlight_5,11,8,0.7272727272727273,0,0.0,3,1.177419900894165,yolo12n,lowlight_l3
Fulda/Fulda2/2015-05-15_18-03-39/Trafficlight_6,7,1,0.14285714285714285,0,0.0,1,0.0,yolo12n,lowlight_l3
Fulda/Fulda2/2015-05-15_18-03-39/Trafficlight_7,11,6,0.5454545454545454,0,0.0,4,1.766193151473999,yolo12n,lowlight_l3
Fulda/Fulda2/2015-05-15_18-04-24/Trafficlight_2,15,10,0.6666666666666666,0,0.0,7,3.5297000408172607,yolo12n,lowlight_l3
Fulda/Fulda2/2015-05-15_18-05-38/Trafficlight_1,16,13,0.8125,0,0.0,9,4.7040181159973145,yolo12n,lowlight_l3
Fulda/Fulda2/2015-05-15_18-05-38/Trafficlight_7,14,14,1.0,0,0.0,14,7.646074056625366,yolo12n,lowlight_l3
Fulda/Fulda2/2015-05-15_18-05-38/Trafficlight_12,7,7,1.0,0,0.0,4,1.763545036315918,yolo12n,lowlight_l3
Fulda/Fulda2/2015-05-15_18-07-04/Trafficlight_2,7,7,1.0,0,0.0,7,3.5272409915924072,yolo12n,lowlight_l3
Fulda/Fulda2/2015-05-15_18-07-04/Trafficlight_3,10,10,1.0,0,0.0,10,5.294755935668945,yolo12n,lowlight_l3
Fulda/Fulda2/2015-05-15_18-07-04/Trafficlight_14,2,2,1.0,0,0.0,2,0.5877358913421631,yolo12n,lowlight_l3
Fulda/Fulda2/2015-05-15_18-07-37/Trafficlight_2,2,2,1.0,0,0.0,2,0.5985150337219238,yolo12n,lowlight_l3
Fulda/Fulda2/2015-05-15_18-07-37/Trafficlight_3,3,3,1.0,0,0.0,3,1.1775381565093994,yolo12n,lowlight_l3
Fulda/Fulda2/2015-05-15_18-08-11/Trafficlight_1,8,1,0.125,0,0.0,1,0.0,yolo12n,lowlight_l3
Fulda/Fulda2/2015-05-15_18-08-11/Trafficlight_2,8,1,0.125,0,0.0,1,0.0,yolo12n,lowlight_l3
Fulda/Fulda2/2015-05-15_18-09-21/Trafficlight_1,14,13,0.9285714285714286,0,0.0,7,3.532902956008911,yolo12n,lowlight_l3
Fulda/Fulda2/2015-05-15_18-09-21/Trafficlight_2,5,4,0.8,0,0.0,4,1.7659847736358643,yolo12n,lowlight_l3
Fulda/Fulda2/2015-05-15_18-11-25/Trafficlight_1,14,11,0.7857142857142857,0,0.0,4,1.7649991512298584,yolo12n,lowlight_l3
Fulda/Fulda2/2015-05-15_18-11-25/Trafficlight_2,9,4,0.4444444444444444,0,0.0,4,1.7649991512298584,yolo12n,lowlight_l3
Fulda/Fulda2/2015-05-15_18-11-25/Trafficlight_3,12,6,0.5,0,0.0,4,1.7630729675292969,yolo12n,lowlight_l3
Fulda/Fulda2/2015-05-15_18-12-26/Trafficlight_12,1,1,1.0,0,0.0,1,0.0,yolo12n,lowlight_l3
Fulda/Fulda2/2015-05-15_18-12-26/Trafficlight_13,1,1,1.0,0,0.0,1,0.0,yolo12n,lowlight_l3
Fulda/Fulda2/2015-05-15_18-13-56/Trafficlight_2,3,3,1.0,0,0.0,3,1.1754150390625,yolo12n,lowlight_l3
Fulda/Fulda2/2015-05-15_18-13-56/Trafficlight_3,3,3,1.0,0,0.0,3,1.1754150390625,yolo12n,lowlight_l3
Fulda/Fulda2/2015-05-15_18-13-56/Trafficlight_4,4,4,1.0,0,0.0,4,1.76487398147583,yolo12n,lowlight_l3
Hannover/Hannover4/2015-04-20_13-51-29/Trafficlight_7,20,20,1.0,0,0.0,20,5.936743974685669,yolo12n,lowlight_l3
Hannover/Hannover4/2015-04-20_13-51-36/Trafficlight_4,20,20,1.0,0,0.0,20,1.467405080795288,yolo12n,lowlight_l3
Hannover/Hannover4/2015-04-20_13-51-36/Trafficlight_6,10,10,1.0,0,0.0,10,0.6674211025238037,yolo12n,lowlight_l3
Hannover/Hannover4/2015-04-20_13-51-40/Trafficlight_2,20,9,0.45,0,0.0,5,2.466715097427368,yolo12n,lowlight_l3
Hannover/Hannover4/2015-04-20_13-51-40/Trafficlight_1,18,18,1.0,0,0.0,18,11.801587104797363,yolo12n,lowlight_l3
Hannover/Hannover4/2015-04-20_13-51-40/Trafficlight_3,19,19,1.0,0,0.0,19,11.204802989959717,yolo12n,lowlight_l3
Hannover/Hannover4/2015-04-20_13-54-28/Trafficlight_2,4,3,0.75,0,0.0,3,1.8650181293487549,yolo12n,lowlight_l3
Hannover/Hannover4/2015-04-20_13-54-28/Trafficlight_3,13,11,0.8461538461538461,0,0.0,2,1.8680229187011719,yolo12n,lowlight_l3
Hannover/Hannover4/2015-04-20_13-54-28/Trafficlight_7,5,5,1.0,0,0.0,5,3.7315638065338135,yolo12n,lowlight_l3
Hannover/Hannover4/2015-04-20_13-56-44/Trafficlight_3,12,2,0.16666666666666666,0,0.0,1,0.0,yolo12n,lowlight_l3
Hannover/Hannover4/2015-04-20_13-56-44/Trafficlight_4,19,17,0.8947368421052632,0,0.0,15,10.067304849624634,yolo12n,lowlight_l3
Hannover/Hannover4/2015-04-20_13-57-56/Trafficlight_4,19,19,1.0,0,0.0,19,1.1975510120391846,yolo12n,lowlight_l3
Hannover/Hannover4/2015-04-20_13-58-03/Trafficlight_3,16,10,0.625,0,0.0,10,6.198125123977661,yolo12n,lowlight_l3
Hannover/Hannover4/2015-04-20_13-58-03/Trafficlight_4,23,15,0.6521739130434783,0,0.0,15,9.663145065307617,yolo12n,lowlight_l3
Hannover/Hannover4/2015-04-20_13-59-27/Trafficlight_1,20,19,0.95,0,0.0,19,1.270550012588501,yolo12n,lowlight_l3
Hannover/Hannover4/2015-04-20_14-00-12/Trafficlight_1,26,26,1.0,0,0.0,14,6.397797107696533,yolo12n,lowlight_l3
Hannover/Hannover4/2015-04-20_14-00-12/Trafficlight_2,29,5,0.1724137931034483,0,0.0,2,0.5995829105377197,yolo12n,lowlight_l3
Hannover/Hannover4/2015-04-20_14-00-12/Trafficlight_3,9,9,1.0,0,0.0,9,4.66677713394165,yolo12n,lowlight_l3
Hannover/Hannover4/2015-04-20_14-01-01/Trafficlight_2,20,0,0.0,0,0.0,0,0.0,yolo12n,lowlight_l3
Hannover/Hannover4/2015-04-20_14-01-01/Trafficlight_1,20,12,0.6,0,0.0,10,8.668031930923462,yolo12n,lowlight_l3
Hannover/Hannover4/2015-04-20_14-02-07/Trafficlight_4,20,20,1.0,0,0.0,20,5.469353914260864,yolo12n,lowlight_l3
Hannover/Hannover4/2015-04-20_14-02-24/Trafficlight_2,8,8,1.0,0,0.0,8,2.2011499404907227,yolo12n,lowlight_l3
Hannover/Hannover4/2015-04-20_14-02-24/Trafficlight_3,10,10,1.0,0,0.0,9,2.5317258834838867,yolo12n,lowlight_l3
Hannover/Hannover4/2015-04-20_14-02-24/Trafficlight_1,9,9,1.0,0,0.0,9,2.5317258834838867,yolo12n,lowlight_l3
Hannover/Hannover4/2015-04-20_14-02-24/Trafficlight_5,1,1,1.0,0,0.0,1,0.0,yolo12n,lowlight_l3
Hannover/Hannover4/2015-04-20_14-04-24/Trafficlight_3,6,6,1.0,0,0.0,4,1.6685810089111328,yolo12n,lowlight_l3
Hannover/Hannover4/2015-04-20_14-04-24/Trafficlight_4,4,4,1.0,0,0.0,4,1.6685810089111328,yolo12n,lowlight_l3
Hannover/Hannover4/2015-04-20_14-04-24/Trafficlight_5,14,14,1.0,0,0.0,10,5.067967891693115,yolo12n,lowlight_l3
Hannover/Hannover4/2015-04-20_14-05-57/Trafficlight_2,12,12,1.0,0,0.0,12,9.731340885162354,yolo12n,lowlight_l3
Hannover/Hannover4/2015-04-20_14-05-57/Trafficlight_1,7,7,1.0,0,0.0,7,5.333891868591309,yolo12n,lowlight_l3
Hannover/Hannover4/2015-04-20_14-05-57/Trafficlight_3,17,13,0.7647058823529411,0,0.0,9,7.063100099563599,yolo12n,lowlight_l3
Hannover/Hannover4/2015-04-20_14-06-51/Trafficlight_2,15,14,0.9333333333333333,0,0.0,10,4.934906005859375,yolo12n,lowlight_l3
Hannover/Hannover4/2015-04-20_14-06-51/Trafficlight_1,18,18,1.0,0,0.0,18,9.332195043563843,yolo12n,lowlight_l3
Hannover/Hannover4/2015-04-20_14-06-51/Trafficlight_3,18,17,0.9444444444444444,0,0.0,10,4.930751085281372,yolo12n,lowlight_l3
Hannover/Hannover4/2015-04-20_14-08-36/Trafficlight_4,10,10,1.0,0,0.0,10,3.0629000663757324,yolo12n,lowlight_l3
Hannover/Hannover4/2015-04-20_14-08-36/Trafficlight_5,20,16,0.8,0,0.0,6,1.7329089641571045,yolo12n,lowlight_l3
Hannover/Hannover4/2015-04-20_14-08-36/Trafficlight_3,9,7,0.7777777777777778,0,0.0,4,1.0020370483398438,yolo12n,lowlight_l3
Hannover/Hannover4/2015-04-20_14-09-52/Trafficlight_1,20,8,0.4,0,0.0,5,1.9313979148864746,yolo12n,lowlight_l3
Hannover/Hannover4/2015-04-20_14-09-52/Trafficlight_2,20,2,0.1,0,0.0,2,0.4679288864135742,yolo12n,lowlight_l3
Hannover/Hannover4/2015-04-20_14-11-20/Trafficlight_1,12,12,1.0,0,0.0,12,5.13437294960022,yolo12n,lowlight_l3
Hannover/Hannover4/2015-04-20_14-11-20/Trafficlight_3,3,2,0.6666666666666666,0,0.0,1,0.0,yolo12n,lowlight_l3
Hannover/Hannover4/2015-04-20_14-12-16/Trafficlight_4,7,7,1.0,0,0.0,7,2.398069143295288,yolo12n,lowlight_l3
Hannover/Hannover4/2015-04-20_14-12-16/Trafficlight_5,7,7,1.0,0,0.0,7,2.398069143295288,yolo12n,lowlight_l3
Hannover/Hannover4/2015-04-20_14-12-16/Trafficlight_6,20,20,1.0,0,0.0,20,7.598844051361084,yolo12n,lowlight_l3
Hannover/Hannover4/2015-04-20_14-16-02/Trafficlight_2,14,7,0.5,0,0.0,3,1.2644879817962646,yolo12n,lowlight_l3
Hannover/Hannover4/2015-04-20_14-16-02/Trafficlight_3,19,19,1.0,0,0.0,19,11.200973987579346,yolo12n,lowlight_l3
Hannover/Hannover4/2015-04-20_14-16-02/Trafficlight_1,8,8,1.0,0,0.0,8,4.332615852355957,yolo12n,lowlight_l3
Hannover/Hannover4/2015-04-20_14-17-12/Trafficlight_2,20,8,0.4,0,0.0,3,0.6671879291534424,yolo12n,lowlight_l3
Hannover/Hannover4/2015-04-20_14-17-12/TrafficLight_6,20,20,1.0,0,0.0,20,6.199991941452026,yolo12n,lowlight_l3
Hannover/Hannover4/2015-04-20_14-31-46/Trafficlight_3,4,3,0.75,0,0.0,3,1.3353891372680664,yolo12n,lowlight_l3
Hannover/Hannover4/2015-04-20_14-31-46/Trafficlight_4,8,2,0.25,0,0.0,1,0.0,yolo12n,lowlight_l3
Hannover/Hannover4/2015-04-20_14-31-46/Trafficlight_2,9,9,1.0,0,0.0,9,5.199236869812012,yolo12n,lowlight_l3
Hannover/Hannover4/2015-04-20_14-32-25/Trafficlight_3,14,1,0.07142857142857142,0,0.0,1,0.0,yolo12n,lowlight_l3
Hannover/Hannover4/2015-04-20_14-32-25/Trafficlight_4,20,8,0.4,0,0.0,4,1.6673591136932373,yolo12n,lowlight_l3
Hannover/Hannover4/2015-04-20_14-33-38/Trafficlight_2,6,1,0.16666666666666666,0,0.0,1,0.0,yolo12n,lowlight_l3
Hannover/Hannover4/2015-04-20_14-33-38/Trafficlight_3,20,18,0.9,3,0.15,9,1.466296911239624,yolo12n,lowlight_l3
Koeln/Koeln2/2015-04-23_12-31-31/Trafficlight_1,2,2,1.0,0,0.0,2,0.47226786613464355,yolo12n,lowlight_l3
Koeln/Koeln2/2015-04-23_12-31-31/Trafficlight_2,2,2,1.0,0,0.0,2,0.47226786613464355,yolo12n,lowlight_l3
Koeln/Koeln2/2015-04-23_12-31-31/Trafficlight_3,2,2,1.0,0,0.0,2,0.47226786613464355,yolo12n,lowlight_l3
Koeln/Koeln2/2015-04-23_12-33-22/Trafficlight_19,1,1,1.0,0,0.0,1,0.0,yolo12n,lowlight_l3
Koeln/Koeln2/2015-04-23_12-54-40/Trafficlight_3,9,9,1.0,0,0.0,9,6.822049140930176,yolo12n,lowlight_l3
Koeln/Koeln2/2015-04-23_12-54-40/Trafficlight_4,9,9,1.0,0,0.0,9,6.822049140930176,yolo12n,lowlight_l3
Koeln/Koeln2/2015-04-23_12-55-44/Trafficlight_3,8,3,0.375,0,0.0,1,0.0,yolo12n,lowlight_l3
Koeln/Koeln2/2015-04-23_12-55-44/Trafficlight_1,8,4,0.5,0,0.0,3,1.5271339416503906,yolo12n,lowlight_l3
Koeln/Koeln2/2015-04-23_12-55-44/Trafficlight_2,7,6,0.8571428571428571,0,0.0,5,3.055588960647583,yolo12n,lowlight_l3
Koeln/Koeln2/2015-04-23_12-56-08/Trafficlight_2,11,1,0.09090909090909091,0,0.0,1,0.0,yolo12n,lowlight_l3
Koeln/Koeln2/2015-04-23_12-56-08/Trafficlight_1,20,17,0.85,0,0.0,9,7.054329872131348,yolo12n,lowlight_l3
Koeln/Koeln2/2015-04-23_12-56-08/Trafficlight_3,15,6,0.4,0,0.0,3,1.7635869979858398,yolo12n,lowlight_l3
Koeln/Koeln2/2015-04-23_12-58-12/Trafficlight_1,20,20,1.0,0,0.0,20,18.408507108688354,yolo12n,lowlight_l3
Koeln/Koeln2/2015-04-23_12-58-12/Trafficlight_2,20,12,0.6,0,0.0,10,8.702315092086792,yolo12n,lowlight_l3
Koeln/Koeln2/2015-04-23_13-03-59/Trafficlight_2,5,5,1.0,0,0.0,5,2.116795063018799,yolo12n,lowlight_l3
Koeln/Koeln2/2015-04-23_13-03-59/Trafficlight_3,7,7,1.0,0,0.0,7,3.4705021381378174,yolo12n,lowlight_l3
Koeln/Koeln2/2015-04-23_13-05-35/Trafficlight_4,3,0,0.0,0,0.0,0,0.0,yolo12n,lowlight_l3
Koeln/Koeln2/2015-04-23_13-05-35/Trafficlight_5,4,4,1.0,0,0.0,4,2.763115882873535,yolo12n,lowlight_l3
Koeln/Koeln2/2015-04-23_13-10-19/Trafficlight_1,3,3,1.0,0,0.0,3,1.2942790985107422,yolo12n,lowlight_l3
Koeln/Koeln2/2015-04-23_13-10-19/Trafficlight_3,5,5,1.0,0,0.0,5,2.5852479934692383,yolo12n,lowlight_l3
Koeln/Koeln2/2015-04-23_13-10-19/Trafficlight_7,6,6,1.0,0,0.0,4,2.4686670303344727,yolo12n,lowlight_l3
Koeln/Koeln2/2015-04-23_13-10-19/Trafficlight_8,6,6,1.0,0,0.0,4,2.4686670303344727,yolo12n,lowlight_l3
Koeln/Koeln2/2015-04-23_13-11-46/Trafficlight_1,5,5,1.0,0,0.0,5,4.520406007766724,yolo12n,lowlight_l3
Koeln/Koeln2/2015-04-23_13-11-46/Trafficlight_3,7,7,1.0,0,0.0,6,5.8708062171936035,yolo12n,lowlight_l3
Koeln/Koeln2/2015-04-23_13-15-36/Trafficlight_4,13,13,1.0,0,0.0,13,6.585233926773071,yolo12n,lowlight_l3
Koeln/Koeln2/2015-04-23_13-15-36/Trafficlight_5,2,2,1.0,0,0.0,2,0.7070450782775879,yolo12n,lowlight_l3
Koeln/Koeln2/2015-04-23_13-15-59/Trafficlight_4,15,0,0.0,0,0.0,0,0.0,yolo12n,lowlight_l3
Koeln/Koeln2/2015-04-23_13-15-59/Trafficlight_3,7,1,0.14285714285714285,0,0.0,1,0.0,yolo12n,lowlight_l3
Koeln/Koeln2/2015-04-23_13-16-45/Trafficlight_5,2,2,1.0,0,0.0,2,0.2965540885925293,yolo12n,lowlight_l3
Koeln/Koeln2/2015-04-23_13-18-13/Trafficlight_4,7,7,1.0,0,0.0,5,1.4128310680389404,yolo12n,lowlight_l3
Koeln/Koeln2/2015-04-23_13-18-13/Trafficlight_5,12,7,0.5833333333333334,0,0.0,4,1.0587379932403564,yolo12n,lowlight_l3
Koeln/Koeln2/2015-04-23_13-18-13/Trafficlight_6,13,4,0.3076923076923077,0,0.0,3,0.7069950103759766,yolo12n,lowlight_l3
Koeln/Koeln2/2015-04-23_13-18-13/Trafficlight_7,19,1,0.05263157894736842,0,0.0,1,0.0,yolo12n,lowlight_l3
Koeln/Koeln2/2015-04-23_13-19-07/Trafficlight_1,12,5,0.4166666666666667,0,0.0,4,5.292745113372803,yolo12n,lowlight_l3
Koeln/Koeln2/2015-04-23_13-19-07/Trafficlight_2,4,4,1.0,0,0.0,4,5.292745113372803,yolo12n,lowlight_l3
Koeln/Koeln2/2015-04-23_13-19-07/Trafficlight_3,5,5,1.0,0,0.0,5,7.0580809116363525,yolo12n,lowlight_l3
Koeln/Koeln2/2015-04-23_13-19-07/Trafficlight_6,12,7,0.5833333333333334,0,0.0,1,0.0,yolo12n,lowlight_l3
Koeln/Koeln2/2015-04-23_13-19-07/Trafficlight_7,5,5,1.0,0,0.0,1,0.0,yolo12n,lowlight_l3
Koeln/Koeln2/2015-04-23_13-19-07/Trafficlight_8,6,6,1.0,0,0.0,1,0.0,yolo12n,lowlight_l3
Koeln/Koeln2/2015-04-23_13-22-16/Trafficlight_5,16,11,0.6875,0,0.0,5,3.407327890396118,yolo12n,lowlight_l3
Koeln/Koeln2/2015-04-23_13-22-16/Trafficlight_6,14,14,1.0,0,0.0,14,11.05482292175293,yolo12n,lowlight_l3
Koeln/Koeln2/2015-04-23_13-26-00/Trafficlight_1,5,5,1.0,0,0.0,5,0.23670387268066406,yolo12n,lowlight_l3
Koeln/Koeln2/2015-04-23_13-26-00/Trafficlight_2,11,11,1.0,0,0.0,11,0.6478209495544434,yolo12n,lowlight_l3
Koeln/Koeln2/2015-04-23_13-27-52/Trafficlight_2,9,6,0.6666666666666666,0,0.0,5,2.591688871383667,yolo12n,lowlight_l3
Koeln/Koeln2/2015-04-23_13-27-52/Trafficlight_3,9,9,1.0,0,0.0,9,5.17716908454895,yolo12n,lowlight_l3
Koeln/Koeln2/2015-04-23_13-28-56/Trafficlight_1,1,1,1.0,0,0.0,1,0.0,yolo12n,lowlight_l3
Koeln/Koeln2/2015-04-23_13-28-56/Trafficlight_3,1,1,1.0,0,0.0,1,0.0,yolo12n,lowlight_l3
Koeln/Koeln2/2015-04-23_13-29-48/Trafficlight_1,17,14,0.8235294117647058,0,0.0,10,3.290839910507202,yolo12n,lowlight_l3
Koeln/Koeln2/2015-04-23_13-29-48/Trafficlight_2,13,12,0.9230769230769231,0,0.0,9,2.9374380111694336,yolo12n,lowlight_l3
Koeln/Koeln2/2015-04-23_13-29-48/Trafficlight_3,17,16,0.9411764705882353,0,0.0,15,5.173794984817505,yolo12n,lowlight_l3
Koeln/Koeln2/2015-04-23_13-30-07/Trafficlight_2,11,3,0.2727272727272727,0,0.0,3,1.1876580715179443,yolo12n,lowlight_l3
Koeln/Koeln2/2015-04-23_13-30-07/Trafficlight_3,14,6,0.42857142857142855,0,0.0,3,1.1876580715179443,yolo12n,lowlight_l3
Koeln/Koeln2/2015-04-23_13-30-57/Trafficlight_3,10,6,0.6,0,0.0,6,3.7619569301605225,yolo12n,lowlight_l3
Koeln/Koeln2/2015-04-23_13-30-57/Trafficlight_4,12,8,0.6666666666666666,0,0.0,5,3.0567848682403564,yolo12n,lowlight_l3
Essen/Essen2/2015-04-22_11-54-56/Trafficlight_1,16,1,0.0625,0,0.0,1,0.0,yolov8n,motionblur_l1
Essen/Essen2/2015-04-22_11-54-56/Trafficlight_2,12,3,0.25,0,0.0,1,0.0,yolov8n,motionblur_l1
Essen/Essen2/2015-04-22_11-55-29/Trafficlight_1,22,2,0.09090909090909091,0,0.0,2,0.3983139991760254,yolov8n,motionblur_l1
Essen/Essen2/2015-04-22_11-55-29/Trafficlight_2,15,2,0.13333333333333333,0,0.0,2,0.3983139991760254,yolov8n,motionblur_l1
Essen/Essen2/2015-04-22_11-55-29/Trafficlight_3,21,1,0.047619047619047616,0,0.0,1,0.0,yolov8n,motionblur_l1
Essen/Essen2/2015-04-22_11-58-40/Trafficlight_1,1,0,0.0,0,0.0,0,0.0,yolov8n,motionblur_l1
Essen/Essen2/2015-04-22_11-58-40/Trafficlight_2,1,0,0.0,0,0.0,0,0.0,yolov8n,motionblur_l1
Essen/Essen2/2015-04-22_11-59-47/Trafficlight_1,14,8,0.5714285714285714,0,0.0,7,6.333770036697388,yolov8n,motionblur_l1
Essen/Essen2/2015-04-22_11-59-47/Trafficlight_2,18,0,0.0,0,0.0,0,0.0,yolov8n,motionblur_l1
Essen/Essen2/2015-04-22_11-59-47/Trafficlight_3,21,16,0.7619047619047619,1,0.047619047619047616,7,3.1991729736328125,yolov8n,motionblur_l1
Essen/Essen2/2015-04-22_12-00-12/Trafficlight_1,12,4,0.3333333333333333,0,0.0,3,0.5360829830169678,yolov8n,motionblur_l1
Essen/Essen2/2015-04-22_12-00-12/Trafficlight_2,12,7,0.5833333333333334,0,0.0,7,1.602142095565796,yolov8n,motionblur_l1
Essen/Essen2/2015-04-22_12-00-12/Trafficlight_3,18,5,0.2777777777777778,0,0.0,4,0.8018250465393066,yolov8n,motionblur_l1
Essen/Essen2/2015-04-22_12-00-50/Trafficlight_1,8,2,0.25,0,0.0,2,1.7361540794372559,yolov8n,motionblur_l1
Essen/Essen2/2015-04-22_12-00-50/Trafficlight_2,4,0,0.0,0,0.0,0,0.0,yolov8n,motionblur_l1
Essen/Essen2/2015-04-22_12-00-50/Trafficlight_3,7,1,0.14285714285714285,0,0.0,1,0.0,yolov8n,motionblur_l1
Essen/Essen2/2015-04-22_12-03-07/Trafficlight_7,1,1,1.0,0,0.0,1,0.0,yolov8n,motionblur_l1
Essen/Essen2/2015-04-22_12-03-07/Trafficlight_8,1,1,1.0,0,0.0,1,0.0,yolov8n,motionblur_l1
Essen/Essen2/2015-04-22_12-03-17/Trafficlight_1,11,11,1.0,0,0.0,11,3.3990509510040283,yolov8n,motionblur_l1
Essen/Essen2/2015-04-22_12-03-17/Trafficlight_2,11,10,0.9090909090909091,0,0.0,10,3.064750909805298,yolov8n,motionblur_l1
Essen/Essen2/2015-04-22_12-03-17/Trafficlight_3,10,7,0.7,0,0.0,5,1.400094985961914,yolov8n,motionblur_l1
Essen/Essen2/2015-04-22_12-03-17/Trafficlight_4,2,2,1.0,0,0.0,2,0.33318114280700684,yolov8n,motionblur_l1
Essen/Essen2/2015-04-22_12-04-52/Trafficlight_1,18,12,0.6666666666666666,0,0.0,5,1.3298230171203613,yolov8n,motionblur_l1
Essen/Essen2/2015-04-22_12-04-52/Trafficlight_5,6,6,1.0,0,0.0,6,1.664518117904663,yolov8n,motionblur_l1
Essen/Essen2/2015-04-22_12-07-48/Trafficlight_1,7,6,0.8571428571428571,0,0.0,6,1.6647939682006836,yolov8n,motionblur_l1
Essen/Essen2/2015-04-22_12-07-48/Trafficlight_2,7,1,0.14285714285714285,0,0.0,1,0.0,yolov8n,motionblur_l1
Essen/Essen2/2015-04-22_12-07-48/Trafficlight_3,7,6,0.8571428571428571,0,0.0,3,0.6662139892578125,yolov8n,motionblur_l1
Essen/Essen2/2015-04-22_12-10-46/Trafficlight_2,10,0,0.0,1,0.1,0,0.0,yolov8n,motionblur_l1
Essen/Essen2/2015-04-22_12-10-46/Trafficlight_3,16,4,0.25,0,0.0,3,2.002890110015869,yolov8n,motionblur_l1
Essen/Essen2/2015-04-22_12-10-46/Trafficlight_1,13,6,0.46153846153846156,0,0.0,4,3.0016729831695557,yolov8n,motionblur_l1
Essen/Essen2/2015-04-22_12-12-38/Trafficlight_1,14,6,0.42857142857142855,0,0.0,4,1.1328468322753906,yolov8n,motionblur_l1
Essen/Essen2/2015-04-22_12-12-38/Trafficlight_2,16,4,0.25,0,0.0,3,0.7337789535522461,yolov8n,motionblur_l1
Essen/Essen2/2015-04-22_12-14-33/Trafficlight_1,5,2,0.4,0,0.0,1,0.0,yolov8n,motionblur_l1
Essen/Essen2/2015-04-22_12-14-33/Trafficlight_2,4,0,0.0,0,0.0,0,0.0,yolov8n,motionblur_l1
Essen/Essen2/2015-04-22_12-14-33/Trafficlight_3,5,3,0.6,0,0.0,3,0.8670551776885986,yolov8n,motionblur_l1
Essen/Essen2/2015-04-22_12-16-21/Trafficlight_1,16,1,0.0625,0,0.0,1,0.0,yolov8n,motionblur_l1
Essen/Essen2/2015-04-22_12-16-21/Trafficlight_2,12,4,0.3333333333333333,0,0.0,3,0.7985739707946777,yolov8n,motionblur_l1
Essen/Essen2/2015-04-22_12-17-10/Trafficlight_2,9,9,1.0,0,0.0,9,5.531995058059692,yolov8n,motionblur_l1
Essen/Essen2/2015-04-22_12-17-10/Trafficlight_1,17,8,0.47058823529411764,0,0.0,7,4.1340460777282715,yolov8n,motionblur_l1
Essen/Essen2/2015-04-22_12-17-10/Trafficlight_3,13,9,0.6923076923076923,0,0.0,7,4.13326096534729,yolov8n,motionblur_l1
Essen/Essen3/2015-04-22_12-21-40/Trafficlight_2,20,12,0.6,0,0.0,10,1.8004460334777832,yolov8n,motionblur_l1
Essen/Essen3/2015-04-22_12-21-40/Trafficlight_3,1,1,1.0,0,0.0,1,0.0,yolov8n,motionblur_l1
Essen/Essen3/2015-04-22_12-22-11/Trafficlight_2,4,4,1.0,0,0.0,4,2.125485897064209,yolov8n,motionblur_l1
Essen/Essen3/2015-04-22_12-22-11/Trafficlight_3,6,0,0.0,0,0.0,0,0.0,yolov8n,motionblur_l1
Essen/Essen3/2015-04-22_12-22-11/Trafficlight_4,11,1,0.09090909090909091,0,0.0,1,0.0,yolov8n,motionblur_l1
Essen/Essen3/2015-04-22_12-24-28/Trafficlight_1,5,3,0.6,0,0.0,2,1.0009028911590576,yolov8n,motionblur_l1
Essen/Essen3/2015-04-22_12-24-28/Trafficlight_2,5,1,0.2,0,0.0,1,0.0,yolov8n,motionblur_l1
Essen/Essen3/2015-04-22_12-24-28/Trafficlight_3,2,0,0.0,0,0.0,0,0.0,yolov8n,motionblur_l1
Essen/Essen3/2015-04-22_12-28-48/Trafficlight_1,20,6,0.3,0,0.0,5,2.132366895675659,yolov8n,motionblur_l1
Essen/Essen3/2015-04-22_12-28-48/Trafficlight_5,10,7,0.7,0,0.0,7,3.199968099594116,yolov8n,motionblur_l1
Essen/Essen3/2015-04-22_12-31-21/Trafficlight_4,1,1,1.0,0,0.0,1,0.0,yolov8n,motionblur_l1
Essen/Essen3/2015-04-22_12-31-56/Trafficlight_1,8,5,0.625,0,0.0,2,0.13503599166870117,yolov8n,motionblur_l1
Essen/Essen3/2015-04-22_12-31-56/Trafficlight_2,19,4,0.21052631578947367,0,0.0,4,0.3945958614349365,yolov8n,motionblur_l1
Essen/Essen3/2015-04-22_12-31-56/Trafficlight_3,9,5,0.5555555555555556,0,0.0,5,5.198945999145508,yolov8n,motionblur_l1
Essen/Essen3/2015-04-22_12-31-56/Trafficlight_4,9,2,0.2222222222222222,0,0.0,2,1.2657849788665771,yolov8n,motionblur_l1
Essen/Essen3/2015-04-22_12-31-56/Trafficlight_16,8,0,0.0,0,0.0,0,0.0,yolov8n,motionblur_l1
Essen/Essen3/2015-04-22_12-31-56/Trafficlight_17,6,0,0.0,0,0.0,0,0.0,yolov8n,motionblur_l1
Essen/Essen3/2015-04-22_12-31-56/Trafficlight_18,10,0,0.0,0,0.0,0,0.0,yolov8n,motionblur_l1
Fulda/Fulda2/2015-05-15_18-00-09/Trafficlight_1,10,0,0.0,0,0.0,0,0.0,yolov8n,motionblur_l1
Fulda/Fulda2/2015-05-15_18-00-09/Trafficlight_7,3,0,0.0,0,0.0,0,0.0,yolov8n,motionblur_l1
Fulda/Fulda2/2015-05-15_18-00-57/Trafficlight_1,14,2,0.14285714285714285,0,0.0,2,0.5875608921051025,yolov8n,motionblur_l1
Fulda/Fulda2/2015-05-15_18-00-57/Trafficlight_2,10,1,0.1,0,0.0,1,0.0,yolov8n,motionblur_l1
Fulda/Fulda2/2015-05-15_18-00-57/Trafficlight_3,10,0,0.0,0,0.0,0,0.0,yolov8n,motionblur_l1
Fulda/Fulda2/2015-05-15_18-01-58/Trafficlight_14,3,3,1.0,0,0.0,3,1.1750850677490234,yolov8n,motionblur_l1
Fulda/Fulda2/2015-05-15_18-03-39/Trafficlight_5,11,2,0.18181818181818182,0,0.0,1,0.0,yolov8n,motionblur_l1
Fulda/Fulda2/2015-05-15_18-03-39/Trafficlight_6,7,0,0.0,0,0.0,0,0.0,yolov8n,motionblur_l1
Fulda/Fulda2/2015-05-15_18-03-39/Trafficlight_7,11,1,0.09090909090909091,0,0.0,1,0.0,yolov8n,motionblur_l1
Fulda/Fulda2/2015-05-15_18-04-24/Trafficlight_2,15,0,0.0,0,0.0,0,0.0,yolov8n,motionblur_l1
Fulda/Fulda2/2015-05-15_18-05-38/Trafficlight_1,16,1,0.0625,0,0.0,1,0.0,yolov8n,motionblur_l1
Fulda/Fulda2/2015-05-15_18-05-38/Trafficlight_7,14,3,0.21428571428571427,0,0.0,3,1.176785945892334,yolov8n,motionblur_l1
Fulda/Fulda2/2015-05-15_18-05-38/Trafficlight_12,7,7,1.0,0,0.0,4,1.763545036315918,yolov8n,motionblur_l1
Fulda/Fulda2/2015-05-15_18-07-04/Trafficlight_2,7,2,0.2857142857142857,0,0.0,2,0.5888309478759766,yolov8n,motionblur_l1
Fulda/Fulda2/2015-05-15_18-07-04/Trafficlight_3,10,1,0.1,0,0.0,1,0.0,yolov8n,motionblur_l1
Fulda/Fulda2/2015-05-15_18-07-04/Trafficlight_14,2,2,1.0,0,0.0,2,0.5877358913421631,yolov8n,motionblur_l1
Fulda/Fulda2/2015-05-15_18-07-37/Trafficlight_2,2,0,0.0,0,0.0,0,0.0,yolov8n,motionblur_l1
Fulda/Fulda2/2015-05-15_18-07-37/Trafficlight_3,3,0,0.0,0,0.0,0,0.0,yolov8n,motionblur_l1
Fulda/Fulda2/2015-05-15_18-08-11/Trafficlight_1,8,0,0.0,0,0.0,0,0.0,yolov8n,motionblur_l1
Fulda/Fulda2/2015-05-15_18-08-11/Trafficlight_2,8,0,0.0,0,0.0,0,0.0,yolov8n,motionblur_l1
Fulda/Fulda2/2015-05-15_18-09-21/Trafficlight_1,14,7,0.5,0,0.0,3,1.176116943359375,yolov8n,motionblur_l1
Fulda/Fulda2/2015-05-15_18-09-21/Trafficlight_2,5,1,0.2,0,0.0,1,0.0,yolov8n,motionblur_l1
Fulda/Fulda2/2015-05-15_18-11-25/Trafficlight_1,14,2,0.14285714285714285,0,0.0,1,0.0,yolov8n,motionblur_l1
Fulda/Fulda2/2015-05-15_18-11-25/Trafficlight_2,9,0,0.0,0,0.0,0,0.0,yolov8n,motionblur_l1
Fulda/Fulda2/2015-05-15_18-11-25/Trafficlight_3,12,0,0.0,0,0.0,0,0.0,yolov8n,motionblur_l1
Fulda/Fulda2/2015-05-15_18-12-26/Trafficlight_12,1,1,1.0,0,0.0,1,0.0,yolov8n,motionblur_l1
Fulda/Fulda2/2015-05-15_18-12-26/Trafficlight_13,1,1,1.0,0,0.0,1,0.0,yolov8n,motionblur_l1
Fulda/Fulda2/2015-05-15_18-13-56/Trafficlight_2,3,3,1.0,0,0.0,3,1.1754150390625,yolov8n,motionblur_l1
Fulda/Fulda2/2015-05-15_18-13-56/Trafficlight_3,3,2,0.6666666666666666,0,0.0,1,0.0,yolov8n,motionblur_l1
Fulda/Fulda2/2015-05-15_18-13-56/Trafficlight_4,4,4,1.0,0,0.0,4,1.76487398147583,yolov8n,motionblur_l1
Hannover/Hannover4/2015-04-20_13-51-29/Trafficlight_7,20,20,1.0,0,0.0,20,5.936743974685669,yolov8n,motionblur_l1
Hannover/Hannover4/2015-04-20_13-51-36/Trafficlight_4,20,20,1.0,0,0.0,20,1.467405080795288,yolov8n,motionblur_l1
Hannover/Hannover4/2015-04-20_13-51-36/Trafficlight_6,10,10,1.0,0,0.0,10,0.6674211025238037,yolov8n,motionblur_l1
Hannover/Hannover4/2015-04-20_13-51-40/Trafficlight_2,20,7,0.35,0,0.0,2,0.6651110649108887,yolov8n,motionblur_l1
Hannover/Hannover4/2015-04-20_13-51-40/Trafficlight_1,18,15,0.8333333333333334,0,0.0,10,5.602406024932861,yolov8n,motionblur_l1
Hannover/Hannover4/2015-04-20_13-51-40/Trafficlight_3,19,13,0.6842105263157895,0,0.0,8,4.331387042999268,yolov8n,motionblur_l1
Hannover/Hannover4/2015-04-20_13-54-28/Trafficlight_2,4,0,0.0,0,0.0,0,0.0,yolov8n,motionblur_l1
Hannover/Hannover4/2015-04-20_13-54-28/Trafficlight_3,13,5,0.38461538461538464,0,0.0,2,1.8680229187011719,yolov8n,motionblur_l1
Hannover/Hannover4/2015-04-20_13-54-28/Trafficlight_7,5,5,1.0,0,0.0,5,3.7315638065338135,yolov8n,motionblur_l1
Hannover/Hannover4/2015-04-20_13-56-44/Trafficlight_3,12,0,0.0,0,0.0,0,0.0,yolov8n,motionblur_l1
Hannover/Hannover4/2015-04-20_13-56-44/Trafficlight_4,19,2,0.10526315789473684,0,0.0,1,0.0,yolov8n,motionblur_l1
Hannover/Hannover4/2015-04-20_13-57-56/Trafficlight_4,19,19,1.0,0,0.0,19,1.1975510120391846,yolov8n,motionblur_l1
Hannover/Hannover4/2015-04-20_13-58-03/Trafficlight_3,16,3,0.1875,0,0.0,2,0.6680610179901123,yolov8n,motionblur_l1
Hannover/Hannover4/2015-04-20_13-58-03/Trafficlight_4,23,7,0.30434782608695654,0,0.0,2,0.6670300960540771,yolov8n,motionblur_l1
Hannover/Hannover4/2015-04-20_13-59-27/Trafficlight_1,20,6,0.3,0,0.0,2,0.07178902626037598,yolov8n,motionblur_l1
Hannover/Hannover4/2015-04-20_14-00-12/Trafficlight_1,26,12,0.46153846153846156,0,0.0,7,3.5343780517578125,yolov8n,motionblur_l1
Hannover/Hannover4/2015-04-20_14-00-12/Trafficlight_2,29,2,0.06896551724137931,0,0.0,1,0.0,yolov8n,motionblur_l1
Hannover/Hannover4/2015-04-20_14-00-12/Trafficlight_3,9,0,0.0,0,0.0,0,0.0,yolov8n,motionblur_l1
Hannover/Hannover4/2015-04-20_14-01-01/Trafficlight_2,20,0,0.0,0,0.0,0,0.0,yolov8n,motionblur_l1
Hannover/Hannover4/2015-04-20_14-01-01/Trafficlight_1,20,6,0.3,0,0.0,4,2.601433038711548,yolov8n,motionblur_l1
Hannover/Hannover4/2015-04-20_14-02-07/Trafficlight_4,20,20,1.0,0,0.0,20,5.469353914260864,yolov8n,motionblur_l1
Hannover/Hannover4/2015-04-20_14-02-24/Trafficlight_2,8,1,0.125,0,0.0,1,0.0,yolov8n,motionblur_l1
Hannover/Hannover4/2015-04-20_14-02-24/Trafficlight_3,10,7,0.7,0,0.0,2,0.33057594299316406,yolov8n,motionblur_l1
Hannover/Hannover4/2015-04-20_14-02-24/Trafficlight_1,9,4,0.4444444444444444,0,0.0,2,0.33016204833984375,yolov8n,motionblur_l1
Hannover/Hannover4/2015-04-20_14-02-24/Trafficlight_5,1,1,1.0,0,0.0,1,0.0,yolov8n,motionblur_l1
Hannover/Hannover4/2015-04-20_14-04-24/Trafficlight_3,6,5,0.8333333333333334,0,0.0,4,1.6685810089111328,yolov8n,motionblur_l1
Hannover/Hannover4/2015-04-20_14-04-24/Trafficlight_4,4,1,0.25,0,0.0,1,0.0,yolov8n,motionblur_l1
Hannover/Hannover4/2015-04-20_14-04-24/Trafficlight_5,14,7,0.5,0,0.0,6,2.8010809421539307,yolov8n,motionblur_l1
Hannover/Hannover4/2015-04-20_14-05-57/Trafficlight_2,12,1,0.08333333333333333,0,0.0,1,0.0,yolov8n,motionblur_l1
Hannover/Hannover4/2015-04-20_14-05-57/Trafficlight_1,7,4,0.5714285714285714,0,0.0,3,1.7996389865875244,yolov8n,motionblur_l1
Hannover/Hannover4/2015-04-20_14-05-57/Trafficlight_3,17,2,0.11764705882352941,0,0.0,2,0.8647990226745605,yolov8n,motionblur_l1
Hannover/Hannover4/2015-04-20_14-06-51/Trafficlight_2,15,3,0.2,0,0.0,3,1.0671968460083008,yolov8n,motionblur_l1
Hannover/Hannover4/2015-04-20_14-06-51/Trafficlight_1,18,4,0.2222222222222222,0,0.0,1,0.0,yolov8n,motionblur_l1
Hannover/Hannover4/2015-04-20_14-06-51/Trafficlight_3,18,3,0.16666666666666666,0,0.0,2,0.5323829650878906,yolov8n,motionblur_l1
Hannover/Hannover4/2015-04-20_14-08-36/Trafficlight_4,10,1,0.1,0,0.0,1,0.0,yolov8n,motionblur_l1
Hannover/Hannover4/2015-04-20_14-08-36/Trafficlight_5,20,1,0.05,0,0.0,1,0.0,yolov8n,motionblur_l1
Hannover/Hannover4/2015-04-20_14-08-36/Trafficlight_3,9,5,0.5555555555555556,0,0.0,5,1.4003751277923584,yolov8n,motionblur_l1
Hannover/Hannover4/2015-04-20_14-09-52/Trafficlight_1,20,0,0.0,0,0.0,0,0.0,yolov8n,motionblur_l1
Hannover/Hannover4/2015-04-20_14-09-52/Trafficlight_2,20,4,0.2,0,0.0,4,1.4011199474334717,yolov8n,motionblur_l1
Hannover/Hannover4/2015-04-20_14-11-20/Trafficlight_1,12,1,0.08333333333333333,0,0.0,1,0.0,yolov8n,motionblur_l1
Hannover/Hannover4/2015-04-20_14-11-20/Trafficlight_3,3,2,0.6666666666666666,0,0.0,2,0.4687631130218506,yolov8n,motionblur_l1
Hannover/Hannover4/2015-04-20_14-12-16/Trafficlight_4,7,7,1.0,0,0.0,7,2.398069143295288,yolov8n,motionblur_l1
Hannover/Hannover4/2015-04-20_14-12-16/Trafficlight_5,7,7,1.0,0,0.0,7,2.398069143295288,yolov8n,motionblur_l1
Hannover/Hannover4/2015-04-20_14-12-16/Trafficlight_6,20,20,1.0,0,0.0,20,7.598844051361084,yolov8n,motionblur_l1
Hannover/Hannover4/2015-04-20_14-16-02/Trafficlight_2,14,5,0.35714285714285715,0,0.0,2,0.6692650318145752,yolov8n,motionblur_l1
Hannover/Hannover4/2015-04-20_14-16-02/Trafficlight_3,19,6,0.3157894736842105,0,0.0,4,1.8674218654632568,yolov8n,motionblur_l1
Hannover/Hannover4/2015-04-20_14-16-02/Trafficlight_1,8,6,0.75,0,0.0,4,1.8674218654632568,yolov8n,motionblur_l1
Hannover/Hannover4/2015-04-20_14-17-12/Trafficlight_2,20,2,0.1,0,0.0,2,0.33080101013183594,yolov8n,motionblur_l1
Hannover/Hannover4/2015-04-20_14-17-12/TrafficLight_6,20,11,0.55,0,0.0,3,0.6680769920349121,yolov8n,motionblur_l1
Hannover/Hannover4/2015-04-20_14-31-46/Trafficlight_3,4,0,0.0,0,0.0,0,0.0,yolov8n,motionblur_l1
Hannover/Hannover4/2015-04-20_14-31-46/Trafficlight_4,8,0,0.0,0,0.0,0,0.0,yolov8n,motionblur_l1
Hannover/Hannover4/2015-04-20_14-31-46/Trafficlight_2,9,6,0.6666666666666666,0,0.0,5,2.6008529663085938,yolov8n,motionblur_l1
Hannover/Hannover4/2015-04-20_14-32-25/Trafficlight_3,14,1,0.07142857142857142,0,0.0,1,0.0,yolov8n,motionblur_l1
Hannover/Hannover4/2015-04-20_14-32-25/Trafficlight_4,20,11,0.55,0,0.0,11,5.531659841537476,yolov8n,motionblur_l1
Hannover/Hannover4/2015-04-20_14-33-38/Trafficlight_2,6,1,0.16666666666666666,0,0.0,1,0.0,yolov8n,motionblur_l1
Hannover/Hannover4/2015-04-20_14-33-38/Trafficlight_3,20,0,0.0,0,0.0,0,0.0,yolov8n,motionblur_l1
Koeln/Koeln2/2015-04-23_12-31-31/Trafficlight_1,2,0,0.0,0,0.0,0,0.0,yolov8n,motionblur_l1
Koeln/Koeln2/2015-04-23_12-31-31/Trafficlight_2,2,1,0.5,0,0.0,1,0.0,yolov8n,motionblur_l1
Koeln/Koeln2/2015-04-23_12-31-31/Trafficlight_3,2,2,1.0,0,0.0,2,0.47226786613464355,yolov8n,motionblur_l1
Koeln/Koeln2/2015-04-23_12-33-22/Trafficlight_19,1,1,1.0,0,0.0,1,0.0,yolov8n,motionblur_l1
Koeln/Koeln2/2015-04-23_12-54-40/Trafficlight_3,9,5,0.5555555555555556,0,0.0,5,3.414505958557129,yolov8n,motionblur_l1
Koeln/Koeln2/2015-04-23_12-54-40/Trafficlight_4,9,6,0.6666666666666666,1,0.1111111111111111,4,2.5870490074157715,yolov8n,motionblur_l1
Koeln/Koeln2/2015-04-23_12-55-44/Trafficlight_3,8,4,0.5,0,0.0,3,1.5286929607391357,yolov8n,motionblur_l1
Koeln/Koeln2/2015-04-23_12-55-44/Trafficlight_1,8,5,0.625,0,0.0,4,2.2907629013061523,yolov8n,motionblur_l1
Koeln/Koeln2/2015-04-23_12-55-44/Trafficlight_2,7,5,0.7142857142857143,0,0.0,5,3.055912971496582,yolov8n,motionblur_l1
Koeln/Koeln2/2015-04-23_12-56-08/Trafficlight_2,11,0,0.0,0,0.0,0,0.0,yolov8n,motionblur_l1
Koeln/Koeln2/2015-04-23_12-56-08/Trafficlight_1,20,8,0.4,0,0.0,8,6.172895908355713,yolov8n,motionblur_l1
Koeln/Koeln2/2015-04-23_12-56-08/Trafficlight_3,15,1,0.06666666666666667,0,0.0,1,0.0,yolov8n,motionblur_l1
Koeln/Koeln2/2015-04-23_12-58-12/Trafficlight_1,20,14,0.7,0,0.0,7,5.819998025894165,yolov8n,motionblur_l1
Koeln/Koeln2/2015-04-23_12-58-12/Trafficlight_2,20,0,0.0,0,0.0,0,0.0,yolov8n,motionblur_l1
Koeln/Koeln2/2015-04-23_13-03-59/Trafficlight_2,5,5,1.0,0,0.0,5,2.116795063018799,yolov8n,motionblur_l1
Koeln/Koeln2/2015-04-23_13-03-59/Trafficlight_3,7,0,0.0,0,0.0,0,0.0,yolov8n,motionblur_l1
Koeln/Koeln2/2015-04-23_13-05-35/Trafficlight_4,3,0,0.0,0,0.0,0,0.0,yolov8n,motionblur_l1
Koeln/Koeln2/2015-04-23_13-05-35/Trafficlight_5,4,0,0.0,0,0.0,0,0.0,yolov8n,motionblur_l1
Koeln/Koeln2/2015-04-23_13-10-19/Trafficlight_1,3,0,0.0,0,0.0,0,0.0,yolov8n,motionblur_l1
Koeln/Koeln2/2015-04-23_13-10-19/Trafficlight_3,5,0,0.0,0,0.0,0,0.0,yolov8n,motionblur_l1
Koeln/Koeln2/2015-04-23_13-10-19/Trafficlight_7,6,6,1.0,0,0.0,4,2.4686670303344727,yolov8n,motionblur_l1
Koeln/Koeln2/2015-04-23_13-10-19/Trafficlight_8,6,6,1.0,0,0.0,4,2.4686670303344727,yolov8n,motionblur_l1
Koeln/Koeln2/2015-04-23_13-11-46/Trafficlight_1,5,5,1.0,0,0.0,5,4.520406007766724,yolov8n,motionblur_l1
Koeln/Koeln2/2015-04-23_13-11-46/Trafficlight_3,7,4,0.5714285714285714,0,0.0,3,2.4709131717681885,yolov8n,motionblur_l1
Koeln/Koeln2/2015-04-23_13-15-36/Trafficlight_4,13,13,1.0,0,0.0,13,6.585233926773071,yolov8n,motionblur_l1
Koeln/Koeln2/2015-04-23_13-15-36/Trafficlight_5,2,2,1.0,0,0.0,2,0.7070450782775879,yolov8n,motionblur_l1
Koeln/Koeln2/2015-04-23_13-15-59/Trafficlight_4,15,0,0.0,0,0.0,0,0.0,yolov8n,motionblur_l1
Koeln/Koeln2/2015-04-23_13-15-59/Trafficlight_3,7,0,0.0,0,0.0,0,0.0,yolov8n,motionblur_l1
Koeln/Koeln2/2015-04-23_13-16-45/Trafficlight_5,2,0,0.0,0,0.0,0,0.0,yolov8n,motionblur_l1
Koeln/Koeln2/2015-04-23_13-18-13/Trafficlight_4,7,6,0.8571428571428571,0,0.0,3,0.704395055770874,yolov8n,motionblur_l1
Koeln/Koeln2/2015-04-23_13-18-13/Trafficlight_5,12,8,0.6666666666666666,0,0.0,5,1.4112780094146729,yolov8n,motionblur_l1
Koeln/Koeln2/2015-04-23_13-18-13/Trafficlight_6,13,1,0.07692307692307693,0,0.0,1,0.0,yolov8n,motionblur_l1
Koeln/Koeln2/2015-04-23_13-18-13/Trafficlight_7,19,0,0.0,0,0.0,0,0.0,yolov8n,motionblur_l1
Koeln/Koeln2/2015-04-23_13-19-07/Trafficlight_1,12,0,0.0,0,0.0,0,0.0,yolov8n,motionblur_l1
Koeln/Koeln2/2015-04-23_13-19-07/Trafficlight_2,4,1,0.25,0,0.0,1,0.0,yolov8n,motionblur_l1
Koeln/Koeln2/2015-04-23_13-19-07/Trafficlight_3,5,0,0.0,0,0.0,0,0.0,yolov8n,motionblur_l1
Koeln/Koeln2/2015-04-23_13-19-07/Trafficlight_6,12,6,0.5,0,0.0,1,0.0,yolov8n,motionblur_l1
Koeln/Koeln2/2015-04-23_13-19-07/Trafficlight_7,5,0,0.0,0,0.0,0,0.0,yolov8n,motionblur_l1
Koeln/Koeln2/2015-04-23_13-19-07/Trafficlight_8,6,1,0.16666666666666666,0,0.0,1,0.0,yolov8n,motionblur_l1
Koeln/Koeln2/2015-04-23_13-22-16/Trafficlight_5,16,9,0.5625,0,0.0,5,3.4122068881988525,yolov8n,motionblur_l1
Koeln/Koeln2/2015-04-23_13-22-16/Trafficlight_6,14,5,0.35714285714285715,0,0.0,3,1.7008659839630127,yolov8n,motionblur_l1
Koeln/Koeln2/2015-04-23_13-26-00/Trafficlight_1,5,5,1.0,0,0.0,5,0.23670387268066406,yolov8n,motionblur_l1
Koeln/Koeln2/2015-04-23_13-26-00/Trafficlight_2,11,2,0.18181818181818182,2,0.18181818181818182,1,0.0,yolov8n,motionblur_l1
Koeln/Koeln2/2015-04-23_13-27-52/Trafficlight_2,9,0,0.0,0,0.0,0,0.0,yolov8n,motionblur_l1
Koeln/Koeln2/2015-04-23_13-27-52/Trafficlight_3,9,0,0.0,0,0.0,0,0.0,yolov8n,motionblur_l1
Koeln/Koeln2/2015-04-23_13-28-56/Trafficlight_1,1,0,0.0,0,0.0,0,0.0,yolov8n,motionblur_l1
Koeln/Koeln2/2015-04-23_13-28-56/Trafficlight_3,1,0,0.0,0,0.0,0,0.0,yolov8n,motionblur_l1
Koeln/Koeln2/2015-04-23_13-29-48/Trafficlight_1,17,0,0.0,0,0.0,0,0.0,yolov8n,motionblur_l1
Koeln/Koeln2/2015-04-23_13-29-48/Trafficlight_2,13,1,0.07692307692307693,0,0.0,1,0.0,yolov8n,motionblur_l1
Koeln/Koeln2/2015-04-23_13-29-48/Trafficlight_3,17,6,0.35294117647058826,0,0.0,3,0.8205018043518066,yolov8n,motionblur_l1
Koeln/Koeln2/2015-04-23_13-30-07/Trafficlight_2,11,0,0.0,0,0.0,0,0.0,yolov8n,motionblur_l1
Koeln/Koeln2/2015-04-23_13-30-07/Trafficlight_3,14,0,0.0,0,0.0,0,0.0,yolov8n,motionblur_l1
Koeln/Koeln2/2015-04-23_13-30-57/Trafficlight_3,10,0,0.0,0,0.0,0,0.0,yolov8n,motionblur_l1
Koeln/Koeln2/2015-04-23_13-30-57/Trafficlight_4,12,1,0.08333333333333333,0,0.0,1,0.0,yolov8n,motionblur_l1
Essen/Essen2/2015-04-22_11-54-56/Trafficlight_1,16,0,0.0,0,0.0,0,0.0,yolo11n,motionblur_l1
Essen/Essen2/2015-04-22_11-54-56/Trafficlight_2,12,0,0.0,0,0.0,0,0.0,yolo11n,motionblur_l1
Essen/Essen2/2015-04-22_11-55-29/Trafficlight_1,22,3,0.13636363636363635,0,0.0,3,0.7990820407867432,yolo11n,motionblur_l1
Essen/Essen2/2015-04-22_11-55-29/Trafficlight_2,15,1,0.06666666666666667,0,0.0,1,0.0,yolo11n,motionblur_l1
Essen/Essen2/2015-04-22_11-55-29/Trafficlight_3,21,1,0.047619047619047616,0,0.0,1,0.0,yolo11n,motionblur_l1
Essen/Essen2/2015-04-22_11-58-40/Trafficlight_1,1,0,0.0,0,0.0,0,0.0,yolo11n,motionblur_l1
Essen/Essen2/2015-04-22_11-58-40/Trafficlight_2,1,0,0.0,0,0.0,0,0.0,yolo11n,motionblur_l1
Essen/Essen2/2015-04-22_11-59-47/Trafficlight_1,14,8,0.5714285714285714,0,0.0,7,6.333770036697388,yolo11n,motionblur_l1
Essen/Essen2/2015-04-22_11-59-47/Trafficlight_2,18,0,0.0,0,0.0,0,0.0,yolo11n,motionblur_l1
Essen/Essen2/2015-04-22_11-59-47/Trafficlight_3,21,5,0.23809523809523808,0,0.0,1,0.0,yolo11n,motionblur_l1
Essen/Essen2/2015-04-22_12-00-12/Trafficlight_1,12,3,0.25,0,0.0,2,0.27016210556030273,yolo11n,motionblur_l1
Essen/Essen2/2015-04-22_12-00-12/Trafficlight_2,12,4,0.3333333333333333,0,0.0,2,0.2679572105407715,yolo11n,motionblur_l1
Essen/Essen2/2015-04-22_12-00-12/Trafficlight_3,18,0,0.0,0,0.0,0,0.0,yolo11n,motionblur_l1
Essen/Essen2/2015-04-22_12-00-50/Trafficlight_1,8,0,0.0,0,0.0,0,0.0,yolo11n,motionblur_l1
Essen/Essen2/2015-04-22_12-00-50/Trafficlight_2,4,0,0.0,0,0.0,0,0.0,yolo11n,motionblur_l1
Essen/Essen2/2015-04-22_12-00-50/Trafficlight_3,7,2,0.2857142857142857,0,0.0,2,1.73030686378479,yolo11n,motionblur_l1
Essen/Essen2/2015-04-22_12-03-07/Trafficlight_7,1,1,1.0,0,0.0,1,0.0,yolo11n,motionblur_l1
Essen/Essen2/2015-04-22_12-03-07/Trafficlight_8,1,1,1.0,0,0.0,1,0.0,yolo11n,motionblur_l1
Essen/Essen2/2015-04-22_12-03-17/Trafficlight_1,11,11,1.0,0,0.0,11,3.3990509510040283,yolo11n,motionblur_l1
Essen/Essen2/2015-04-22_12-03-17/Trafficlight_2,11,7,0.6363636363636364,0,0.0,3,0.733691930770874,yolo11n,motionblur_l1
Essen/Essen2/2015-04-22_12-03-17/Trafficlight_3,10,2,0.2,0,0.0,2,0.3336198329925537,yolo11n,motionblur_l1
Essen/Essen2/2015-04-22_12-03-17/Trafficlight_4,2,2,1.0,0,0.0,2,0.33318114280700684,yolo11n,motionblur_l1
Essen/Essen2/2015-04-22_12-04-52/Trafficlight_1,18,13,0.7222222222222222,0,0.0,7,1.9981029033660889,yolo11n,motionblur_l1
Essen/Essen2/2015-04-22_12-04-52/Trafficlight_5,6,6,1.0,0,0.0,6,1.664518117904663,yolo11n,motionblur_l1
Essen/Essen2/2015-04-22_12-07-48/Trafficlight_1,7,7,1.0,0,0.0,7,1.999337911605835,yolo11n,motionblur_l1
Essen/Essen2/2015-04-22_12-07-48/Trafficlight_2,7,0,0.0,0,0.0,0,0.0,yolo11n,motionblur_l1
Essen/Essen2/2015-04-22_12-07-48/Trafficlight_3,7,5,0.7142857142857143,0,0.0,4,1.0008199214935303,yolo11n,motionblur_l1
Essen/Essen2/2015-04-22_12-10-46/Trafficlight_2,10,0,0.0,0,0.0,0,0.0,yolo11n,motionblur_l1
Essen/Essen2/2015-04-22_12-10-46/Trafficlight_3,16,5,0.3125,1,0.0625,5,4.073596000671387,yolo11n,motionblur_l1
Essen/Essen2/2015-04-22_12-10-46/Trafficlight_1,13,6,0.46153846153846156,0,0.0,4,3.0016729831695557,yolo11n,motionblur_l1
Essen/Essen2/2015-04-22_12-12-38/Trafficlight_1,14,2,0.14285714285714285,0,0.0,1,0.0,yolo11n,motionblur_l1
Essen/Essen2/2015-04-22_12-12-38/Trafficlight_2,16,0,0.0,0,0.0,0,0.0,yolo11n,motionblur_l1
Essen/Essen2/2015-04-22_12-14-33/Trafficlight_1,5,4,0.8,0,0.0,2,0.4685029983520508,yolo11n,motionblur_l1
Essen/Essen2/2015-04-22_12-14-33/Trafficlight_2,4,0,0.0,0,0.0,0,0.0,yolo11n,motionblur_l1
Essen/Essen2/2015-04-22_12-14-33/Trafficlight_3,5,4,0.8,0,0.0,2,0.4685029983520508,yolo11n,motionblur_l1
Essen/Essen2/2015-04-22_12-16-21/Trafficlight_1,16,2,0.125,0,0.0,2,0.3990049362182617,yolo11n,motionblur_l1
Essen/Essen2/2015-04-22_12-16-21/Trafficlight_2,12,3,0.25,1,0.08333333333333333,3,0.7985739707946777,yolo11n,motionblur_l1
Essen/Essen2/2015-04-22_12-17-10/Trafficlight_2,9,5,0.5555555555555556,0,0.0,4,2.070430040359497,yolo11n,motionblur_l1
Essen/Essen2/2015-04-22_12-17-10/Trafficlight_1,17,6,0.35294117647058826,0,0.0,6,3.3997910022735596,yolo11n,motionblur_l1
Essen/Essen2/2015-04-22_12-17-10/Trafficlight_3,13,5,0.38461538461538464,0,0.0,3,1.334702968597412,yolo11n,motionblur_l1
Essen/Essen3/2015-04-22_12-21-40/Trafficlight_2,20,8,0.4,0,0.0,6,1.000154972076416,yolo11n,motionblur_l1
Essen/Essen3/2015-04-22_12-21-40/Trafficlight_3,1,0,0.0,0,0.0,0,0.0,yolo11n,motionblur_l1
Essen/Essen3/2015-04-22_12-22-11/Trafficlight_2,4,3,0.75,0,0.0,2,0.7975540161132812,yolo11n,motionblur_l1
Essen/Essen3/2015-04-22_12-22-11/Trafficlight_3,6,0,0.0,0,0.0,0,0.0,yolo11n,motionblur_l1
Essen/Essen3/2015-04-22_12-22-11/Trafficlight_4,11,0,0.0,0,0.0,0,0.0,yolo11n,motionblur_l1
Essen/Essen3/2015-04-22_12-24-28/Trafficlight_1,5,5,1.0,0,0.0,5,3.932101011276245,yolo11n,motionblur_l1
Essen/Essen3/2015-04-22_12-24-28/Trafficlight_2,5,0,0.0,0,0.0,0,0.0,yolo11n,motionblur_l1
Essen/Essen3/2015-04-22_12-24-28/Trafficlight_3,2,0,0.0,0,0.0,0,0.0,yolo11n,motionblur_l1
Essen/Essen3/2015-04-22_12-28-48/Trafficlight_1,20,3,0.15,0,0.0,2,0.5334718227386475,yolo11n,motionblur_l1
Essen/Essen3/2015-04-22_12-28-48/Trafficlight_5,10,4,0.4,0,0.0,3,1.0639839172363281,yolo11n,motionblur_l1
Essen/Essen3/2015-04-22_12-31-21/Trafficlight_4,1,1,1.0,0,0.0,1,0.0,yolo11n,motionblur_l1
Essen/Essen3/2015-04-22_12-31-56/Trafficlight_1,8,5,0.625,0,0.0,5,0.5328969955444336,yolo11n,motionblur_l1
Essen/Essen3/2015-04-22_12-31-56/Trafficlight_2,19,0,0.0,0,0.0,0,0.0,yolo11n,motionblur_l1
Essen/Essen3/2015-04-22_12-31-56/Trafficlight_3,9,5,0.5555555555555556,0,0.0,5,5.198945999145508,yolo11n,motionblur_l1
Essen/Essen3/2015-04-22_12-31-56/Trafficlight_4,9,3,0.3333333333333333,0,0.0,3,2.59854793548584,yolo11n,motionblur_l1
Essen/Essen3/2015-04-22_12-31-56/Trafficlight_16,8,0,0.0,0,0.0,0,0.0,yolo11n,motionblur_l1
Essen/Essen3/2015-04-22_12-31-56/Trafficlight_17,6,0,0.0,0,0.0,0,0.0,yolo11n,motionblur_l1
Essen/Essen3/2015-04-22_12-31-56/Trafficlight_18,10,0,0.0,0,0.0,0,0.0,yolo11n,motionblur_l1
Fulda/Fulda2/2015-05-15_18-00-09/Trafficlight_1,10,0,0.0,0,0.0,0,0.0,yolo11n,motionblur_l1
Fulda/Fulda2/2015-05-15_18-00-09/Trafficlight_7,3,0,0.0,0,0.0,0,0.0,yolo11n,motionblur_l1
Fulda/Fulda2/2015-05-15_18-00-57/Trafficlight_1,14,0,0.0,0,0.0,0,0.0,yolo11n,motionblur_l1
Fulda/Fulda2/2015-05-15_18-00-57/Trafficlight_2,10,1,0.1,0,0.0,1,0.0,yolo11n,motionblur_l1
Fulda/Fulda2/2015-05-15_18-00-57/Trafficlight_3,10,0,0.0,2,0.2,0,0.0,yolo11n,motionblur_l1
Fulda/Fulda2/2015-05-15_18-01-58/Trafficlight_14,3,3,1.0,0,0.0,3,1.1750850677490234,yolo11n,motionblur_l1
Fulda/Fulda2/2015-05-15_18-03-39/Trafficlight_5,11,1,0.09090909090909091,0,0.0,1,0.0,yolo11n,motionblur_l1
Fulda/Fulda2/2015-05-15_18-03-39/Trafficlight_6,7,0,0.0,0,0.0,0,0.0,yolo11n,motionblur_l1
Fulda/Fulda2/2015-05-15_18-03-39/Trafficlight_7,11,1,0.09090909090909091,0,0.0,1,0.0,yolo11n,motionblur_l1
Fulda/Fulda2/2015-05-15_18-04-24/Trafficlight_2,15,4,0.26666666666666666,0,0.0,2,0.5911819934844971,yolo11n,motionblur_l1
Fulda/Fulda2/2015-05-15_18-05-38/Trafficlight_1,16,0,0.0,0,0.0,0,0.0,yolo11n,motionblur_l1
Fulda/Fulda2/2015-05-15_18-05-38/Trafficlight_7,14,2,0.14285714285714285,0,0.0,1,0.0,yolo11n,motionblur_l1
Fulda/Fulda2/2015-05-15_18-05-38/Trafficlight_12,7,7,1.0,0,0.0,4,1.763545036315918,yolo11n,motionblur_l1
Fulda/Fulda2/2015-05-15_18-07-04/Trafficlight_2,7,2,0.2857142857142857,0,0.0,2,0.5856060981750488,yolo11n,motionblur_l1
Fulda/Fulda2/2015-05-15_18-07-04/Trafficlight_3,10,4,0.4,0,0.0,2,0.5856060981750488,yolo11n,motionblur_l1
Fulda/Fulda2/2015-05-15_18-07-04/Trafficlight_14,2,2,1.0,0,0.0,2,0.5877358913421631,yolo11n,motionblur_l1
Fulda/Fulda2/2015-05-15_18-07-37/Trafficlight_2,2,0,0.0,0,0.0,0,0.0,yolo11n,motionblur_l1
Fulda/Fulda2/2015-05-15_18-07-37/Trafficlight_3,3,1,0.3333333333333333,0,0.0,1,0.0,yolo11n,motionblur_l1
Fulda/Fulda2/2015-05-15_18-08-11/Trafficlight_1,8,2,0.25,0,0.0,2,0.5901529788970947,yolo11n,motionblur_l1
Fulda/Fulda2/2015-05-15_18-08-11/Trafficlight_2,8,0,0.0,0,0.0,0,0.0,yolo11n,motionblur_l1
Fulda/Fulda2/2015-05-15_18-09-21/Trafficlight_1,14,6,0.42857142857142855,0,0.0,4,1.7659847736358643,yolo11n,motionblur_l1
Fulda/Fulda2/2015-05-15_18-09-21/Trafficlight_2,5,1,0.2,0,0.0,1,0.0,yolo11n,motionblur_l1
Fulda/Fulda2/2015-05-15_18-11-25/Trafficlight_1,14,1,0.07142857142857142,0,0.0,1,0.0,yolo11n,motionblur_l1
Fulda/Fulda2/2015-05-15_18-11-25/Trafficlight_2,9,0,0.0,0,0.0,0,0.0,yolo11n,motionblur_l1
Fulda/Fulda2/2015-05-15_18-11-25/Trafficlight_3,12,0,0.0,0,0.0,0,0.0,yolo11n,motionblur_l1
Fulda/Fulda2/2015-05-15_18-12-26/Trafficlight_12,1,1,1.0,0,0.0,1,0.0,yolo11n,motionblur_l1
Fulda/Fulda2/2015-05-15_18-12-26/Trafficlight_13,1,1,1.0,0,0.0,1,0.0,yolo11n,motionblur_l1
Fulda/Fulda2/2015-05-15_18-13-56/Trafficlight_2,3,2,0.6666666666666666,0,0.0,2,0.5888731479644775,yolo11n,motionblur_l1
Fulda/Fulda2/2015-05-15_18-13-56/Trafficlight_3,3,2,0.6666666666666666,0,0.0,2,0.5888731479644775,yolo11n,motionblur_l1
Fulda/Fulda2/2015-05-15_18-13-56/Trafficlight_4,4,3,0.75,0,0.0,3,1.1783320903778076,yolo11n,motionblur_l1
Hannover/Hannover4/2015-04-20_13-51-29/Trafficlight_7,20,20,1.0,0,0.0,20,5.936743974685669,yolo11n,motionblur_l1
Hannover/Hannover4/2015-04-20_13-51-36/Trafficlight_4,20,20,1.0,0,0.0,20,1.467405080795288,yolo11n,motionblur_l1
Hannover/Hannover4/2015-04-20_13-51-36/Trafficlight_6,10,10,1.0,0,0.0,10,0.6674211025238037,yolo11n,motionblur_l1
Hannover/Hannover4/2015-04-20_13-51-40/Trafficlight_2,20,3,0.15,0,0.0,2,0.6010279655456543,yolo11n,motionblur_l1
Hannover/Hannover4/2015-04-20_13-51-40/Trafficlight_1,18,17,0.9444444444444444,0,0.0,13,8.66636610031128,yolo11n,motionblur_l1
Hannover/Hannover4/2015-04-20_13-51-40/Trafficlight_3,19,12,0.631578947368421,0,0.0,8,4.331387042999268,yolo11n,motionblur_l1
Hannover/Hannover4/2015-04-20_13-54-28/Trafficlight_2,4,0,0.0,0,0.0,0,0.0,yolo11n,motionblur_l1
Hannover/Hannover4/2015-04-20_13-54-28/Trafficlight_3,13,2,0.15384615384615385,0,0.0,2,1.8680229187011719,yolo11n,motionblur_l1
Hannover/Hannover4/2015-04-20_13-54-28/Trafficlight_7,5,5,1.0,0,0.0,5,3.7315638065338135,yolo11n,motionblur_l1
Hannover/Hannover4/2015-04-20_13-56-44/Trafficlight_3,12,0,0.0,0,0.0,0,0.0,yolo11n,motionblur_l1
Hannover/Hannover4/2015-04-20_13-56-44/Trafficlight_4,19,3,0.15789473684210525,0,0.0,2,0.730842113494873,yolo11n,motionblur_l1
Hannover/Hannover4/2015-04-20_13-57-56/Trafficlight_4,19,19,1.0,0,0.0,19,1.1975510120391846,yolo11n,motionblur_l1
Hannover/Hannover4/2015-04-20_13-58-03/Trafficlight_3,16,3,0.1875,0,0.0,2,0.7327990531921387,yolo11n,motionblur_l1
Hannover/Hannover4/2015-04-20_13-58-03/Trafficlight_4,23,9,0.391304347826087,0,0.0,4,2.068305015563965,yolo11n,motionblur_l1
Hannover/Hannover4/2015-04-20_13-59-27/Trafficlight_1,20,3,0.15,0,0.0,1,0.0,yolo11n,motionblur_l1
Hannover/Hannover4/2015-04-20_14-00-12/Trafficlight_1,26,21,0.8076923076923077,0,0.0,12,6.397797107696533,yolo11n,motionblur_l1
Hannover/Hannover4/2015-04-20_14-00-12/Trafficlight_2,29,2,0.06896551724137931,0,0.0,2,0.5995829105377197,yolo11n,motionblur_l1
Hannover/Hannover4/2015-04-20_14-00-12/Trafficlight_3,9,1,0.1111111111111111,0,0.0,1,0.0,yolo11n,motionblur_l1
Hannover/Hannover4/2015-04-20_14-01-01/Trafficlight_2,20,0,0.0,0,0.0,0,0.0,yolo11n,motionblur_l1
Hannover/Hannover4/2015-04-20_14-01-01/Trafficlight_1,20,9,0.45,0,0.0,8,6.068166017532349,yolo11n,motionblur_l1
Hannover/Hannover4/2015-04-20_14-02-07/Trafficlight_4,20,20,1.0,0,0.0,20,5.469353914260864,yolo11n,motionblur_l1
Hannover/Hannover4/2015-04-20_14-02-24/Trafficlight_2,8,0,0.0,0,0.0,0,0.0,yolo11n,motionblur_l1
Hannover/Hannover4/2015-04-20_14-02-24/Trafficlight_3,10,6,0.6,0,0.0,2,0.33057594299316406,yolo11n,motionblur_l1
Hannover/Hannover4/2015-04-20_14-02-24/Trafficlight_1,9,6,0.6666666666666666,0,0.0,5,1.2645549774169922,yolo11n,motionblur_l1
Hannover/Hannover4/2015-04-20_14-02-24/Trafficlight_5,1,1,1.0,0,0.0,1,0.0,yolo11n,motionblur_l1
Hannover/Hannover4/2015-04-20_14-04-24/Trafficlight_3,6,5,0.8333333333333334,0,0.0,4,1.6685810089111328,yolo11n,motionblur_l1
Hannover/Hannover4/2015-04-20_14-04-24/Trafficlight_4,4,3,0.75,0,0.0,2,0.5342509746551514,yolo11n,motionblur_l1
Hannover/Hannover4/2015-04-20_14-04-24/Trafficlight_5,14,7,0.5,0,0.0,6,2.8010809421539307,yolo11n,motionblur_l1
Hannover/Hannover4/2015-04-20_14-05-57/Trafficlight_2,12,1,0.08333333333333333,0,0.0,1,0.0,yolo11n,motionblur_l1
Hannover/Hannover4/2015-04-20_14-05-57/Trafficlight_1,7,4,0.5714285714285714,0,0.0,4,2.668240785598755,yolo11n,motionblur_l1
Hannover/Hannover4/2015-04-20_14-05-57/Trafficlight_3,17,2,0.11764705882352941,0,0.0,2,0.8647990226745605,yolo11n,motionblur_l1
Hannover/Hannover4/2015-04-20_14-06-51/Trafficlight_2,15,1,0.06666666666666667,0,0.0,1,0.0,yolo11n,motionblur_l1
Hannover/Hannover4/2015-04-20_14-06-51/Trafficlight_1,18,1,0.05555555555555555,0,0.0,1,0.0,yolo11n,motionblur_l1
Hannover/Hannover4/2015-04-20_14-06-51/Trafficlight_3,18,5,0.2777777777777778,0,0.0,2,0.5323829650878906,yolo11n,motionblur_l1
Hannover/Hannover4/2015-04-20_14-08-36/Trafficlight_4,10,0,0.0,0,0.0,0,0.0,yolo11n,motionblur_l1
Hannover/Hannover4/2015-04-20_14-08-36/Trafficlight_5,20,0,0.0,0,0.0,0,0.0,yolo11n,motionblur_l1
Hannover/Hannover4/2015-04-20_14-08-36/Trafficlight_3,9,5,0.5555555555555556,0,0.0,5,1.4003751277923584,yolo11n,motionblur_l1
Hannover/Hannover4/2015-04-20_14-09-52/Trafficlight_1,20,2,0.1,0,0.0,1,0.0,yolo11n,motionblur_l1
Hannover/Hannover4/2015-04-20_14-09-52/Trafficlight_2,20,4,0.2,0,0.0,4,1.4011199474334717,yolo11n,motionblur_l1
Hannover/Hannover4/2015-04-20_14-11-20/Trafficlight_1,12,0,0.0,0,0.0,0,0.0,yolo11n,motionblur_l1
Hannover/Hannover4/2015-04-20_14-11-20/Trafficlight_3,3,0,0.0,0,0.0,0,0.0,yolo11n,motionblur_l1
Hannover/Hannover4/2015-04-20_14-12-16/Trafficlight_4,7,7,1.0,0,0.0,7,2.398069143295288,yolo11n,motionblur_l1
Hannover/Hannover4/2015-04-20_14-12-16/Trafficlight_5,7,7,1.0,0,0.0,7,2.398069143295288,yolo11n,motionblur_l1
Hannover/Hannover4/2015-04-20_14-12-16/Trafficlight_6,20,20,1.0,0,0.0,20,7.598844051361084,yolo11n,motionblur_l1
Hannover/Hannover4/2015-04-20_14-16-02/Trafficlight_2,14,6,0.42857142857142855,0,0.0,2,0.6692650318145752,yolo11n,motionblur_l1
Hannover/Hannover4/2015-04-20_14-16-02/Trafficlight_3,19,7,0.3684210526315789,1,0.05263157894736842,5,2.470160961151123,yolo11n,motionblur_l1
Hannover/Hannover4/2015-04-20_14-16-02/Trafficlight_1,8,7,0.875,0,0.0,6,3.069628953933716,yolo11n,motionblur_l1
Hannover/Hannover4/2015-04-20_14-17-12/Trafficlight_2,20,1,0.05,0,0.0,1,0.0,yolo11n,motionblur_l1
Hannover/Hannover4/2015-04-20_14-17-12/TrafficLight_6,20,10,0.5,0,0.0,2,0.336989164352417,yolo11n,motionblur_l1
Hannover/Hannover4/2015-04-20_14-31-46/Trafficlight_3,4,0,0.0,0,0.0,0,0.0,yolo11n,motionblur_l1
Hannover/Hannover4/2015-04-20_14-31-46/Trafficlight_4,8,0,0.0,0,0.0,0,0.0,yolo11n,motionblur_l1
Hannover/Hannover4/2015-04-20_14-31-46/Trafficlight_2,9,5,0.5555555555555556,0,0.0,3,1.266014814376831,yolo11n,motionblur_l1
Hannover/Hannover4/2015-04-20_14-32-25/Trafficlight_3,14,0,0.0,0,0.0,0,0.0,yolo11n,motionblur_l1
Hannover/Hannover4/2015-04-20_14-32-25/Trafficlight_4,20,5,0.25,0,0.0,2,0.6001760959625244,yolo11n,motionblur_l1
Hannover/Hannover4/2015-04-20_14-33-38/Trafficlight_2,6,2,0.3333333333333333,0,0.0,1,0.0,yolo11n,motionblur_l1
Hannover/Hannover4/2015-04-20_14-33-38/Trafficlight_3,20,3,0.15,0,0.0,1,0.0,yolo11n,motionblur_l1
Koeln/Koeln2/2015-04-23_12-31-31/Trafficlight_1,2,0,0.0,0,0.0,0,0.0,yolo11n,motionblur_l1
Koeln/Koeln2/2015-04-23_12-31-31/Trafficlight_2,2,0,0.0,0,0.0,0,0.0,yolo11n,motionblur_l1
Koeln/Koeln2/2015-04-23_12-31-31/Trafficlight_3,2,2,1.0,0,0.0,2,0.47226786613464355,yolo11n,motionblur_l1
Koeln/Koeln2/2015-04-23_12-33-22/Trafficlight_19,1,1,1.0,0,0.0,1,0.0,yolo11n,motionblur_l1
Koeln/Koeln2/2015-04-23_12-54-40/Trafficlight_3,9,5,0.5555555555555556,0,0.0,4,2.531008005142212,yolo11n,motionblur_l1
Koeln/Koeln2/2015-04-23_12-54-40/Trafficlight_4,9,5,0.5555555555555556,3,0.3333333333333333,3,1.7082970142364502,yolo11n,motionblur_l1
Koeln/Koeln2/2015-04-23_12-55-44/Trafficlight_3,8,5,0.625,1,0.125,5,3.055912971496582,yolo11n,motionblur_l1
Koeln/Koeln2/2015-04-23_12-55-44/Trafficlight_1,8,3,0.375,0,0.0,2,0.7636289596557617,yolo11n,motionblur_l1
Koeln/Koeln2/2015-04-23_12-55-44/Trafficlight_2,7,4,0.5714285714285714,0,0.0,3,1.5272200107574463,yolo11n,motionblur_l1
Koeln/Koeln2/2015-04-23_12-56-08/Trafficlight_2,11,0,0.0,0,0.0,0,0.0,yolo11n,motionblur_l1
Koeln/Koeln2/2015-04-23_12-56-08/Trafficlight_1,20,8,0.4,0,0.0,8,6.172895908355713,yolo11n,motionblur_l1
Koeln/Koeln2/2015-04-23_12-56-08/Trafficlight_3,15,2,0.13333333333333333,0,0.0,1,0.0,yolo11n,motionblur_l1
Koeln/Koeln2/2015-04-23_12-58-12/Trafficlight_1,20,8,0.4,0,0.0,5,3.8825581073760986,yolo11n,motionblur_l1
Koeln/Koeln2/2015-04-23_12-58-12/Trafficlight_2,20,0,0.0,0,0.0,0,0.0,yolo11n,motionblur_l1
Koeln/Koeln2/2015-04-23_13-03-59/Trafficlight_2,5,5,1.0,0,0.0,5,2.116795063018799,yolo11n,motionblur_l1
Koeln/Koeln2/2015-04-23_13-03-59/Trafficlight_3,7,0,0.0,0,0.0,0,0.0,yolo11n,motionblur_l1
Koeln/Koeln2/2015-04-23_13-05-35/Trafficlight_4,3,0,0.0,0,0.0,0,0.0,yolo11n,motionblur_l1
Koeln/Koeln2/2015-04-23_13-05-35/Trafficlight_5,4,0,0.0,0,0.0,0,0.0,yolo11n,motionblur_l1
Koeln/Koeln2/2015-04-23_13-10-19/Trafficlight_1,3,0,0.0,0,0.0,0,0.0,yolo11n,motionblur_l1
Koeln/Koeln2/2015-04-23_13-10-19/Trafficlight_3,5,0,0.0,0,0.0,0,0.0,yolo11n,motionblur_l1
Koeln/Koeln2/2015-04-23_13-10-19/Trafficlight_7,6,6,1.0,0,0.0,4,2.4686670303344727,yolo11n,motionblur_l1
Koeln/Koeln2/2015-04-23_13-10-19/Trafficlight_8,6,6,1.0,0,0.0,4,2.4686670303344727,yolo11n,motionblur_l1
Koeln/Koeln2/2015-04-23_13-11-46/Trafficlight_1,5,4,0.8,0,0.0,3,2.238278865814209,yolo11n,motionblur_l1
Koeln/Koeln2/2015-04-23_13-11-46/Trafficlight_3,7,4,0.5714285714285714,0,0.0,3,2.4709131717681885,yolo11n,motionblur_l1
Koeln/Koeln2/2015-04-23_13-15-36/Trafficlight_4,13,13,1.0,1,0.07692307692307693,13,6.585233926773071,yolo11n,motionblur_l1
Koeln/Koeln2/2015-04-23_13-15-36/Trafficlight_5,2,2,1.0,0,0.0,2,0.7070450782775879,yolo11n,motionblur_l1
Koeln/Koeln2/2015-04-23_13-15-59/Trafficlight_4,15,0,0.0,0,0.0,0,0.0,yolo11n,motionblur_l1
Koeln/Koeln2/2015-04-23_13-15-59/Trafficlight_3,7,0,0.0,0,0.0,0,0.0,yolo11n,motionblur_l1
Koeln/Koeln2/2015-04-23_13-16-45/Trafficlight_5,2,0,0.0,0,0.0,0,0.0,yolo11n,motionblur_l1
Koeln/Koeln2/2015-04-23_13-18-13/Trafficlight_4,7,7,1.0,0,0.0,5,1.4128310680389404,yolo11n,motionblur_l1
Koeln/Koeln2/2015-04-23_13-18-13/Trafficlight_5,12,3,0.25,0,0.0,2,0.351215124130249,yolo11n,motionblur_l1
Koeln/Koeln2/2015-04-23_13-18-13/Trafficlight_6,13,0,0.0,0,0.0,0,0.0,yolo11n,motionblur_l1
Koeln/Koeln2/2015-04-23_13-18-13/Trafficlight_7,19,0,0.0,0,0.0,0,0.0,yolo11n,motionblur_l1
Koeln/Koeln2/2015-04-23_13-19-07/Trafficlight_1,12,0,0.0,0,0.0,0,0.0,yolo11n,motionblur_l1
Koeln/Koeln2/2015-04-23_13-19-07/Trafficlight_2,4,0,0.0,0,0.0,0,0.0,yolo11n,motionblur_l1
Koeln/Koeln2/2015-04-23_13-19-07/Trafficlight_3,5,0,0.0,0,0.0,0,0.0,yolo11n,motionblur_l1
Koeln/Koeln2/2015-04-23_13-19-07/Trafficlight_6,12,4,0.3333333333333333,0,0.0,1,0.0,yolo11n,motionblur_l1
Koeln/Koeln2/2015-04-23_13-19-07/Trafficlight_7,5,0,0.0,0,0.0,0,0.0,yolo11n,motionblur_l1
Koeln/Koeln2/2015-04-23_13-19-07/Trafficlight_8,6,1,0.16666666666666666,0,0.0,1,0.0,yolo11n,motionblur_l1
Koeln/Koeln2/2015-04-23_13-22-16/Trafficlight_5,16,5,0.3125,0,0.0,2,0.8228309154510498,yolo11n,motionblur_l1
Koeln/Koeln2/2015-04-23_13-22-16/Trafficlight_6,14,2,0.14285714285714285,0,0.0,2,0.8212699890136719,yolo11n,motionblur_l1
Koeln/Koeln2/2015-04-23_13-26-00/Trafficlight_1,5,5,1.0,0,0.0,5,0.23670387268066406,yolo11n,motionblur_l1
Koeln/Koeln2/2015-04-23_13-26-00/Trafficlight_2,11,2,0.18181818181818182,4,0.36363636363636365,1,0.0,yolo11n,motionblur_l1
Koeln/Koeln2/2015-04-23_13-27-52/Trafficlight_2,9,1,0.1111111111111111,0,0.0,1,0.0,yolo11n,motionblur_l1
Koeln/Koeln2/2015-04-23_13-27-52/Trafficlight_3,9,0,0.0,0,0.0,0,0.0,yolo11n,motionblur_l1
Koeln/Koeln2/2015-04-23_13-28-56/Trafficlight_1,1,1,1.0,0,0.0,1,0.0,yolo11n,motionblur_l1
Koeln/Koeln2/2015-04-23_13-28-56/Trafficlight_3,1,0,0.0,0,0.0,0,0.0,yolo11n,motionblur_l1
Koeln/Koeln2/2015-04-23_13-29-48/Trafficlight_1,17,0,0.0,0,0.0,0,0.0,yolo11n,motionblur_l1
Koeln/Koeln2/2015-04-23_13-29-48/Trafficlight_2,13,1,0.07692307692307693,0,0.0,1,0.0,yolo11n,motionblur_l1
Koeln/Koeln2/2015-04-23_13-29-48/Trafficlight_3,17,4,0.23529411764705882,0,0.0,2,0.4682199954986572,yolo11n,motionblur_l1
Koeln/Koeln2/2015-04-23_13-30-07/Trafficlight_2,11,0,0.0,0,0.0,0,0.0,yolo11n,motionblur_l1
Koeln/Koeln2/2015-04-23_13-30-07/Trafficlight_3,14,0,0.0,0,0.0,0,0.0,yolo11n,motionblur_l1
Koeln/Koeln2/2015-04-23_13-30-57/Trafficlight_3,10,0,0.0,0,0.0,0,0.0,yolo11n,motionblur_l1
Koeln/Koeln2/2015-04-23_13-30-57/Trafficlight_4,12,2,0.16666666666666666,0,0.0,1,0.0,yolo11n,motionblur_l1
Essen/Essen2/2015-04-22_11-54-56/Trafficlight_1,16,0,0.0,0,0.0,0,0.0,yolo12n,motionblur_l1
Essen/Essen2/2015-04-22_11-54-56/Trafficlight_2,12,0,0.0,0,0.0,0,0.0,yolo12n,motionblur_l1
Essen/Essen2/2015-04-22_11-55-29/Trafficlight_1,22,2,0.09090909090909091,0,0.0,2,0.3983139991760254,yolo12n,motionblur_l1
Essen/Essen2/2015-04-22_11-55-29/Trafficlight_2,15,0,0.0,0,0.0,0,0.0,yolo12n,motionblur_l1
Essen/Essen2/2015-04-22_11-55-29/Trafficlight_3,21,0,0.0,0,0.0,0,0.0,yolo12n,motionblur_l1
Essen/Essen2/2015-04-22_11-58-40/Trafficlight_1,1,0,0.0,0,0.0,0,0.0,yolo12n,motionblur_l1
Essen/Essen2/2015-04-22_11-58-40/Trafficlight_2,1,0,0.0,0,0.0,0,0.0,yolo12n,motionblur_l1
Essen/Essen2/2015-04-22_11-59-47/Trafficlight_1,14,7,0.5,0,0.0,6,5.801532983779907,yolo12n,motionblur_l1
Essen/Essen2/2015-04-22_11-59-47/Trafficlight_2,18,0,0.0,0,0.0,0,0.0,yolo12n,motionblur_l1
Essen/Essen2/2015-04-22_11-59-47/Trafficlight_3,21,7,0.3333333333333333,0,0.0,4,1.6002709865570068,yolo12n,motionblur_l1
Essen/Essen2/2015-04-22_12-00-12/Trafficlight_1,12,4,0.3333333333333333,0,0.0,2,0.26557302474975586,yolo12n,motionblur_l1
Essen/Essen2/2015-04-22_12-00-12/Trafficlight_2,12,5,0.4166666666666667,0,0.0,3,0.5338480472564697,yolo12n,motionblur_l1
Essen/Essen2/2015-04-22_12-00-12/Trafficlight_3,18,5,0.2777777777777778,0,0.0,4,0.8018250465393066,yolo12n,motionblur_l1
Essen/Essen2/2015-04-22_12-00-50/Trafficlight_1,8,2,0.25,0,0.0,2,1.7361540794372559,yolo12n,motionblur_l1
Essen/Essen2/2015-04-22_12-00-50/Trafficlight_2,4,0,0.0,0,0.0,0,0.0,yolo12n,motionblur_l1
Essen/Essen2/2015-04-22_12-00-50/Trafficlight_3,7,0,0.0,0,0.0,0,0.0,yolo12n,motionblur_l1
Essen/Essen2/2015-04-22_12-03-07/Trafficlight_7,1,1,1.0,0,0.0,1,0.0,yolo12n,motionblur_l1
Essen/Essen2/2015-04-22_12-03-07/Trafficlight_8,1,1,1.0,0,0.0,1,0.0,yolo12n,motionblur_l1
Essen/Essen2/2015-04-22_12-03-17/Trafficlight_1,11,11,1.0,0,0.0,11,3.3990509510040283,yolo12n,motionblur_l1
Essen/Essen2/2015-04-22_12-03-17/Trafficlight_2,11,7,0.6363636363636364,0,0.0,4,1.0668730735778809,yolo12n,motionblur_l1
Essen/Essen2/2015-04-22_12-03-17/Trafficlight_3,10,6,0.6,0,0.0,2,0.3988680839538574,yolo12n,motionblur_l1
Essen/Essen2/2015-04-22_12-03-17/Trafficlight_4,2,0,0.0,0,0.0,0,0.0,yolo12n,motionblur_l1
Essen/Essen2/2015-04-22_12-04-52/Trafficlight_1,18,9,0.5,0,0.0,7,2.000885009765625,yolo12n,motionblur_l1
Essen/Essen2/2015-04-22_12-04-52/Trafficlight_5,6,6,1.0,0,0.0,6,1.664518117904663,yolo12n,motionblur_l1
Essen/Essen2/2015-04-22_12-07-48/Trafficlight_1,7,6,0.8571428571428571,0,0.0,4,0.9999418258666992,yolo12n,motionblur_l1
Essen/Essen2/2015-04-22_12-07-48/Trafficlight_2,7,0,0.0,0,0.0,0,0.0,yolo12n,motionblur_l1
Essen/Essen2/2015-04-22_12-07-48/Trafficlight_3,7,3,0.42857142857142855,0,0.0,2,0.3294181823730469,yolo12n,motionblur_l1
Essen/Essen2/2015-04-22_12-10-46/Trafficlight_2,10,0,0.0,0,0.0,0,0.0,yolo12n,motionblur_l1
Essen/Essen2/2015-04-22_12-10-46/Trafficlight_3,16,5,0.3125,0,0.0,5,4.073596000671387,yolo12n,motionblur_l1
Essen/Essen2/2015-04-22_12-10-46/Trafficlight_1,13,6,0.46153846153846156,0,0.0,4,3.0016729831695557,yolo12n,motionblur_l1
Essen/Essen2/2015-04-22_12-12-38/Trafficlight_1,14,1,0.07142857142857142,0,0.0,1,0.0,yolo12n,motionblur_l1
Essen/Essen2/2015-04-22_12-12-38/Trafficlight_2,16,1,0.0625,0,0.0,1,0.0,yolo12n,motionblur_l1
Essen/Essen2/2015-04-22_12-14-33/Trafficlight_1,5,3,0.6,0,0.0,2,0.40154504776000977,yolo12n,motionblur_l1
Essen/Essen2/2015-04-22_12-14-33/Trafficlight_2,4,0,0.0,0,0.0,0,0.0,yolo12n,motionblur_l1
Essen/Essen2/2015-04-22_12-14-33/Trafficlight_3,5,4,0.8,0,0.0,2,0.4685029983520508,yolo12n,motionblur_l1
Essen/Essen2/2015-04-22_12-16-21/Trafficlight_1,16,1,0.0625,0,0.0,1,0.0,yolo12n,motionblur_l1
Essen/Essen2/2015-04-22_12-16-21/Trafficlight_2,12,2,0.16666666666666666,0,0.0,2,0.39905595779418945,yolo12n,motionblur_l1
Essen/Essen2/2015-04-22_12-17-10/Trafficlight_2,9,8,0.8888888888888888,0,0.0,6,3.3997910022735596,yolo12n,motionblur_l1
Essen/Essen2/2015-04-22_12-17-10/Trafficlight_1,17,5,0.29411764705882354,0,0.0,4,2.070430040359497,yolo12n,motionblur_l1
Essen/Essen2/2015-04-22_12-17-10/Trafficlight_3,13,6,0.46153846153846156,0,0.0,2,0.6658668518066406,yolo12n,motionblur_l1
Essen/Essen3/2015-04-22_12-21-40/Trafficlight_2,20,7,0.35,0,0.0,7,1.1994531154632568,yolo12n,motionblur_l1
Essen/Essen3/2015-04-22_12-21-40/Trafficlight_3,1,0,0.0,0,0.0,0,0.0,yolo12n,motionblur_l1
Essen/Essen3/2015-04-22_12-22-11/Trafficlight_2,4,2,0.5,0,0.0,1,0.0,yolo12n,motionblur_l1
Essen/Essen3/2015-04-22_12-22-11/Trafficlight_3,6,0,0.0,0,0.0,0,0.0,yolo12n,motionblur_l1
Essen/Essen3/2015-04-22_12-22-11/Trafficlight_4,11,0,0.0,0,0.0,0,0.0,yolo12n,motionblur_l1
Essen/Essen3/2015-04-22_12-24-28/Trafficlight_1,5,2,0.4,0,0.0,2,0.8665969371795654,yolo12n,motionblur_l1
Essen/Essen3/2015-04-22_12-24-28/Trafficlight_2,5,0,0.0,0,0.0,0,0.0,yolo12n,motionblur_l1
Essen/Essen3/2015-04-22_12-24-28/Trafficlight_3,2,0,0.0,0,0.0,0,0.0,yolo12n,motionblur_l1
Essen/Essen3/2015-04-22_12-28-48/Trafficlight_1,20,10,0.5,0,0.0,10,4.800396919250488,yolo12n,motionblur_l1
Essen/Essen3/2015-04-22_12-28-48/Trafficlight_5,10,3,0.3,0,0.0,3,1.0639839172363281,yolo12n,motionblur_l1
Essen/Essen3/2015-04-22_12-31-21/Trafficlight_4,1,1,1.0,0,0.0,1,0.0,yolo12n,motionblur_l1
Essen/Essen3/2015-04-22_12-31-56/Trafficlight_1,8,2,0.25,0,0.0,2,0.13503599166870117,yolo12n,motionblur_l1
Essen/Essen3/2015-04-22_12-31-56/Trafficlight_2,19,0,0.0,0,0.0,0,0.0,yolo12n,motionblur_l1
Essen/Essen3/2015-04-22_12-31-56/Trafficlight_3,9,4,0.4444444444444444,0,0.0,3,2.59854793548584,yolo12n,motionblur_l1
Essen/Essen3/2015-04-22_12-31-56/Trafficlight_4,9,1,0.1111111111111111,0,0.0,1,0.0,yolo12n,motionblur_l1
Essen/Essen3/2015-04-22_12-31-56/Trafficlight_16,8,0,0.0,0,0.0,0,0.0,yolo12n,motionblur_l1
Essen/Essen3/2015-04-22_12-31-56/Trafficlight_17,6,0,0.0,0,0.0,0,0.0,yolo12n,motionblur_l1
Essen/Essen3/2015-04-22_12-31-56/Trafficlight_18,10,0,0.0,0,0.0,0,0.0,yolo12n,motionblur_l1
Fulda/Fulda2/2015-05-15_18-00-09/Trafficlight_1,10,0,0.0,0,0.0,0,0.0,yolo12n,motionblur_l1
Fulda/Fulda2/2015-05-15_18-00-09/Trafficlight_7,3,0,0.0,0,0.0,0,0.0,yolo12n,motionblur_l1
Fulda/Fulda2/2015-05-15_18-00-57/Trafficlight_1,14,0,0.0,0,0.0,0,0.0,yolo12n,motionblur_l1
Fulda/Fulda2/2015-05-15_18-00-57/Trafficlight_2,10,1,0.1,0,0.0,1,0.0,yolo12n,motionblur_l1
Fulda/Fulda2/2015-05-15_18-00-57/Trafficlight_3,10,1,0.1,1,0.1,1,0.0,yolo12n,motionblur_l1
Fulda/Fulda2/2015-05-15_18-01-58/Trafficlight_14,3,3,1.0,0,0.0,3,1.1750850677490234,yolo12n,motionblur_l1
Fulda/Fulda2/2015-05-15_18-03-39/Trafficlight_5,11,1,0.09090909090909091,0,0.0,1,0.0,yolo12n,motionblur_l1
Fulda/Fulda2/2015-05-15_18-03-39/Trafficlight_6,7,0,0.0,0,0.0,0,0.0,yolo12n,motionblur_l1
Fulda/Fulda2/2015-05-15_18-03-39/Trafficlight_7,11,1,0.09090909090909091,0,0.0,1,0.0,yolo12n,motionblur_l1
Fulda/Fulda2/2015-05-15_18-04-24/Trafficlight_2,15,0,0.0,0,0.0,0,0.0,yolo12n,motionblur_l1
Fulda/Fulda2/2015-05-15_18-05-38/Trafficlight_1,16,0,0.0,0,0.0,0,0.0,yolo12n,motionblur_l1
Fulda/Fulda2/2015-05-15_18-05-38/Trafficlight_7,14,2,0.14285714285714285,0,0.0,1,0.0,yolo12n,motionblur_l1
Fulda/Fulda2/2015-05-15_18-05-38/Trafficlight_12,7,7,1.0,0,0.0,4,1.763545036315918,yolo12n,motionblur_l1
Fulda/Fulda2/2015-05-15_18-07-04/Trafficlight_2,7,0,0.0,0,0.0,0,0.0,yolo12n,motionblur_l1
Fulda/Fulda2/2015-05-15_18-07-04/Trafficlight_3,10,2,0.2,0,0.0,1,0.0,yolo12n,motionblur_l1
Fulda/Fulda2/2015-05-15_18-07-04/Trafficlight_14,2,2,1.0,0,0.0,2,0.5877358913421631,yolo12n,motionblur_l1
Fulda/Fulda2/2015-05-15_18-07-37/Trafficlight_2,2,0,0.0,0,0.0,0,0.0,yolo12n,motionblur_l1
Fulda/Fulda2/2015-05-15_18-07-37/Trafficlight_3,3,0,0.0,0,0.0,0,0.0,yolo12n,motionblur_l1
Fulda/Fulda2/2015-05-15_18-08-11/Trafficlight_1,8,0,0.0,0,0.0,0,0.0,yolo12n,motionblur_l1
Fulda/Fulda2/2015-05-15_18-08-11/Trafficlight_2,8,0,0.0,0,0.0,0,0.0,yolo12n,motionblur_l1
Fulda/Fulda2/2015-05-15_18-09-21/Trafficlight_1,14,4,0.2857142857142857,0,0.0,3,1.176116943359375,yolo12n,motionblur_l1
Fulda/Fulda2/2015-05-15_18-09-21/Trafficlight_2,5,0,0.0,0,0.0,0,0.0,yolo12n,motionblur_l1
Fulda/Fulda2/2015-05-15_18-11-25/Trafficlight_1,14,2,0.14285714285714285,0,0.0,1,0.0,yolo12n,motionblur_l1
Fulda/Fulda2/2015-05-15_18-11-25/Trafficlight_2,9,0,0.0,0,0.0,0,0.0,yolo12n,motionblur_l1
Fulda/Fulda2/2015-05-15_18-11-25/Trafficlight_3,12,0,0.0,0,0.0,0,0.0,yolo12n,motionblur_l1
Fulda/Fulda2/2015-05-15_18-12-26/Trafficlight_12,1,1,1.0,0,0.0,1,0.0,yolo12n,motionblur_l1
Fulda/Fulda2/2015-05-15_18-12-26/Trafficlight_13,1,1,1.0,0,0.0,1,0.0,yolo12n,motionblur_l1
Fulda/Fulda2/2015-05-15_18-13-56/Trafficlight_2,3,3,1.0,0,0.0,3,1.1754150390625,yolo12n,motionblur_l1
Fulda/Fulda2/2015-05-15_18-13-56/Trafficlight_3,3,2,0.6666666666666666,0,0.0,2,0.5888731479644775,yolo12n,motionblur_l1
Fulda/Fulda2/2015-05-15_18-13-56/Trafficlight_4,4,4,1.0,0,0.0,4,1.76487398147583,yolo12n,motionblur_l1
Hannover/Hannover4/2015-04-20_13-51-29/Trafficlight_7,20,20,1.0,0,0.0,20,5.936743974685669,yolo12n,motionblur_l1
Hannover/Hannover4/2015-04-20_13-51-36/Trafficlight_4,20,20,1.0,0,0.0,20,1.467405080795288,yolo12n,motionblur_l1
Hannover/Hannover4/2015-04-20_13-51-36/Trafficlight_6,10,10,1.0,0,0.0,10,0.6674211025238037,yolo12n,motionblur_l1
Hannover/Hannover4/2015-04-20_13-51-40/Trafficlight_2,20,1,0.05,0,0.0,1,0.0,yolo12n,motionblur_l1
Hannover/Hannover4/2015-04-20_13-51-40/Trafficlight_1,18,17,0.9444444444444444,0,0.0,11,6.202739953994751,yolo12n,motionblur_l1
Hannover/Hannover4/2015-04-20_13-51-40/Trafficlight_3,19,9,0.47368421052631576,0,0.0,8,4.331387042999268,yolo12n,motionblur_l1
Hannover/Hannover4/2015-04-20_13-54-28/Trafficlight_2,4,0,0.0,0,0.0,0,0.0,yolo12n,motionblur_l1
Hannover/Hannover4/2015-04-20_13-54-28/Trafficlight_3,13,5,0.38461538461538464,0,0.0,2,1.8680229187011719,yolo12n,motionblur_l1
Hannover/Hannover4/2015-04-20_13-54-28/Trafficlight_7,5,5,1.0,0,0.0,5,3.7315638065338135,yolo12n,motionblur_l1
Hannover/Hannover4/2015-04-20_13-56-44/Trafficlight_3,12,0,0.0,0,0.0,0,0.0,yolo12n,motionblur_l1
Hannover/Hannover4/2015-04-20_13-56-44/Trafficlight_4,19,3,0.15789473684210525,0,0.0,2,0.730842113494873,yolo12n,motionblur_l1
Hannover/Hannover4/2015-04-20_13-57-56/Trafficlight_4,19,19,1.0,0,0.0,19,1.1975510120391846,yolo12n,motionblur_l1
Hannover/Hannover4/2015-04-20_13-58-03/Trafficlight_3,16,1,0.0625,0,0.0,1,0.0,yolo12n,motionblur_l1
Hannover/Hannover4/2015-04-20_13-58-03/Trafficlight_4,23,11,0.4782608695652174,0,0.0,5,2.735335111618042,yolo12n,motionblur_l1
Hannover/Hannover4/2015-04-20_13-59-27/Trafficlight_1,20,1,0.05,0,0.0,1,0.0,yolo12n,motionblur_l1
Hannover/Hannover4/2015-04-20_14-00-12/Trafficlight_1,26,25,0.9615384615384616,2,0.07692307692307693,12,6.397797107696533,yolo12n,motionblur_l1
Hannover/Hannover4/2015-04-20_14-00-12/Trafficlight_2,29,0,0.0,0,0.0,0,0.0,yolo12n,motionblur_l1
Hannover/Hannover4/2015-04-20_14-00-12/Trafficlight_3,9,3,0.3333333333333333,0,0.0,2,0.5352599620819092,yolo12n,motionblur_l1
Hannover/Hannover4/2015-04-20_14-01-01/Trafficlight_2,20,0,0.0,0,0.0,0,0.0,yolo12n,motionblur_l1
Hannover/Hannover4/2015-04-20_14-01-01/Trafficlight_1,20,9,0.45,0,0.0,8,6.068166017532349,yolo12n,motionblur_l1
Hannover/Hannover4/2015-04-20_14-02-07/Trafficlight_4,20,20,1.0,0,0.0,20,5.469353914260864,yolo12n,motionblur_l1
Hannover/Hannover4/2015-04-20_14-02-24/Trafficlight_2,8,0,0.0,0,0.0,0,0.0,yolo12n,motionblur_l1
Hannover/Hannover4/2015-04-20_14-02-24/Trafficlight_3,10,8,0.8,0,0.0,3,0.6020488739013672,yolo12n,motionblur_l1
Hannover/Hannover4/2015-04-20_14-02-24/Trafficlight_1,9,7,0.7777777777777778,0,0.0,7,1.9299769401550293,yolo12n,motionblur_l1
Hannover/Hannover4/2015-04-20_14-02-24/Trafficlight_5,1,1,1.0,0,0.0,1,0.0,yolo12n,motionblur_l1
Hannover/Hannover4/2015-04-20_14-04-24/Trafficlight_3,6,5,0.8333333333333334,0,0.0,4,1.6685810089111328,yolo12n,motionblur_l1
Hannover/Hannover4/2015-04-20_14-04-24/Trafficlight_4,4,4,1.0,0,0.0,4,1.6685810089111328,yolo12n,motionblur_l1
Hannover/Hannover4/2015-04-20_14-04-24/Trafficlight_5,14,10,0.7142857142857143,0,0.0,3,1.1346700191497803,yolo12n,motionblur_l1
Hannover/Hannover4/2015-04-20_14-05-57/Trafficlight_2,12,1,0.08333333333333333,0,0.0,1,0.0,yolo12n,motionblur_l1
Hannover/Hannover4/2015-04-20_14-05-57/Trafficlight_1,7,6,0.8571428571428571,0,0.0,5,3.6004910469055176,yolo12n,motionblur_l1
Hannover/Hannover4/2015-04-20_14-05-57/Trafficlight_3,17,2,0.11764705882352941,0,0.0,2,0.8647990226745605,yolo12n,motionblur_l1
Hannover/Hannover4/2015-04-20_14-06-51/Trafficlight_2,15,0,0.0,0,0.0,0,0.0,yolo12n,motionblur_l1
Hannover/Hannover4/2015-04-20_14-06-51/Trafficlight_1,18,4,0.2222222222222222,0,0.0,3,1.068695068359375,yolo12n,motionblur_l1
Hannover/Hannover4/2015-04-20_14-06-51/Trafficlight_3,18,7,0.3888888888888889,0,0.0,5,2.199270009994507,yolo12n,motionblur_l1
Hannover/Hannover4/2015-04-20_14-08-36/Trafficlight_4,10,0,0.0,0,0.0,0,0.0,yolo12n,motionblur_l1
Hannover/Hannover4/2015-04-20_14-08-36/Trafficlight_5,20,0,0.0,0,0.0,0,0.0,yolo12n,motionblur_l1
Hannover/Hannover4/2015-04-20_14-08-36/Trafficlight_3,9,3,0.3333333333333333,0,0.0,2,0.3324880599975586,yolo12n,motionblur_l1
Hannover/Hannover4/2015-04-20_14-09-52/Trafficlight_1,20,6,0.3,0,0.0,6,2.404378890991211,yolo12n,motionblur_l1
Hannover/Hannover4/2015-04-20_14-09-52/Trafficlight_2,20,4,0.2,0,0.0,4,1.4011199474334717,yolo12n,motionblur_l1
Hannover/Hannover4/2015-04-20_14-11-20/Trafficlight_1,12,1,0.08333333333333333,0,0.0,1,0.0,yolo12n,motionblur_l1
Hannover/Hannover4/2015-04-20_14-11-20/Trafficlight_3,3,2,0.6666666666666666,0,0.0,1,0.0,yolo12n,motionblur_l1
Hannover/Hannover4/2015-04-20_14-12-16/Trafficlight_4,7,7,1.0,0,0.0,7,2.398069143295288,yolo12n,motionblur_l1
Hannover/Hannover4/2015-04-20_14-12-16/Trafficlight_5,7,7,1.0,0,0.0,7,2.398069143295288,yolo12n,motionblur_l1
Hannover/Hannover4/2015-04-20_14-12-16/Trafficlight_6,20,20,1.0,0,0.0,20,7.598844051361084,yolo12n,motionblur_l1
Hannover/Hannover4/2015-04-20_14-16-02/Trafficlight_2,14,5,0.35714285714285715,0,0.0,2,0.6692650318145752,yolo12n,motionblur_l1
Hannover/Hannover4/2015-04-20_14-16-02/Trafficlight_3,19,12,0.631578947368421,0,0.0,6,3.131196975708008,yolo12n,motionblur_l1
Hannover/Hannover4/2015-04-20_14-16-02/Trafficlight_1,8,8,1.0,0,0.0,8,4.332615852355957,yolo12n,motionblur_l1
Hannover/Hannover4/2015-04-20_14-17-12/Trafficlight_2,20,1,0.05,0,0.0,1,0.0,yolo12n,motionblur_l1
Hannover/Hannover4/2015-04-20_14-17-12/TrafficLight_6,20,10,0.5,0,0.0,5,1.3329930305480957,yolo12n,motionblur_l1
Hannover/Hannover4/2015-04-20_14-31-46/Trafficlight_3,4,0,0.0,0,0.0,0,0.0,yolo12n,motionblur_l1
Hannover/Hannover4/2015-04-20_14-31-46/Trafficlight_4,8,0,0.0,0,0.0,0,0.0,yolo12n,motionblur_l1
Hannover/Hannover4/2015-04-20_14-31-46/Trafficlight_2,9,5,0.5555555555555556,0,0.0,5,2.6014039516448975,yolo12n,motionblur_l1
Hannover/Hannover4/2015-04-20_14-32-25/Trafficlight_3,14,1,0.07142857142857142,0,0.0,1,0.0,yolo12n,motionblur_l1
Hannover/Hannover4/2015-04-20_14-32-25/Trafficlight_4,20,5,0.25,0,0.0,4,1.6673591136932373,yolo12n,motionblur_l1
Hannover/Hannover4/2015-04-20_14-33-38/Trafficlight_2,6,3,0.5,0,0.0,3,0.33611202239990234,yolo12n,motionblur_l1
Hannover/Hannover4/2015-04-20_14-33-38/Trafficlight_3,20,1,0.05,0,0.0,1,0.0,yolo12n,motionblur_l1
Koeln/Koeln2/2015-04-23_12-31-31/Trafficlight_1,2,0,0.0,0,0.0,0,0.0,yolo12n,motionblur_l1
Koeln/Koeln2/2015-04-23_12-31-31/Trafficlight_2,2,0,0.0,0,0.0,0,0.0,yolo12n,motionblur_l1
Koeln/Koeln2/2015-04-23_12-31-31/Trafficlight_3,2,2,1.0,0,0.0,2,0.47226786613464355,yolo12n,motionblur_l1
Koeln/Koeln2/2015-04-23_12-33-22/Trafficlight_19,1,1,1.0,0,0.0,1,0.0,yolo12n,motionblur_l1
Koeln/Koeln2/2015-04-23_12-54-40/Trafficlight_3,9,5,0.5555555555555556,0,0.0,3,1.7035510540008545,yolo12n,motionblur_l1
Koeln/Koeln2/2015-04-23_12-54-40/Trafficlight_4,9,7,0.7777777777777778,1,0.1111111111111111,4,2.531008005142212,yolo12n,motionblur_l1
Koeln/Koeln2/2015-04-23_12-55-44/Trafficlight_3,8,3,0.375,0,0.0,2,0.765064001083374,yolo12n,motionblur_l1
Koeln/Koeln2/2015-04-23_12-55-44/Trafficlight_1,8,4,0.5,0,0.0,4,2.2907629013061523,yolo12n,motionblur_l1
Koeln/Koeln2/2015-04-23_12-55-44/Trafficlight_2,7,3,0.42857142857142855,0,0.0,2,0.7620699405670166,yolo12n,motionblur_l1
Koeln/Koeln2/2015-04-23_12-56-08/Trafficlight_2,11,0,0.0,0,0.0,0,0.0,yolo12n,motionblur_l1
Koeln/Koeln2/2015-04-23_12-56-08/Trafficlight_1,20,6,0.3,0,0.0,6,4.408334970474243,yolo12n,motionblur_l1
Koeln/Koeln2/2015-04-23_12-56-08/Trafficlight_3,15,1,0.06666666666666667,0,0.0,1,0.0,yolo12n,motionblur_l1
Koeln/Koeln2/2015-04-23_12-58-12/Trafficlight_1,20,6,0.3,0,0.0,4,2.939578056335449,yolo12n,motionblur_l1
Koeln/Koeln2/2015-04-23_12-58-12/Trafficlight_2,20,0,0.0,0,0.0,0,0.0,yolo12n,motionblur_l1
Koeln/Koeln2/2015-04-23_13-03-59/Trafficlight_2,5,4,0.8,0,0.0,4,1.5863120555877686,yolo12n,motionblur_l1
Koeln/Koeln2/2015-04-23_13-03-59/Trafficlight_3,7,0,0.0,0,0.0,0,0.0,yolo12n,motionblur_l1
Koeln/Koeln2/2015-04-23_13-05-35/Trafficlight_4,3,0,0.0,0,0.0,0,0.0,yolo12n,motionblur_l1
Koeln/Koeln2/2015-04-23_13-05-35/Trafficlight_5,4,0,0.0,0,0.0,0,0.0,yolo12n,motionblur_l1
Koeln/Koeln2/2015-04-23_13-10-19/Trafficlight_1,3,0,0.0,0,0.0,0,0.0,yolo12n,motionblur_l1
Koeln/Koeln2/2015-04-23_13-10-19/Trafficlight_3,5,0,0.0,0,0.0,0,0.0,yolo12n,motionblur_l1
Koeln/Koeln2/2015-04-23_13-10-19/Trafficlight_7,6,6,1.0,0,0.0,4,2.4686670303344727,yolo12n,motionblur_l1
Koeln/Koeln2/2015-04-23_13-10-19/Trafficlight_8,6,6,1.0,0,0.0,4,2.4686670303344727,yolo12n,motionblur_l1
Koeln/Koeln2/2015-04-23_13-11-46/Trafficlight_1,5,5,1.0,0,0.0,5,4.520406007766724,yolo12n,motionblur_l1
Koeln/Koeln2/2015-04-23_13-11-46/Trafficlight_3,7,4,0.5714285714285714,0,0.0,2,1.3504002094268799,yolo12n,motionblur_l1
Koeln/Koeln2/2015-04-23_13-15-36/Trafficlight_4,13,13,1.0,1,0.07692307692307693,13,6.585233926773071,yolo12n,motionblur_l1
Koeln/Koeln2/2015-04-23_13-15-36/Trafficlight_5,2,2,1.0,0,0.0,2,0.7070450782775879,yolo12n,motionblur_l1
Koeln/Koeln2/2015-04-23_13-15-59/Trafficlight_4,15,0,0.0,0,0.0,0,0.0,yolo12n,motionblur_l1
Koeln/Koeln2/2015-04-23_13-15-59/Trafficlight_3,7,0,0.0,0,0.0,0,0.0,yolo12n,motionblur_l1
Koeln/Koeln2/2015-04-23_13-16-45/Trafficlight_5,2,0,0.0,0,0.0,0,0.0,yolo12n,motionblur_l1
Koeln/Koeln2/2015-04-23_13-18-13/Trafficlight_4,7,5,0.7142857142857143,0,0.0,4,1.0578970909118652,yolo12n,motionblur_l1
Koeln/Koeln2/2015-04-23_13-18-13/Trafficlight_5,12,3,0.25,0,0.0,1,0.0,yolo12n,motionblur_l1
Koeln/Koeln2/2015-04-23_13-18-13/Trafficlight_6,13,0,0.0,0,0.0,0,0.0,yolo12n,motionblur_l1
Koeln/Koeln2/2015-04-23_13-18-13/Trafficlight_7,19,0,0.0,0,0.0,0,0.0,yolo12n,motionblur_l1
Koeln/Koeln2/2015-04-23_13-19-07/Trafficlight_1,12,0,0.0,0,0.0,0,0.0,yolo12n,motionblur_l1
Koeln/Koeln2/2015-04-23_13-19-07/Trafficlight_2,4,1,0.25,0,0.0,1,0.0,yolo12n,motionblur_l1
Koeln/Koeln2/2015-04-23_13-19-07/Trafficlight_3,5,1,0.2,0,0.0,1,0.0,yolo12n,motionblur_l1
Koeln/Koeln2/2015-04-23_13-19-07/Trafficlight_6,12,3,0.25,0,0.0,1,0.0,yolo12n,motionblur_l1
Koeln/Koeln2/2015-04-23_13-19-07/Trafficlight_7,5,1,0.2,0,0.0,1,0.0,yolo12n,motionblur_l1
Koeln/Koeln2/2015-04-23_13-19-07/Trafficlight_8,6,1,0.16666666666666666,0,0.0,1,0.0,yolo12n,motionblur_l1
Koeln/Koeln2/2015-04-23_13-22-16/Trafficlight_5,16,4,0.25,0,0.0,2,0.8218300342559814,yolo12n,motionblur_l1
Koeln/Koeln2/2015-04-23_13-22-16/Trafficlight_6,14,2,0.14285714285714285,0,0.0,2,0.8212699890136719,yolo12n,motionblur_l1
Koeln/Koeln2/2015-04-23_13-26-00/Trafficlight_1,5,5,1.0,0,0.0,5,0.23670387268066406,yolo12n,motionblur_l1
Koeln/Koeln2/2015-04-23_13-26-00/Trafficlight_2,11,9,0.8181818181818182,0,0.0,4,0.1772758960723877,yolo12n,motionblur_l1
Koeln/Koeln2/2015-04-23_13-27-52/Trafficlight_2,9,2,0.2222222222222222,0,0.0,1,0.0,yolo12n,motionblur_l1
Koeln/Koeln2/2015-04-23_13-27-52/Trafficlight_3,9,2,0.2222222222222222,1,0.1111111111111111,1,0.0,yolo12n,motionblur_l1
Koeln/Koeln2/2015-04-23_13-28-56/Trafficlight_1,1,0,0.0,0,0.0,0,0.0,yolo12n,motionblur_l1
Koeln/Koeln2/2015-04-23_13-28-56/Trafficlight_3,1,0,0.0,0,0.0,0,0.0,yolo12n,motionblur_l1
Koeln/Koeln2/2015-04-23_13-29-48/Trafficlight_1,17,1,0.058823529411764705,0,0.0,1,0.0,yolo12n,motionblur_l1
Koeln/Koeln2/2015-04-23_13-29-48/Trafficlight_2,13,0,0.0,0,0.0,0,0.0,yolo12n,motionblur_l1
Koeln/Koeln2/2015-04-23_13-29-48/Trafficlight_3,17,3,0.17647058823529413,0,0.0,1,0.0,yolo12n,motionblur_l1
Koeln/Koeln2/2015-04-23_13-30-07/Trafficlight_2,11,0,0.0,0,0.0,0,0.0,yolo12n,motionblur_l1
Koeln/Koeln2/2015-04-23_13-30-07/Trafficlight_3,14,1,0.07142857142857142,0,0.0,1,0.0,yolo12n,motionblur_l1
Koeln/Koeln2/2015-04-23_13-30-57/Trafficlight_3,10,0,0.0,0,0.0,0,0.0,yolo12n,motionblur_l1
Koeln/Koeln2/2015-04-23_13-30-57/Trafficlight_4,12,2,0.16666666666666666,0,0.0,1,0.0,yolo12n,motionblur_l1
Essen/Essen2/2015-04-22_11-54-56/Trafficlight_1,16,12,0.75,0,0.0,11,3.9973838329315186,yolov8n,motionblur_l2
Essen/Essen2/2015-04-22_11-54-56/Trafficlight_2,12,11,0.9166666666666666,0,0.0,10,3.597399950027466,yolov8n,motionblur_l2
Essen/Essen2/2015-04-22_11-55-29/Trafficlight_1,22,9,0.4090909090909091,0,0.0,6,2.000248908996582,yolov8n,motionblur_l2
Essen/Essen2/2015-04-22_11-55-29/Trafficlight_2,15,3,0.2,0,0.0,3,0.7984380722045898,yolov8n,motionblur_l2
Essen/Essen2/2015-04-22_11-55-29/Trafficlight_3,21,5,0.23809523809523808,0,0.0,2,0.40033817291259766,yolov8n,motionblur_l2
Essen/Essen2/2015-04-22_11-58-40/Trafficlight_1,1,0,0.0,0,0.0,0,0.0,yolov8n,motionblur_l2
Essen/Essen2/2015-04-22_11-58-40/Trafficlight_2,1,0,0.0,0,0.0,0,0.0,yolov8n,motionblur_l2
Essen/Essen2/2015-04-22_11-59-47/Trafficlight_1,14,8,0.5714285714285714,0,0.0,7,6.333770036697388,yolov8n,motionblur_l2
Essen/Essen2/2015-04-22_11-59-47/Trafficlight_2,18,6,0.3333333333333333,0,0.0,3,1.0665040016174316,yolov8n,motionblur_l2
Essen/Essen2/2015-04-22_11-59-47/Trafficlight_3,21,19,0.9047619047619048,0,0.0,19,9.5329430103302,yolov8n,motionblur_l2
Essen/Essen2/2015-04-22_12-00-12/Trafficlight_1,12,8,0.6666666666666666,0,0.0,4,0.7997939586639404,yolov8n,motionblur_l2
Essen/Essen2/2015-04-22_12-00-12/Trafficlight_2,12,9,0.75,0,0.0,8,2.2005012035369873,yolov8n,motionblur_l2
Essen/Essen2/2015-04-22_12-00-12/Trafficlight_3,18,9,0.5,0,0.0,8,2.468067169189453,yolov8n,motionblur_l2
Essen/Essen2/2015-04-22_12-00-50/Trafficlight_1,8,4,0.5,0,0.0,4,5.198819875717163,yolov8n,motionblur_l2
Essen/Essen2/2015-04-22_12-00-50/Trafficlight_2,4,2,0.5,0,0.0,1,0.0,yolov8n,motionblur_l2
Essen/Essen2/2015-04-22_12-00-50/Trafficlight_3,7,3,0.42857142857142855,0,0.0,3,3.466460943222046,yolov8n,motionblur_l2
Essen/Essen2/2015-04-22_12-03-07/Trafficlight_7,1,1,1.0,0,0.0,1,0.0,yolov8n,motionblur_l2
Essen/Essen2/2015-04-22_12-03-07/Trafficlight_8,1,1,1.0,0,0.0,1,0.0,yolov8n,motionblur_l2
Essen/Essen2/2015-04-22_12-03-17/Trafficlight_1,11,11,1.0,0,0.0,11,3.3990509510040283,yolov8n,motionblur_l2
Essen/Essen2/2015-04-22_12-03-17/Trafficlight_2,11,11,1.0,0,0.0,11,3.3990509510040283,yolov8n,motionblur_l2
Essen/Essen2/2015-04-22_12-03-17/Trafficlight_3,10,9,0.9,0,0.0,5,1.400094985961914,yolov8n,motionblur_l2
Essen/Essen2/2015-04-22_12-03-17/Trafficlight_4,2,2,1.0,0,0.0,2,0.33318114280700684,yolov8n,motionblur_l2
Essen/Essen2/2015-04-22_12-04-52/Trafficlight_1,18,13,0.7222222222222222,0,0.0,7,1.9981029033660889,yolov8n,motionblur_l2
Essen/Essen2/2015-04-22_12-04-52/Trafficlight_5,6,6,1.0,0,0.0,6,1.664518117904663,yolov8n,motionblur_l2
Essen/Essen2/2015-04-22_12-07-48/Trafficlight_1,7,7,1.0,0,0.0,7,1.999337911605835,yolov8n,motionblur_l2
Essen/Essen2/2015-04-22_12-07-48/Trafficlight_2,7,3,0.42857142857142855,0,0.0,1,0.0,yolov8n,motionblur_l2
Essen/Essen2/2015-04-22_12-07-48/Trafficlight_3,7,7,1.0,0,0.0,7,1.999337911605835,yolov8n,motionblur_l2
Essen/Essen2/2015-04-22_12-10-46/Trafficlight_2,10,2,0.2,0,0.0,2,1.0018799304962158,yolov8n,motionblur_l2
Essen/Essen2/2015-04-22_12-10-46/Trafficlight_3,16,6,0.375,0,0.0,5,4.073596000671387,yolov8n,motionblur_l2
Essen/Essen2/2015-04-22_12-10-46/Trafficlight_1,13,7,0.5384615384615384,0,0.0,4,3.0016729831695557,yolov8n,motionblur_l2
Essen/Essen2/2015-04-22_12-12-38/Trafficlight_1,14,11,0.7857142857142857,0,0.0,9,3.8686540126800537,yolov8n,motionblur_l2
Essen/Essen2/2015-04-22_12-12-38/Trafficlight_2,16,9,0.5625,0,0.0,8,2.798748016357422,yolov8n,motionblur_l2
Essen/Essen2/2015-04-22_12-14-33/Trafficlight_1,5,5,1.0,0,0.0,5,1.8019039630889893,yolov8n,motionblur_l2
Essen/Essen2/2015-04-22_12-14-33/Trafficlight_2,4,0,0.0,0,0.0,0,0.0,yolov8n,motionblur_l2
Essen/Essen2/2015-04-22_12-14-33/Trafficlight_3,5,5,1.0,0,0.0,5,1.8019039630889893,yolov8n,motionblur_l2
Essen/Essen2/2015-04-22_12-16-21/Trafficlight_1,16,10,0.625,1,0.0625,5,1.6008739471435547,yolov8n,motionblur_l2
Essen/Essen2/2015-04-22_12-16-21/Trafficlight_2,12,7,0.5833333333333334,0,0.0,7,2.3989789485931396,yolov8n,motionblur_l2
Essen/Essen2/2015-04-22_12-17-10/Trafficlight_2,9,9,1.0,0,0.0,9,5.531995058059692,yolov8n,motionblur_l2
Essen/Essen2/2015-04-22_12-17-10/Trafficlight_1,17,8,0.47058823529411764,0,0.0,7,4.1340460777282715,yolov8n,motionblur_l2
Essen/Essen2/2015-04-22_12-17-10/Trafficlight_3,13,12,0.9230769230769231,0,0.0,12,8.200562000274658,yolov8n,motionblur_l2
Essen/Essen3/2015-04-22_12-21-40/Trafficlight_2,20,12,0.6,0,0.0,5,0.7999179363250732,yolov8n,motionblur_l2
Essen/Essen3/2015-04-22_12-21-40/Trafficlight_3,1,1,1.0,0,0.0,1,0.0,yolov8n,motionblur_l2
Essen/Essen3/2015-04-22_12-22-11/Trafficlight_2,4,4,1.0,0,0.0,4,2.125485897064209,yolov8n,motionblur_l2
Essen/Essen3/2015-04-22_12-22-11/Trafficlight_3,6,0,0.0,0,0.0,0,0.0,yolov8n,motionblur_l2
Essen/Essen3/2015-04-22_12-22-11/Trafficlight_4,11,2,0.18181818181818182,0,0.0,2,0.6638739109039307,yolov8n,motionblur_l2
Essen/Essen3/2015-04-22_12-24-28/Trafficlight_1,5,5,1.0,0,0.0,5,3.932101011276245,yolov8n,motionblur_l2
Essen/Essen3/2015-04-22_12-24-28/Trafficlight_2,5,3,0.6,0,0.0,2,0.8665969371795654,yolov8n,motionblur_l2
Essen/Essen3/2015-04-22_12-24-28/Trafficlight_3,2,0,0.0,0,0.0,0,0.0,yolov8n,motionblur_l2
Essen/Essen3/2015-04-22_12-28-48/Trafficlight_1,20,9,0.45,0,0.0,8,3.735752820968628,yolov8n,motionblur_l2
Essen/Essen3/2015-04-22_12-28-48/Trafficlight_5,10,10,1.0,0,0.0,10,4.799072980880737,yolov8n,motionblur_l2
Essen/Essen3/2015-04-22_12-31-21/Trafficlight_4,1,1,1.0,0,0.0,1,0.0,yolov8n,motionblur_l2
Essen/Essen3/2015-04-22_12-31-56/Trafficlight_1,8,6,0.75,0,0.0,5,0.5328969955444336,yolov8n,motionblur_l2
Essen/Essen3/2015-04-22_12-31-56/Trafficlight_2,19,6,0.3157894736842105,0,0.0,6,0.6609878540039062,yolov8n,motionblur_l2
Essen/Essen3/2015-04-22_12-31-56/Trafficlight_3,9,6,0.6666666666666666,0,0.0,5,5.198945999145508,yolov8n,motionblur_l2
Essen/Essen3/2015-04-22_12-31-56/Trafficlight_4,9,3,0.3333333333333333,0,0.0,3,2.59854793548584,yolov8n,motionblur_l2
Essen/Essen3/2015-04-22_12-31-56/Trafficlight_16,8,0,0.0,0,0.0,0,0.0,yolov8n,motionblur_l2
Essen/Essen3/2015-04-22_12-31-56/Trafficlight_17,6,0,0.0,0,0.0,0,0.0,yolov8n,motionblur_l2
Essen/Essen3/2015-04-22_12-31-56/Trafficlight_18,10,0,0.0,0,0.0,0,0.0,yolov8n,motionblur_l2
Fulda/Fulda2/2015-05-15_18-00-09/Trafficlight_1,10,0,0.0,0,0.0,0,0.0,yolov8n,motionblur_l2
Fulda/Fulda2/2015-05-15_18-00-09/Trafficlight_7,3,0,0.0,0,0.0,0,0.0,yolov8n,motionblur_l2
Fulda/Fulda2/2015-05-15_18-00-57/Trafficlight_1,14,6,0.42857142857142855,0,0.0,4,1.7631139755249023,yolov8n,motionblur_l2
Fulda/Fulda2/2015-05-15_18-00-57/Trafficlight_2,10,9,0.9,0,0.0,8,4.120097875595093,yolov8n,motionblur_l2
Fulda/Fulda2/2015-05-15_18-00-57/Trafficlight_3,10,7,0.7,0,0.0,4,1.764272928237915,yolov8n,motionblur_l2
Fulda/Fulda2/2015-05-15_18-01-58/Trafficlight_14,3,3,1.0,0,0.0,3,1.1750850677490234,yolov8n,motionblur_l2
Fulda/Fulda2/2015-05-15_18-03-39/Trafficlight_5,11,2,0.18181818181818182,0,0.0,1,0.0,yolov8n,motionblur_l2
Fulda/Fulda2/2015-05-15_18-03-39/Trafficlight_6,7,0,0.0,0,0.0,0,0.0,yolov8n,motionblur_l2
Fulda/Fulda2/2015-05-15_18-03-39/Trafficlight_7,11,1,0.09090909090909091,0,0.0,1,0.0,yolov8n,motionblur_l2
Fulda/Fulda2/2015-05-15_18-04-24/Trafficlight_2,15,1,0.06666666666666667,0,0.0,1,0.0,yolov8n,motionblur_l2
Fulda/Fulda2/2015-05-15_18-05-38/Trafficlight_1,16,8,0.5,0,0.0,7,3.530895948410034,yolov8n,motionblur_l2
Fulda/Fulda2/2015-05-15_18-05-38/Trafficlight_7,14,3,0.21428571428571427,0,0.0,3,1.176785945892334,yolov8n,motionblur_l2
Fulda/Fulda2/2015-05-15_18-05-38/Trafficlight_12,7,7,1.0,0,0.0,4,1.763545036315918,yolov8n,motionblur_l2
Fulda/Fulda2/2015-05-15_18-07-04/Trafficlight_2,7,7,1.0,0,0.0,7,3.5272409915924072,yolov8n,motionblur_l2
Fulda/Fulda2/2015-05-15_18-07-04/Trafficlight_3,10,7,0.7,0,0.0,5,2.3511149883270264,yolov8n,motionblur_l2
Fulda/Fulda2/2015-05-15_18-07-04/Trafficlight_14,2,2,1.0,0,0.0,2,0.5877358913421631,yolov8n,motionblur_l2
Fulda/Fulda2/2015-05-15_18-07-37/Trafficlight_2,2,2,1.0,0,0.0,2,0.5985150337219238,yolov8n,motionblur_l2
Fulda/Fulda2/2015-05-15_18-07-37/Trafficlight_3,3,3,1.0,0,0.0,3,1.1775381565093994,yolov8n,motionblur_l2
Fulda/Fulda2/2015-05-15_18-08-11/Trafficlight_1,8,1,0.125,0,0.0,1,0.0,yolov8n,motionblur_l2
Fulda/Fulda2/2015-05-15_18-08-11/Trafficlight_2,8,0,0.0,0,0.0,0,0.0,yolov8n,motionblur_l2
Fulda/Fulda2/2015-05-15_18-09-21/Trafficlight_1,14,8,0.5714285714285714,0,0.0,7,3.532902956008911,yolov8n,motionblur_l2
Fulda/Fulda2/2015-05-15_18-09-21/Trafficlight_2,5,5,1.0,0,0.0,5,2.3477139472961426,yolov8n,motionblur_l2
Fulda/Fulda2/2015-05-15_18-11-25/Trafficlight_1,14,8,0.5714285714285714,0,0.0,8,4.116728067398071,yolov8n,motionblur_l2
Fulda/Fulda2/2015-05-15_18-11-25/Trafficlight_2,9,3,0.3333333333333333,0,0.0,2,0.588576078414917,yolov8n,motionblur_l2
Fulda/Fulda2/2015-05-15_18-11-25/Trafficlight_3,12,6,0.5,0,0.0,5,2.3541300296783447,yolov8n,motionblur_l2
Fulda/Fulda2/2015-05-15_18-12-26/Trafficlight_12,1,1,1.0,0,0.0,1,0.0,yolov8n,motionblur_l2
Fulda/Fulda2/2015-05-15_18-12-26/Trafficlight_13,1,1,1.0,0,0.0,1,0.0,yolov8n,motionblur_l2
Fulda/Fulda2/2015-05-15_18-13-56/Trafficlight_2,3,3,1.0,0,0.0,3,1.1754150390625,yolov8n,motionblur_l2
Fulda/Fulda2/2015-05-15_18-13-56/Trafficlight_3,3,2,0.6666666666666666,0,0.0,2,0.5888731479644775,yolov8n,motionblur_l2
Fulda/Fulda2/2015-05-15_18-13-56/Trafficlight_4,4,4,1.0,0,0.0,4,1.76487398147583,yolov8n,motionblur_l2
Hannover/Hannover4/2015-04-20_13-51-29/Trafficlight_7,20,20,1.0,0,0.0,20,5.936743974685669,yolov8n,motionblur_l2
Hannover/Hannover4/2015-04-20_13-51-36/Trafficlight_4,20,20,1.0,0,0.0,20,1.467405080795288,yolov8n,motionblur_l2
Hannover/Hannover4/2015-04-20_13-51-36/Trafficlight_6,10,10,1.0,0,0.0,10,0.6674211025238037,yolov8n,motionblur_l2
Hannover/Hannover4/2015-04-20_13-51-40/Trafficlight_2,20,11,0.55,0,0.0,5,2.5384368896484375,yolov8n,motionblur_l2
Hannover/Hannover4/2015-04-20_13-51-40/Trafficlight_1,18,17,0.9444444444444444,0,0.0,10,5.602406024932861,yolov8n,motionblur_l2
Hannover/Hannover4/2015-04-20_13-51-40/Trafficlight_3,19,19,1.0,0,0.0,19,11.204802989959717,yolov8n,motionblur_l2
Hannover/Hannover4/2015-04-20_13-54-28/Trafficlight_2,4,0,0.0,0,0.0,0,0.0,yolov8n,motionblur_l2
Hannover/Hannover4/2015-04-20_13-54-28/Trafficlight_3,13,8,0.6153846153846154,0,0.0,3,2.8013970851898193,yolov8n,motionblur_l2
Hannover/Hannover4/2015-04-20_13-54-28/Trafficlight_7,5,5,1.0,0,0.0,5,3.7315638065338135,yolov8n,motionblur_l2
Hannover/Hannover4/2015-04-20_13-56-44/Trafficlight_3,12,4,0.3333333333333333,0,0.0,2,0.730842113494873,yolov8n,motionblur_l2
Hannover/Hannover4/2015-04-20_13-56-44/Trafficlight_4,19,10,0.5263157894736842,0,0.0,4,2.1335318088531494,yolov8n,motionblur_l2
Hannover/Hannover4/2015-04-20_13-57-56/Trafficlight_4,19,19,1.0,0,0.0,19,1.1975510120391846,yolov8n,motionblur_l2
Hannover/Hannover4/2015-04-20_13-58-03/Trafficlight_3,16,14,0.875,0,0.0,8,4.800351142883301,yolov8n,motionblur_l2
Hannover/Hannover4/2015-04-20_13-58-03/Trafficlight_4,23,13,0.5652173913043478,0,0.0,8,4.800351142883301,yolov8n,motionblur_l2
Hannover/Hannover4/2015-04-20_13-59-27/Trafficlight_1,20,20,1.0,0,0.0,20,1.3349270820617676,yolov8n,motionblur_l2
Hannover/Hannover4/2015-04-20_14-00-12/Trafficlight_1,26,24,0.9230769230769231,0,0.0,12,6.397797107696533,yolov8n,motionblur_l2
Hannover/Hannover4/2015-04-20_14-00-12/Trafficlight_2,29,10,0.3448275862068966,0,0.0,5,2.3285300731658936,yolov8n,motionblur_l2
Hannover/Hannover4/2015-04-20_14-00-12/Trafficlight_3,9,6,0.6666666666666666,0,0.0,3,1.2001731395721436,yolov8n,motionblur_l2
Hannover/Hannover4/2015-04-20_14-01-01/Trafficlight_2,20,0,0.0,0,0.0,0,0.0,yolov8n,motionblur_l2
Hannover/Hannover4/2015-04-20_14-01-01/Trafficlight_1,20,10,0.5,0,0.0,9,7.799660921096802,yolov8n,motionblur_l2
Hannover/Hannover4/2015-04-20_14-02-07/Trafficlight_4,20,20,1.0,0,0.0,20,5.469353914260864,yolov8n,motionblur_l2
Hannover/Hannover4/2015-04-20_14-02-24/Trafficlight_2,8,7,0.875,0,0.0,5,1.2697339057922363,yolov8n,motionblur_l2
Hannover/Hannover4/2015-04-20_14-02-24/Trafficlight_3,10,9,0.9,0,0.0,6,1.597632884979248,yolov8n,motionblur_l2
Hannover/Hannover4/2015-04-20_14-02-24/Trafficlight_1,9,9,1.0,0,0.0,9,2.5317258834838867,yolov8n,motionblur_l2
Hannover/Hannover4/2015-04-20_14-02-24/Trafficlight_5,1,1,1.0,0,0.0,1,0.0,yolov8n,motionblur_l2
Hannover/Hannover4/2015-04-20_14-04-24/Trafficlight_3,6,5,0.8333333333333334,0,0.0,4,1.6685810089111328,yolov8n,motionblur_l2
Hannover/Hannover4/2015-04-20_14-04-24/Trafficlight_4,4,4,1.0,0,0.0,4,1.6685810089111328,yolov8n,motionblur_l2
Hannover/Hannover4/2015-04-20_14-04-24/Trafficlight_5,14,13,0.9285714285714286,0,0.0,9,4.533716917037964,yolov8n,motionblur_l2
Hannover/Hannover4/2015-04-20_14-05-57/Trafficlight_2,12,5,0.4166666666666667,0,0.0,3,1.8022208213806152,yolov8n,motionblur_l2
Hannover/Hannover4/2015-04-20_14-05-57/Trafficlight_1,7,7,1.0,0,0.0,7,5.333891868591309,yolov8n,motionblur_l2
Hannover/Hannover4/2015-04-20_14-05-57/Trafficlight_3,17,6,0.35294117647058826,0,0.0,5,3.535423994064331,yolov8n,motionblur_l2
Hannover/Hannover4/2015-04-20_14-06-51/Trafficlight_2,15,10,0.6666666666666666,0,0.0,6,2.7342488765716553,yolov8n,motionblur_l2
Hannover/Hannover4/2015-04-20_14-06-51/Trafficlight_1,18,11,0.6111111111111112,0,0.0,7,3.333534002304077,yolov8n,motionblur_l2
Hannover/Hannover4/2015-04-20_14-06-51/Trafficlight_3,18,15,0.8333333333333334,0,0.0,6,2.7298800945281982,yolov8n,motionblur_l2
Hannover/Hannover4/2015-04-20_14-08-36/Trafficlight_4,10,5,0.5,0,0.0,4,1.0020370483398438,yolov8n,motionblur_l2
Hannover/Hannover4/2015-04-20_14-08-36/Trafficlight_5,20,7,0.35,0,0.0,4,1.0678551197052002,yolov8n,motionblur_l2
Hannover/Hannover4/2015-04-20_14-08-36/Trafficlight_3,9,5,0.5555555555555556,0,0.0,5,1.4003751277923584,yolov8n,motionblur_l2
Hannover/Hannover4/2015-04-20_14-09-52/Trafficlight_1,20,5,0.25,0,0.0,4,1.4011199474334717,yolov8n,motionblur_l2
Hannover/Hannover4/2015-04-20_14-09-52/Trafficlight_2,20,8,0.4,0,0.0,7,2.866025924682617,yolov8n,motionblur_l2
Hannover/Hannover4/2015-04-20_14-11-20/Trafficlight_1,12,1,0.08333333333333333,0,0.0,1,0.0,yolov8n,motionblur_l2
Hannover/Hannover4/2015-04-20_14-11-20/Trafficlight_3,3,3,1.0,0,0.0,3,0.9365520477294922,yolov8n,motionblur_l2
Hannover/Hannover4/2015-04-20_14-12-16/Trafficlight_4,7,7,1.0,0,0.0,7,2.398069143295288,yolov8n,motionblur_l2
Hannover/Hannover4/2015-04-20_14-12-16/Trafficlight_5,7,7,1.0,0,0.0,7,2.398069143295288,yolov8n,motionblur_l2
Hannover/Hannover4/2015-04-20_14-12-16/Trafficlight_6,20,20,1.0,0,0.0,20,7.598844051361084,yolov8n,motionblur_l2
Hannover/Hannover4/2015-04-20_14-16-02/Trafficlight_2,14,10,0.7142857142857143,0,0.0,4,1.8710410594940186,yolov8n,motionblur_l2
Hannover/Hannover4/2015-04-20_14-16-02/Trafficlight_3,19,18,0.9473684210526315,0,0.0,12,6.868358135223389,yolov8n,motionblur_l2
Hannover/Hannover4/2015-04-20_14-16-02/Trafficlight_1,8,8,1.0,0,0.0,8,4.332615852355957,yolov8n,motionblur_l2
Hannover/Hannover4/2015-04-20_14-17-12/Trafficlight_2,20,7,0.35,0,0.0,3,0.6671879291534424,yolov8n,motionblur_l2
Hannover/Hannover4/2015-04-20_14-17-12/TrafficLight_6,20,20,1.0,0,0.0,20,6.199991941452026,yolov8n,motionblur_l2
Hannover/Hannover4/2015-04-20_14-31-46/Trafficlight_3,4,1,0.25,0,0.0,1,0.0,yolov8n,motionblur_l2
Hannover/Hannover4/2015-04-20_14-31-46/Trafficlight_4,8,0,0.0,0,0.0,0,0.0,yolov8n,motionblur_l2
Hannover/Hannover4/2015-04-20_14-31-46/Trafficlight_2,9,4,0.4444444444444444,0,0.0,3,1.3303930759429932,yolov8n,motionblur_l2
Hannover/Hannover4/2015-04-20_14-32-25/Trafficlight_3,14,4,0.2857142857142857,0,0.0,2,0.5329439640045166,yolov8n,motionblur_l2
Hannover/Hannover4/2015-04-20_14-32-25/Trafficlight_4,20,13,0.65,0,0.0,12,6.0661468505859375,yolov8n,motionblur_l2
Hannover/Hannover4/2015-04-20_14-33-38/Trafficlight_2,6,2,0.3333333333333333,0,0.0,2,0.13374805450439453,yolov8n,motionblur_l2
Hannover/Hannover4/2015-04-20_14-33-38/Trafficlight_3,20,0,0.0,0,0.0,0,0.0,yolov8n,motionblur_l2
Koeln/Koeln2/2015-04-23_12-31-31/Trafficlight_1,2,2,1.0,0,0.0,2,0.47226786613464355,yolov8n,motionblur_l2
Koeln/Koeln2/2015-04-23_12-31-31/Trafficlight_2,2,1,0.5,1,0.5,1,0.0,yolov8n,motionblur_l2
Koeln/Koeln2/2015-04-23_12-31-31/Trafficlight_3,2,2,1.0,0,0.0,2,0.47226786613464355,yolov8n,motionblur_l2
Koeln/Koeln2/2015-04-23_12-33-22/Trafficlight_19,1,1,1.0,0,0.0,1,0.0,yolov8n,motionblur_l2
Koeln/Koeln2/2015-04-23_12-54-40/Trafficlight_3,9,9,1.0,0,0.0,9,6.822049140930176,yolov8n,motionblur_l2
Koeln/Koeln2/2015-04-23_12-54-40/Trafficlight_4,9,7,0.7777777777777778,0,0.0,5,3.414505958557129,yolov8n,motionblur_l2
Koeln/Koeln2/2015-04-23_12-55-44/Trafficlight_3,8,6,0.75,0,0.0,6,3.821012020111084,yolov8n,motionblur_l2
Koeln/Koeln2/2015-04-23_12-55-44/Trafficlight_1,8,6,0.75,0,0.0,6,3.821012020111084,yolov8n,motionblur_l2
Koeln/Koeln2/2015-04-23_12-55-44/Trafficlight_2,7,5,0.7142857142857143,0,0.0,5,3.055912971496582,yolov8n,motionblur_l2
Koeln/Koeln2/2015-04-23_12-56-08/Trafficlight_2,11,0,0.0,0,0.0,0,0.0,yolov8n,motionblur_l2
Koeln/Koeln2/2015-04-23_12-56-08/Trafficlight_1,20,9,0.45,0,0.0,9,7.054329872131348,yolov8n,motionblur_l2
Koeln/Koeln2/2015-04-23_12-56-08/Trafficlight_3,15,2,0.13333333333333333,0,0.0,1,0.0,yolov8n,motionblur_l2
Koeln/Koeln2/2015-04-23_12-58-12/Trafficlight_1,20,18,0.9,0,0.0,16,14.52889609336853,yolov8n,motionblur_l2
Koeln/Koeln2/2015-04-23_12-58-12/Trafficlight_2,20,2,0.1,0,0.0,1,0.0,yolov8n,motionblur_l2
Koeln/Koeln2/2015-04-23_13-03-59/Trafficlight_2,5,5,1.0,0,0.0,5,2.116795063018799,yolov8n,motionblur_l2
Koeln/Koeln2/2015-04-23_13-03-59/Trafficlight_3,7,5,0.7142857142857143,0,0.0,3,1.0592141151428223,yolov8n,motionblur_l2
Koeln/Koeln2/2015-04-23_13-05-35/Trafficlight_4,3,0,0.0,0,0.0,0,0.0,yolov8n,motionblur_l2
Koeln/Koeln2/2015-04-23_13-05-35/Trafficlight_5,4,0,0.0,0,0.0,0,0.0,yolov8n,motionblur_l2
Koeln/Koeln2/2015-04-23_13-10-19/Trafficlight_1,3,0,0.0,0,0.0,0,0.0,yolov8n,motionblur_l2
Koeln/Koeln2/2015-04-23_13-10-19/Trafficlight_3,5,0,0.0,0,0.0,0,0.0,yolov8n,motionblur_l2
Koeln/Koeln2/2015-04-23_13-10-19/Trafficlight_7,6,6,1.0,0,0.0,4,2.4686670303344727,yolov8n,motionblur_l2
Koeln/Koeln2/2015-04-23_13-10-19/Trafficlight_8,6,6,1.0,0,0.0,4,2.4686670303344727,yolov8n,motionblur_l2
Koeln/Koeln2/2015-04-23_13-11-46/Trafficlight_1,5,5,1.0,0,0.0,5,4.520406007766724,yolov8n,motionblur_l2
Koeln/Koeln2/2015-04-23_13-11-46/Trafficlight_3,7,5,0.7142857142857143,0,0.0,4,3.588679075241089,yolov8n,motionblur_l2
Koeln/Koeln2/2015-04-23_13-15-36/Trafficlight_4,13,13,1.0,0,0.0,13,6.585233926773071,yolov8n,motionblur_l2
Koeln/Koeln2/2015-04-23_13-15-36/Trafficlight_5,2,2,1.0,0,0.0,2,0.7070450782775879,yolov8n,motionblur_l2
Koeln/Koeln2/2015-04-23_13-15-59/Trafficlight_4,15,0,0.0,0,0.0,0,0.0,yolov8n,motionblur_l2
Koeln/Koeln2/2015-04-23_13-15-59/Trafficlight_3,7,0,0.0,0,0.0,0,0.0,yolov8n,motionblur_l2
Koeln/Koeln2/2015-04-23_13-16-45/Trafficlight_5,2,0,0.0,0,0.0,0,0.0,yolov8n,motionblur_l2
Koeln/Koeln2/2015-04-23_13-18-13/Trafficlight_4,7,6,0.8571428571428571,0,0.0,5,1.4128310680389404,yolov8n,motionblur_l2
Koeln/Koeln2/2015-04-23_13-18-13/Trafficlight_5,12,8,0.6666666666666666,0,0.0,5,1.4112780094146729,yolov8n,motionblur_l2
Koeln/Koeln2/2015-04-23_13-18-13/Trafficlight_6,13,8,0.6153846153846154,0,0.0,5,1.4128310680389404,yolov8n,motionblur_l2
Koeln/Koeln2/2015-04-23_13-18-13/Trafficlight_7,19,3,0.15789473684210525,0,0.0,3,0.7084360122680664,yolov8n,motionblur_l2
Koeln/Koeln2/2015-04-23_13-19-07/Trafficlight_1,12,2,0.16666666666666666,0,0.0,2,1.7641019821166992,yolov8n,motionblur_l2
Koeln/Koeln2/2015-04-23_13-19-07/Trafficlight_2,4,2,0.5,0,0.0,2,1.763930082321167,yolov8n,motionblur_l2
Koeln/Koeln2/2015-04-23_13-19-07/Trafficlight_3,5,2,0.4,0,0.0,2,1.7647130489349365,yolov8n,motionblur_l2
Koeln/Koeln2/2015-04-23_13-19-07/Trafficlight_6,12,6,0.5,0,0.0,1,0.0,yolov8n,motionblur_l2
Koeln/Koeln2/2015-04-23_13-19-07/Trafficlight_7,5,5,1.0,0,0.0,1,0.0,yolov8n,motionblur_l2
Koeln/Koeln2/2015-04-23_13-19-07/Trafficlight_8,6,5,0.8333333333333334,0,0.0,1,0.0,yolov8n,motionblur_l2
Koeln/Koeln2/2015-04-23_13-22-16/Trafficlight_5,16,15,0.9375,0,0.0,10,7.6474950313568115,yolov8n,motionblur_l2
Koeln/Koeln2/2015-04-23_13-22-16/Trafficlight_6,14,14,1.0,0,0.0,14,11.05482292175293,yolov8n,motionblur_l2
Koeln/Koeln2/2015-04-23_13-26-00/Trafficlight_1,5,5,1.0,0,0.0,5,0.23670387268066406,yolov8n,motionblur_l2
Koeln/Koeln2/2015-04-23_13-26-00/Trafficlight_2,11,11,1.0,0,0.0,11,0.6478209495544434,yolov8n,motionblur_l2
Koeln/Koeln2/2015-04-23_13-27-52/Trafficlight_2,9,6,0.6666666666666666,0,0.0,6,3.23876690864563,yolov8n,motionblur_l2
Koeln/Koeln2/2015-04-23_13-27-52/Trafficlight_3,9,6,0.6666666666666666,0,0.0,4,1.9421930313110352,yolov8n,motionblur_l2
Koeln/Koeln2/2015-04-23_13-28-56/Trafficlight_1,1,0,0.0,0,0.0,0,0.0,yolov8n,motionblur_l2
Koeln/Koeln2/2015-04-23_13-28-56/Trafficlight_3,1,0,0.0,0,0.0,0,0.0,yolov8n,motionblur_l2
Koeln/Koeln2/2015-04-23_13-29-48/Trafficlight_1,17,7,0.4117647058823529,0,0.0,3,0.7049682140350342,yolov8n,motionblur_l2
Koeln/Koeln2/2015-04-23_13-29-48/Trafficlight_2,13,11,0.8461538461538461,0,0.0,6,1.8770840167999268,yolov8n,motionblur_l2
Koeln/Koeln2/2015-04-23_13-29-48/Trafficlight_3,17,16,0.9411764705882353,0,0.0,15,5.173794984817505,yolov8n,motionblur_l2
Koeln/Koeln2/2015-04-23_13-30-07/Trafficlight_2,11,3,0.2727272727272727,0,0.0,1,0.0,yolov8n,motionblur_l2
Koeln/Koeln2/2015-04-23_13-30-07/Trafficlight_3,14,6,0.42857142857142855,0,0.0,3,1.1876580715179443,yolov8n,motionblur_l2
Koeln/Koeln2/2015-04-23_13-30-57/Trafficlight_3,10,3,0.3,0,0.0,1,0.0,yolov8n,motionblur_l2
Koeln/Koeln2/2015-04-23_13-30-57/Trafficlight_4,12,3,0.25,0,0.0,2,0.7655680179595947,yolov8n,motionblur_l2
Essen/Essen2/2015-04-22_11-54-56/Trafficlight_1,16,8,0.5,0,0.0,3,0.7998208999633789,yolo11n,motionblur_l2
Essen/Essen2/2015-04-22_11-54-56/Trafficlight_2,12,4,0.3333333333333333,0,0.0,2,0.39777588844299316,yolo11n,motionblur_l2
Essen/Essen2/2015-04-22_11-55-29/Trafficlight_1,22,9,0.4090909090909091,0,0.0,4,1.2002389430999756,yolo11n,motionblur_l2
Essen/Essen2/2015-04-22_11-55-29/Trafficlight_2,15,2,0.13333333333333333,0,0.0,2,0.3983139991760254,yolo11n,motionblur_l2
Essen/Essen2/2015-04-22_11-55-29/Trafficlight_3,21,6,0.2857142857142857,0,0.0,4,1.199218988418579,yolo11n,motionblur_l2
Essen/Essen2/2015-04-22_11-58-40/Trafficlight_1,1,0,0.0,0,0.0,0,0.0,yolo11n,motionblur_l2
Essen/Essen2/2015-04-22_11-58-40/Trafficlight_2,1,0,0.0,0,0.0,0,0.0,yolo11n,motionblur_l2
Essen/Essen2/2015-04-22_11-59-47/Trafficlight_1,14,9,0.6428571428571429,0,0.0,9,7.399296998977661,yolo11n,motionblur_l2
Essen/Essen2/2015-04-22_11-59-47/Trafficlight_2,18,1,0.05555555555555555,0,0.0,1,0.0,yolo11n,motionblur_l2
Essen/Essen2/2015-04-22_11-59-47/Trafficlight_3,21,16,0.7619047619047619,0,0.0,13,6.333770036697388,yolo11n,motionblur_l2
Essen/Essen2/2015-04-22_12-00-12/Trafficlight_1,12,8,0.6666666666666666,0,0.0,4,0.7997939586639404,yolo11n,motionblur_l2
Essen/Essen2/2015-04-22_12-00-12/Trafficlight_2,12,7,0.5833333333333334,0,0.0,7,1.602142095565796,yolo11n,motionblur_l2
Essen/Essen2/2015-04-22_12-00-12/Trafficlight_3,18,6,0.3333333333333333,0,0.0,6,1.33628511428833,yolo11n,motionblur_l2
Essen/Essen2/2015-04-22_12-00-50/Trafficlight_1,8,0,0.0,0,0.0,0,0.0,yolo11n,motionblur_l2
Essen/Essen2/2015-04-22_12-00-50/Trafficlight_2,4,0,0.0,0,0.0,0,0.0,yolo11n,motionblur_l2
Essen/Essen2/2015-04-22_12-00-50/Trafficlight_3,7,3,0.42857142857142855,0,0.0,3,3.466460943222046,yolo11n,motionblur_l2
Essen/Essen2/2015-04-22_12-03-07/Trafficlight_7,1,1,1.0,0,0.0,1,0.0,yolo11n,motionblur_l2
Essen/Essen2/2015-04-22_12-03-07/Trafficlight_8,1,1,1.0,0,0.0,1,0.0,yolo11n,motionblur_l2
Essen/Essen2/2015-04-22_12-03-17/Trafficlight_1,11,11,1.0,0,0.0,11,3.3990509510040283,yolo11n,motionblur_l2
Essen/Essen2/2015-04-22_12-03-17/Trafficlight_2,11,10,0.9090909090909091,0,0.0,6,1.6637909412384033,yolo11n,motionblur_l2
Essen/Essen2/2015-04-22_12-03-17/Trafficlight_3,10,5,0.5,0,0.0,3,0.6650338172912598,yolo11n,motionblur_l2
Essen/Essen2/2015-04-22_12-03-17/Trafficlight_4,2,2,1.0,0,0.0,2,0.33318114280700684,yolo11n,motionblur_l2
Essen/Essen2/2015-04-22_12-04-52/Trafficlight_1,18,8,0.4444444444444444,0,0.0,2,0.33750391006469727,yolo11n,motionblur_l2
Essen/Essen2/2015-04-22_12-04-52/Trafficlight_5,6,6,1.0,0,0.0,6,1.664518117904663,yolo11n,motionblur_l2
Essen/Essen2/2015-04-22_12-07-48/Trafficlight_1,7,7,1.0,0,0.0,7,1.999337911605835,yolo11n,motionblur_l2
Essen/Essen2/2015-04-22_12-07-48/Trafficlight_2,7,6,0.8571428571428571,0,0.0,4,0.9999418258666992,yolo11n,motionblur_l2
Essen/Essen2/2015-04-22_12-07-48/Trafficlight_3,7,7,1.0,0,0.0,7,1.999337911605835,yolo11n,motionblur_l2
Essen/Essen2/2015-04-22_12-10-46/Trafficlight_2,10,3,0.3,0,0.0,3,2.002890110015869,yolo11n,motionblur_l2
Essen/Essen2/2015-04-22_12-10-46/Trafficlight_3,16,5,0.3125,0,0.0,5,4.073596000671387,yolo11n,motionblur_l2
Essen/Essen2/2015-04-22_12-10-46/Trafficlight_1,13,6,0.46153846153846156,0,0.0,4,3.0016729831695557,yolo11n,motionblur_l2
Essen/Essen2/2015-04-22_12-12-38/Trafficlight_1,14,7,0.5,0,0.0,7,3.131639003753662,yolo11n,motionblur_l2
Essen/Essen2/2015-04-22_12-12-38/Trafficlight_2,16,7,0.4375,0,0.0,7,2.397860050201416,yolo11n,motionblur_l2
Essen/Essen2/2015-04-22_12-14-33/Trafficlight_1,5,5,1.0,0,0.0,5,1.8019039630889893,yolo11n,motionblur_l2
Essen/Essen2/2015-04-22_12-14-33/Trafficlight_2,4,0,0.0,0,0.0,0,0.0,yolo11n,motionblur_l2
Essen/Essen2/2015-04-22_12-14-33/Trafficlight_3,5,5,1.0,0,0.0,5,1.8019039630889893,yolo11n,motionblur_l2
Essen/Essen2/2015-04-22_12-16-21/Trafficlight_1,16,7,0.4375,0,0.0,6,2.001897096633911,yolo11n,motionblur_l2
Essen/Essen2/2015-04-22_12-16-21/Trafficlight_2,12,4,0.3333333333333333,1,0.08333333333333333,3,0.7985739707946777,yolo11n,motionblur_l2
Essen/Essen2/2015-04-22_12-17-10/Trafficlight_2,9,8,0.8888888888888888,0,0.0,8,4.800240993499756,yolo11n,motionblur_l2
Essen/Essen2/2015-04-22_12-17-10/Trafficlight_1,17,6,0.35294117647058826,0,0.0,6,3.3997910022735596,yolo11n,motionblur_l2
Essen/Essen2/2015-04-22_12-17-10/Trafficlight_3,13,9,0.6923076923076923,0,0.0,6,3.4670660495758057,yolo11n,motionblur_l2
Essen/Essen3/2015-04-22_12-21-40/Trafficlight_2,20,7,0.35,0,0.0,3,0.399061918258667,yolo11n,motionblur_l2
Essen/Essen3/2015-04-22_12-21-40/Trafficlight_3,1,0,0.0,0,0.0,0,0.0,yolo11n,motionblur_l2
Essen/Essen3/2015-04-22_12-22-11/Trafficlight_2,4,4,1.0,0,0.0,4,2.125485897064209,yolo11n,motionblur_l2
Essen/Essen3/2015-04-22_12-22-11/Trafficlight_3,6,0,0.0,0,0.0,0,0.0,yolo11n,motionblur_l2
Essen/Essen3/2015-04-22_12-22-11/Trafficlight_4,11,0,0.0,0,0.0,0,0.0,yolo11n,motionblur_l2
Essen/Essen3/2015-04-22_12-24-28/Trafficlight_1,5,5,1.0,0,0.0,5,3.932101011276245,yolo11n,motionblur_l2
Essen/Essen3/2015-04-22_12-24-28/Trafficlight_2,5,4,0.8,0,0.0,4,2.9311981201171875,yolo11n,motionblur_l2
Essen/Essen3/2015-04-22_12-24-28/Trafficlight_3,2,0,0.0,0,0.0,0,0.0,yolo11n,motionblur_l2
Essen/Essen3/2015-04-22_12-28-48/Trafficlight_1,20,9,0.45,0,0.0,8,3.735752820968628,yolo11n,motionblur_l2
Essen/Essen3/2015-04-22_12-28-48/Trafficlight_5,10,9,0.9,0,0.0,7,3.199968099594116,yolo11n,motionblur_l2
Essen/Essen3/2015-04-22_12-31-21/Trafficlight_4,1,1,1.0,0,0.0,1,0.0,yolo11n,motionblur_l2
Essen/Essen3/2015-04-22_12-31-56/Trafficlight_1,8,5,0.625,0,0.0,5,0.5328969955444336,yolo11n,motionblur_l2
Essen/Essen3/2015-04-22_12-31-56/Trafficlight_2,19,0,0.0,0,0.0,0,0.0,yolo11n,motionblur_l2
Essen/Essen3/2015-04-22_12-31-56/Trafficlight_3,9,5,0.5555555555555556,0,0.0,5,5.198945999145508,yolo11n,motionblur_l2
Essen/Essen3/2015-04-22_12-31-56/Trafficlight_4,9,4,0.4444444444444444,0,0.0,4,3.865259885787964,yolo11n,motionblur_l2
Essen/Essen3/2015-04-22_12-31-56/Trafficlight_16,8,0,0.0,0,0.0,0,0.0,yolo11n,motionblur_l2
Essen/Essen3/2015-04-22_12-31-56/Trafficlight_17,6,0,0.0,0,0.0,0,0.0,yolo11n,motionblur_l2
Essen/Essen3/2015-04-22_12-31-56/Trafficlight_18,10,0,0.0,0,0.0,0,0.0,yolo11n,motionblur_l2
Fulda/Fulda2/2015-05-15_18-00-09/Trafficlight_1,10,0,0.0,0,0.0,0,0.0,yolo11n,motionblur_l2
Fulda/Fulda2/2015-05-15_18-00-09/Trafficlight_7,3,0,0.0,0,0.0,0,0.0,yolo11n,motionblur_l2
Fulda/Fulda2/2015-05-15_18-00-57/Trafficlight_1,14,3,0.21428571428571427,0,0.0,2,0.5875608921051025,yolo11n,motionblur_l2
Fulda/Fulda2/2015-05-15_18-00-57/Trafficlight_2,10,7,0.7,0,0.0,6,2.9411590099334717,yolo11n,motionblur_l2
Fulda/Fulda2/2015-05-15_18-00-57/Trafficlight_3,10,3,0.3,1,0.1,2,0.5882329940795898,yolo11n,motionblur_l2
Fulda/Fulda2/2015-05-15_18-01-58/Trafficlight_14,3,3,1.0,0,0.0,3,1.1750850677490234,yolo11n,motionblur_l2
Fulda/Fulda2/2015-05-15_18-03-39/Trafficlight_5,11,1,0.09090909090909091,0,0.0,1,0.0,yolo11n,motionblur_l2
Fulda/Fulda2/2015-05-15_18-03-39/Trafficlight_6,7,0,0.0,0,0.0,0,0.0,yolo11n,motionblur_l2
Fulda/Fulda2/2015-05-15_18-03-39/Trafficlight_7,11,5,0.45454545454545453,0,0.0,5,2.3544859886169434,yolo11n,motionblur_l2
Fulda/Fulda2/2015-05-15_18-04-24/Trafficlight_2,15,4,0.26666666666666666,0,0.0,2,0.5911819934844971,yolo11n,motionblur_l2
Fulda/Fulda2/2015-05-15_18-05-38/Trafficlight_1,16,3,0.1875,0,0.0,2,0.594959020614624,yolo11n,motionblur_l2
Fulda/Fulda2/2015-05-15_18-05-38/Trafficlight_7,14,3,0.21428571428571427,0,0.0,3,1.176785945892334,yolo11n,motionblur_l2
Fulda/Fulda2/2015-05-15_18-05-38/Trafficlight_12,7,7,1.0,0,0.0,4,1.763545036315918,yolo11n,motionblur_l2
Fulda/Fulda2/2015-05-15_18-07-04/Trafficlight_2,7,6,0.8571428571428571,0,0.0,6,2.9409890174865723,yolo11n,motionblur_l2
Fulda/Fulda2/2015-05-15_18-07-04/Trafficlight_3,10,9,0.9,0,0.0,7,3.5272409915924072,yolo11n,motionblur_l2
Fulda/Fulda2/2015-05-15_18-07-04/Trafficlight_14,2,2,1.0,0,0.0,2,0.5877358913421631,yolo11n,motionblur_l2
Fulda/Fulda2/2015-05-15_18-07-37/Trafficlight_2,2,1,0.5,0,0.0,1,0.0,yolo11n,motionblur_l2
Fulda/Fulda2/2015-05-15_18-07-37/Trafficlight_3,3,3,1.0,0,0.0,3,1.1775381565093994,yolo11n,motionblur_l2
Fulda/Fulda2/2015-05-15_18-08-11/Trafficlight_1,8,3,0.375,0,0.0,3,1.1792001724243164,yolo11n,motionblur_l2
Fulda/Fulda2/2015-05-15_18-08-11/Trafficlight_2,8,1,0.125,0,0.0,1,0.0,yolo11n,motionblur_l2
Fulda/Fulda2/2015-05-15_18-09-21/Trafficlight_1,14,9,0.6428571428571429,0,0.0,7,3.532902956008911,yolo11n,motionblur_l2
Fulda/Fulda2/2015-05-15_18-09-21/Trafficlight_2,5,3,0.6,0,0.0,2,0.5853478908538818,yolo11n,motionblur_l2
Fulda/Fulda2/2015-05-15_18-11-25/Trafficlight_1,14,3,0.21428571428571427,0,0.0,2,0.5875160694122314,yolo11n,motionblur_l2
Fulda/Fulda2/2015-05-15_18-11-25/Trafficlight_2,9,0,0.0,0,0.0,0,0.0,yolo11n,motionblur_l2
Fulda/Fulda2/2015-05-15_18-11-25/Trafficlight_3,12,1,0.08333333333333333,0,0.0,1,0.0,yolo11n,motionblur_l2
Fulda/Fulda2/2015-05-15_18-12-26/Trafficlight_12,1,1,1.0,0,0.0,1,0.0,yolo11n,motionblur_l2
Fulda/Fulda2/2015-05-15_18-12-26/Trafficlight_13,1,1,1.0,0,0.0,1,0.0,yolo11n,motionblur_l2
Fulda/Fulda2/2015-05-15_18-13-56/Trafficlight_2,3,3,1.0,0,0.0,3,1.1754150390625,yolo11n,motionblur_l2
Fulda/Fulda2/2015-05-15_18-13-56/Trafficlight_3,3,2,0.6666666666666666,0,0.0,2,0.5865418910980225,yolo11n,motionblur_l2
Fulda/Fulda2/2015-05-15_18-13-56/Trafficlight_4,4,4,1.0,0,0.0,4,1.76487398147583,yolo11n,motionblur_l2
Hannover/Hannover4/2015-04-20_13-51-29/Trafficlight_7,20,20,1.0,0,0.0,20,5.936743974685669,yolo11n,motionblur_l2
Hannover/Hannover4/2015-04-20_13-51-36/Trafficlight_4,20,20,1.0,0,0.0,20,1.467405080795288,yolo11n,motionblur_l2
Hannover/Hannover4/2015-04-20_13-51-36/Trafficlight_6,10,10,1.0,0,0.0,10,0.6674211025238037,yolo11n,motionblur_l2
Hannover/Hannover4/2015-04-20_13-51-40/Trafficlight_2,20,5,0.25,0,0.0,3,1.1989128589630127,yolo11n,motionblur_l2
Hannover/Hannover4/2015-04-20_13-51-40/Trafficlight_1,18,18,1.0,0,0.0,18,11.801587104797363,yolo11n,motionblur_l2
Hannover/Hannover4/2015-04-20_13-51-40/Trafficlight_3,19,17,0.8947368421052632,1,0.05263157894736842,12,6.8008270263671875,yolo11n,motionblur_l2
Hannover/Hannover4/2015-04-20_13-54-28/Trafficlight_2,4,0,0.0,0,0.0,0,0.0,yolo11n,motionblur_l2
Hannover/Hannover4/2015-04-20_13-54-28/Trafficlight_3,13,9,0.6923076923076923,0,0.0,2,1.8680229187011719,yolo11n,motionblur_l2
Hannover/Hannover4/2015-04-20_13-54-28/Trafficlight_7,5,5,1.0,0,0.0,5,3.7315638065338135,yolo11n,motionblur_l2
Hannover/Hannover4/2015-04-20_13-56-44/Trafficlight_3,12,0,0.0,0,0.0,0,0.0,yolo11n,motionblur_l2
Hannover/Hannover4/2015-04-20_13-56-44/Trafficlight_4,19,4,0.21052631578947367,0,0.0,4,2.1329729557037354,yolo11n,motionblur_l2
Hannover/Hannover4/2015-04-20_13-57-56/Trafficlight_4,19,19,1.0,0,0.0,19,1.1975510120391846,yolo11n,motionblur_l2
Hannover/Hannover4/2015-04-20_13-58-03/Trafficlight_3,16,8,0.5,0,0.0,4,2.0628230571746826,yolo11n,motionblur_l2
Hannover/Hannover4/2015-04-20_13-58-03/Trafficlight_4,23,14,0.6086956521739131,0,0.0,9,5.466191053390503,yolo11n,motionblur_l2
Hannover/Hannover4/2015-04-20_13-59-27/Trafficlight_1,20,20,1.0,0,0.0,20,1.3349270820617676,yolo11n,motionblur_l2
Hannover/Hannover4/2015-04-20_14-00-12/Trafficlight_1,26,26,1.0,0,0.0,14,6.397797107696533,yolo11n,motionblur_l2
Hannover/Hannover4/2015-04-20_14-00-12/Trafficlight_2,29,6,0.20689655172413793,0,0.0,4,1.7294580936431885,yolo11n,motionblur_l2
Hannover/Hannover4/2015-04-20_14-00-12/Trafficlight_3,9,9,1.0,0,0.0,9,4.66677713394165,yolo11n,motionblur_l2
Hannover/Hannover4/2015-04-20_14-01-01/Trafficlight_2,20,0,0.0,0,0.0,0,0.0,yolo11n,motionblur_l2
Hannover/Hannover4/2015-04-20_14-01-01/Trafficlight_1,20,12,0.6,0,0.0,9,7.799660921096802,yolo11n,motionblur_l2
Hannover/Hannover4/2015-04-20_14-02-07/Trafficlight_4,20,20,1.0,0,0.0,20,5.469353914260864,yolo11n,motionblur_l2
Hannover/Hannover4/2015-04-20_14-02-24/Trafficlight_2,8,6,0.75,0,0.0,4,0.9314160346984863,yolo11n,motionblur_l2
Hannover/Hannover4/2015-04-20_14-02-24/Trafficlight_3,10,8,0.8,0,0.0,6,1.597632884979248,yolo11n,motionblur_l2
Hannover/Hannover4/2015-04-20_14-02-24/Trafficlight_1,9,9,1.0,0,0.0,9,2.5317258834838867,yolo11n,motionblur_l2
Hannover/Hannover4/2015-04-20_14-02-24/Trafficlight_5,1,1,1.0,0,0.0,1,0.0,yolo11n,motionblur_l2
Hannover/Hannover4/2015-04-20_14-04-24/Trafficlight_3,6,6,1.0,0,0.0,4,1.6685810089111328,yolo11n,motionblur_l2
Hannover/Hannover4/2015-04-20_14-04-24/Trafficlight_4,4,4,1.0,0,0.0,4,1.6685810089111328,yolo11n,motionblur_l2
Hannover/Hannover4/2015-04-20_14-04-24/Trafficlight_5,14,14,1.0,0,0.0,10,5.067967891693115,yolo11n,motionblur_l2
Hannover/Hannover4/2015-04-20_14-05-57/Trafficlight_2,12,5,0.4166666666666667,0,0.0,4,2.668240785598755,yolo11n,motionblur_l2
Hannover/Hannover4/2015-04-20_14-05-57/Trafficlight_1,7,7,1.0,0,0.0,7,5.333891868591309,yolo11n,motionblur_l2
Hannover/Hannover4/2015-04-20_14-05-57/Trafficlight_3,17,5,0.29411764705882354,0,0.0,3,1.7332031726837158,yolo11n,motionblur_l2
Hannover/Hannover4/2015-04-20_14-06-51/Trafficlight_2,15,4,0.26666666666666666,0,0.0,2,0.5994980335235596,yolo11n,motionblur_l2
Hannover/Hannover4/2015-04-20_14-06-51/Trafficlight_1,18,2,0.1111111111111111,0,0.0,1,0.0,yolo11n,motionblur_l2
Hannover/Hannover4/2015-04-20_14-06-51/Trafficlight_3,18,17,0.9444444444444444,0,0.0,16,8.198878049850464,yolo11n,motionblur_l2
Hannover/Hannover4/2015-04-20_14-08-36/Trafficlight_4,10,1,0.1,0,0.0,1,0.0,yolo11n,motionblur_l2
Hannover/Hannover4/2015-04-20_14-08-36/Trafficlight_5,20,4,0.2,0,0.0,1,0.0,yolo11n,motionblur_l2
Hannover/Hannover4/2015-04-20_14-08-36/Trafficlight_3,9,6,0.6666666666666666,0,0.0,5,1.4003751277923584,yolo11n,motionblur_l2
Hannover/Hannover4/2015-04-20_14-09-52/Trafficlight_1,20,4,0.2,0,0.0,4,1.4011199474334717,yolo11n,motionblur_l2
Hannover/Hannover4/2015-04-20_14-09-52/Trafficlight_2,20,9,0.45,0,0.0,9,3.865854024887085,yolo11n,motionblur_l2
Hannover/Hannover4/2015-04-20_14-11-20/Trafficlight_1,12,1,0.08333333333333333,0,0.0,1,0.0,yolo11n,motionblur_l2
Hannover/Hannover4/2015-04-20_14-11-20/Trafficlight_3,3,3,1.0,0,0.0,3,0.9365520477294922,yolo11n,motionblur_l2
Hannover/Hannover4/2015-04-20_14-12-16/Trafficlight_4,7,7,1.0,0,0.0,7,2.398069143295288,yolo11n,motionblur_l2
Hannover/Hannover4/2015-04-20_14-12-16/Trafficlight_5,7,7,1.0,0,0.0,7,2.398069143295288,yolo11n,motionblur_l2
Hannover/Hannover4/2015-04-20_14-12-16/Trafficlight_6,20,20,1.0,0,0.0,20,7.598844051361084,yolo11n,motionblur_l2
Hannover/Hannover4/2015-04-20_14-16-02/Trafficlight_2,14,8,0.5714285714285714,0,0.0,4,1.8674218654632568,yolo11n,motionblur_l2
Hannover/Hannover4/2015-04-20_14-16-02/Trafficlight_3,19,18,0.9473684210526315,0,0.0,12,6.868358135223389,yolo11n,motionblur_l2
Hannover/Hannover4/2015-04-20_14-16-02/Trafficlight_1,8,8,1.0,0,0.0,8,4.332615852355957,yolo11n,motionblur_l2
Hannover/Hannover4/2015-04-20_14-17-12/Trafficlight_2,20,12,0.6,0,0.0,3,0.6671879291534424,yolo11n,motionblur_l2
Hannover/Hannover4/2015-04-20_14-17-12/TrafficLight_6,20,20,1.0,0,0.0,20,6.199991941452026,yolo11n,motionblur_l2
Hannover/Hannover4/2015-04-20_14-31-46/Trafficlight_3,4,0,0.0,0,0.0,0,0.0,yolo11n,motionblur_l2
Hannover/Hannover4/2015-04-20_14-31-46/Trafficlight_4,8,0,0.0,0,0.0,0,0.0,yolo11n,motionblur_l2
Hannover/Hannover4/2015-04-20_14-31-46/Trafficlight_2,9,5,0.5555555555555556,0,0.0,4,1.999906063079834,yolo11n,motionblur_l2
Hannover/Hannover4/2015-04-20_14-32-25/Trafficlight_3,14,1,0.07142857142857142,0,0.0,1,0.0,yolo11n,motionblur_l2
Hannover/Hannover4/2015-04-20_14-32-25/Trafficlight_4,20,6,0.3,0,0.0,3,1.0650408267974854,yolo11n,motionblur_l2
Hannover/Hannover4/2015-04-20_14-33-38/Trafficlight_2,6,3,0.5,0,0.0,3,0.33611202239990234,yolo11n,motionblur_l2
Hannover/Hannover4/2015-04-20_14-33-38/Trafficlight_3,20,9,0.45,0,0.0,5,0.7353959083557129,yolo11n,motionblur_l2
Koeln/Koeln2/2015-04-23_12-31-31/Trafficlight_1,2,1,0.5,0,0.0,1,0.0,yolo11n,motionblur_l2
Koeln/Koeln2/2015-04-23_12-31-31/Trafficlight_2,2,1,0.5,0,0.0,1,0.0,yolo11n,motionblur_l2
Koeln/Koeln2/2015-04-23_12-31-31/Trafficlight_3,2,2,1.0,0,0.0,2,0.47226786613464355,yolo11n,motionblur_l2
Koeln/Koeln2/2015-04-23_12-33-22/Trafficlight_19,1,1,1.0,0,0.0,1,0.0,yolo11n,motionblur_l2
Koeln/Koeln2/2015-04-23_12-54-40/Trafficlight_3,9,8,0.8888888888888888,0,0.0,8,5.94207501411438,yolo11n,motionblur_l2
Koeln/Koeln2/2015-04-23_12-54-40/Trafficlight_4,9,7,0.7777777777777778,3,0.3333333333333333,4,2.588271141052246,yolo11n,motionblur_l2
Koeln/Koeln2/2015-04-23_12-55-44/Trafficlight_3,8,6,0.75,1,0.125,6,3.821012020111084,yolo11n,motionblur_l2
Koeln/Koeln2/2015-04-23_12-55-44/Trafficlight_1,8,5,0.625,0,0.0,5,3.0573830604553223,yolo11n,motionblur_l2
Koeln/Koeln2/2015-04-23_12-55-44/Trafficlight_2,7,6,0.8571428571428571,0,0.0,6,3.821012020111084,yolo11n,motionblur_l2
Koeln/Koeln2/2015-04-23_12-56-08/Trafficlight_2,11,0,0.0,0,0.0,0,0.0,yolo11n,motionblur_l2
Koeln/Koeln2/2015-04-23_12-56-08/Trafficlight_1,20,9,0.45,0,0.0,9,7.054329872131348,yolo11n,motionblur_l2
Koeln/Koeln2/2015-04-23_12-56-08/Trafficlight_3,15,2,0.13333333333333333,0,0.0,1,0.0,yolo11n,motionblur_l2
Koeln/Koeln2/2015-04-23_12-58-12/Trafficlight_1,20,20,1.0,0,0.0,20,18.408507108688354,yolo11n,motionblur_l2
Koeln/Koeln2/2015-04-23_12-58-12/Trafficlight_2,20,0,0.0,0,0.0,0,0.0,yolo11n,motionblur_l2
Koeln/Koeln2/2015-04-23_13-03-59/Trafficlight_2,5,5,1.0,0,0.0,5,2.116795063018799,yolo11n,motionblur_l2
Koeln/Koeln2/2015-04-23_13-03-59/Trafficlight_3,7,7,1.0,1,0.14285714285714285,7,3.4705021381378174,yolo11n,motionblur_l2
Koeln/Koeln2/2015-04-23_13-05-35/Trafficlight_4,3,2,0.6666666666666666,0,0.0,2,0.8221518993377686,yolo11n,motionblur_l2
Koeln/Koeln2/2015-04-23_13-05-35/Trafficlight_5,4,0,0.0,0,0.0,0,0.0,yolo11n,motionblur_l2
Koeln/Koeln2/2015-04-23_13-10-19/Trafficlight_1,3,0,0.0,0,0.0,0,0.0,yolo11n,motionblur_l2
Koeln/Koeln2/2015-04-23_13-10-19/Trafficlight_3,5,0,0.0,0,0.0,0,0.0,yolo11n,motionblur_l2
Koeln/Koeln2/2015-04-23_13-10-19/Trafficlight_7,6,6,1.0,0,0.0,4,2.4686670303344727,yolo11n,motionblur_l2
Koeln/Koeln2/2015-04-23_13-10-19/Trafficlight_8,6,6,1.0,0,0.0,4,2.4686670303344727,yolo11n,motionblur_l2
Koeln/Koeln2/2015-04-23_13-11-46/Trafficlight_1,5,5,1.0,0,0.0,5,4.520406007766724,yolo11n,motionblur_l2
Koeln/Koeln2/2015-04-23_13-11-46/Trafficlight_3,7,5,0.7142857142857143,0,0.0,4,3.588679075241089,yolo11n,motionblur_l2
Koeln/Koeln2/2015-04-23_13-15-36/Trafficlight_4,13,13,1.0,2,0.15384615384615385,13,6.585233926773071,yolo11n,motionblur_l2
Koeln/Koeln2/2015-04-23_13-15-36/Trafficlight_5,2,2,1.0,0,0.0,2,0.7070450782775879,yolo11n,motionblur_l2
Koeln/Koeln2/2015-04-23_13-15-59/Trafficlight_4,15,0,0.0,0,0.0,0,0.0,yolo11n,motionblur_l2
Koeln/Koeln2/2015-04-23_13-15-59/Trafficlight_3,7,0,0.0,0,0.0,0,0.0,yolo11n,motionblur_l2
Koeln/Koeln2/2015-04-23_13-16-45/Trafficlight_5,2,0,0.0,0,0.0,0,0.0,yolo11n,motionblur_l2
Koeln/Koeln2/2015-04-23_13-18-13/Trafficlight_4,7,7,1.0,0,0.0,5,1.4128310680389404,yolo11n,motionblur_l2
Koeln/Koeln2/2015-04-23_13-18-13/Trafficlight_5,12,5,0.4166666666666667,0,0.0,2,0.35323500633239746,yolo11n,motionblur_l2
Koeln/Koeln2/2015-04-23_13-18-13/Trafficlight_6,13,6,0.46153846153846156,0,0.0,2,0.354172945022583,yolo11n,motionblur_l2
Koeln/Koeln2/2015-04-23_13-18-13/Trafficlight_7,19,2,0.10526315789473684,0,0.0,2,0.3549339771270752,yolo11n,motionblur_l2
Koeln/Koeln2/2015-04-23_13-19-07/Trafficlight_1,12,2,0.16666666666666666,0,0.0,2,1.7641019821166992,yolo11n,motionblur_l2
Koeln/Koeln2/2015-04-23_13-19-07/Trafficlight_2,4,0,0.0,0,0.0,0,0.0,yolo11n,motionblur_l2
Koeln/Koeln2/2015-04-23_13-19-07/Trafficlight_3,5,3,0.6,0,0.0,3,3.5286431312561035,yolo11n,motionblur_l2
Koeln/Koeln2/2015-04-23_13-19-07/Trafficlight_6,12,6,0.5,0,0.0,1,0.0,yolo11n,motionblur_l2
Koeln/Koeln2/2015-04-23_13-19-07/Trafficlight_7,5,4,0.8,0,0.0,1,0.0,yolo11n,motionblur_l2
Koeln/Koeln2/2015-04-23_13-19-07/Trafficlight_8,6,4,0.6666666666666666,0,0.0,1,0.0,yolo11n,motionblur_l2
Koeln/Koeln2/2015-04-23_13-22-16/Trafficlight_5,16,13,0.8125,0,0.0,4,2.5286800861358643,yolo11n,motionblur_l2
Koeln/Koeln2/2015-04-23_13-22-16/Trafficlight_6,14,7,0.5,0,0.0,7,5.11556601524353,yolo11n,motionblur_l2
Koeln/Koeln2/2015-04-23_13-26-00/Trafficlight_1,5,5,1.0,0,0.0,5,0.23670387268066406,yolo11n,motionblur_l2
Koeln/Koeln2/2015-04-23_13-26-00/Trafficlight_2,11,6,0.5454545454545454,5,0.45454545454545453,3,0.11481404304504395,yolo11n,motionblur_l2
Koeln/Koeln2/2015-04-23_13-27-52/Trafficlight_2,9,4,0.4444444444444444,0,0.0,3,1.2959229946136475,yolo11n,motionblur_l2
Koeln/Koeln2/2015-04-23_13-27-52/Trafficlight_3,9,3,0.3333333333333333,0,0.0,3,1.2959229946136475,yolo11n,motionblur_l2
Koeln/Koeln2/2015-04-23_13-28-56/Trafficlight_1,1,1,1.0,0,0.0,1,0.0,yolo11n,motionblur_l2
Koeln/Koeln2/2015-04-23_13-28-56/Trafficlight_3,1,0,0.0,0,0.0,0,0.0,yolo11n,motionblur_l2
Koeln/Koeln2/2015-04-23_13-29-48/Trafficlight_1,17,3,0.17647058823529413,0,0.0,1,0.0,yolo11n,motionblur_l2
Koeln/Koeln2/2015-04-23_13-29-48/Trafficlight_2,13,11,0.8461538461538461,0,0.0,6,1.8770840167999268,yolo11n,motionblur_l2
Koeln/Koeln2/2015-04-23_13-29-48/Trafficlight_3,17,12,0.7058823529411765,0,0.0,7,2.233128070831299,yolo11n,motionblur_l2
Koeln/Koeln2/2015-04-23_13-30-07/Trafficlight_2,11,1,0.09090909090909091,0,0.0,1,0.0,yolo11n,motionblur_l2
Koeln/Koeln2/2015-04-23_13-30-07/Trafficlight_3,14,3,0.21428571428571427,0,0.0,1,0.0,yolo11n,motionblur_l2
Koeln/Koeln2/2015-04-23_13-30-57/Trafficlight_3,10,1,0.1,0,0.0,1,0.0,yolo11n,motionblur_l2
Koeln/Koeln2/2015-04-23_13-30-57/Trafficlight_4,12,4,0.3333333333333333,0,0.0,3,1.5298340320587158,yolo11n,motionblur_l2
Essen/Essen2/2015-04-22_11-54-56/Trafficlight_1,16,8,0.5,0,0.0,4,1.1998169422149658,yolo12n,motionblur_l2
Essen/Essen2/2015-04-22_11-54-56/Trafficlight_2,12,3,0.25,0,0.0,2,0.39777588844299316,yolo12n,motionblur_l2
Essen/Essen2/2015-04-22_11-55-29/Trafficlight_1,22,7,0.3181818181818182,0,0.0,5,1.5990920066833496,yolo12n,motionblur_l2
Essen/Essen2/2015-04-22_11-55-29/Trafficlight_2,15,2,0.13333333333333333,0,0.0,1,0.0,yolo12n,motionblur_l2
Essen/Essen2/2015-04-22_11-55-29/Trafficlight_3,21,5,0.23809523809523808,0,0.0,4,1.199218988418579,yolo12n,motionblur_l2
Essen/Essen2/2015-04-22_11-58-40/Trafficlight_1,1,0,0.0,0,0.0,0,0.0,yolo12n,motionblur_l2
Essen/Essen2/2015-04-22_11-58-40/Trafficlight_2,1,0,0.0,0,0.0,0,0.0,yolo12n,motionblur_l2
Essen/Essen2/2015-04-22_11-59-47/Trafficlight_1,14,10,0.7142857142857143,0,0.0,7,6.333770036697388,yolo12n,motionblur_l2
Essen/Essen2/2015-04-22_11-59-47/Trafficlight_2,18,3,0.16666666666666666,0,0.0,1,0.0,yolo12n,motionblur_l2
Essen/Essen2/2015-04-22_11-59-47/Trafficlight_3,21,12,0.5714285714285714,0,0.0,6,2.672013998031616,yolo12n,motionblur_l2
Essen/Essen2/2015-04-22_12-00-12/Trafficlight_1,12,9,0.75,0,0.0,4,0.7997939586639404,yolo12n,motionblur_l2
Essen/Essen2/2015-04-22_12-00-12/Trafficlight_2,12,7,0.5833333333333334,0,0.0,7,1.602142095565796,yolo12n,motionblur_l2
Essen/Essen2/2015-04-22_12-00-12/Trafficlight_3,18,8,0.4444444444444444,0,0.0,6,1.33628511428833,yolo12n,motionblur_l2
Essen/Essen2/2015-04-22_12-00-50/Trafficlight_1,8,2,0.25,0,0.0,2,1.7323589324951172,yolo12n,motionblur_l2
Essen/Essen2/2015-04-22_12-00-50/Trafficlight_2,4,0,0.0,0,0.0,0,0.0,yolo12n,motionblur_l2
Essen/Essen2/2015-04-22_12-00-50/Trafficlight_3,7,3,0.42857142857142855,0,0.0,3,3.466460943222046,yolo12n,motionblur_l2
Essen/Essen2/2015-04-22_12-03-07/Trafficlight_7,1,1,1.0,0,0.0,1,0.0,yolo12n,motionblur_l2
Essen/Essen2/2015-04-22_12-03-07/Trafficlight_8,1,1,1.0,0,0.0,1,0.0,yolo12n,motionblur_l2
Essen/Essen2/2015-04-22_12-03-17/Trafficlight_1,11,11,1.0,0,0.0,11,3.3990509510040283,yolo12n,motionblur_l2
Essen/Essen2/2015-04-22_12-03-17/Trafficlight_2,11,10,0.9090909090909091,0,0.0,6,1.6637909412384033,yolo12n,motionblur_l2
Essen/Essen2/2015-04-22_12-03-17/Trafficlight_3,10,5,0.5,0,0.0,3,0.666546106338501,yolo12n,motionblur_l2
Essen/Essen2/2015-04-22_12-03-17/Trafficlight_4,2,1,0.5,0,0.0,1,0.0,yolo12n,motionblur_l2
Essen/Essen2/2015-04-22_12-04-52/Trafficlight_1,18,13,0.7222222222222222,0,0.0,7,2.000885009765625,yolo12n,motionblur_l2
Essen/Essen2/2015-04-22_12-04-52/Trafficlight_5,6,6,1.0,0,0.0,6,1.664518117904663,yolo12n,motionblur_l2
Essen/Essen2/2015-04-22_12-07-48/Trafficlight_1,7,7,1.0,0,0.0,7,1.999337911605835,yolo12n,motionblur_l2
Essen/Essen2/2015-04-22_12-07-48/Trafficlight_2,7,4,0.5714285714285714,0,0.0,3,0.6662139892578125,yolo12n,motionblur_l2
Essen/Essen2/2015-04-22_12-07-48/Trafficlight_3,7,6,0.8571428571428571,0,0.0,6,1.6647820472717285,yolo12n,motionblur_l2
Essen/Essen2/2015-04-22_12-10-46/Trafficlight_2,10,1,0.1,0,0.0,1,0.0,yolo12n,motionblur_l2
Essen/Essen2/2015-04-22_12-10-46/Trafficlight_3,16,5,0.3125,0,0.0,5,4.073596000671387,yolo12n,motionblur_l2
Essen/Essen2/2015-04-22_12-10-46/Trafficlight_1,13,6,0.46153846153846156,0,0.0,4,3.0016729831695557,yolo12n,motionblur_l2
Essen/Essen2/2015-04-22_12-12-38/Trafficlight_1,14,9,0.6428571428571429,0,0.0,7,3.131639003753662,yolo12n,motionblur_l2
Essen/Essen2/2015-04-22_12-12-38/Trafficlight_2,16,7,0.4375,0,0.0,4,1.331737995147705,yolo12n,motionblur_l2
Essen/Essen2/2015-04-22_12-14-33/Trafficlight_1,5,5,1.0,0,0.0,5,1.8019039630889893,yolo12n,motionblur_l2
Essen/Essen2/2015-04-22_12-14-33/Trafficlight_2,4,0,0.0,0,0.0,0,0.0,yolo12n,motionblur_l2
Essen/Essen2/2015-04-22_12-14-33/Trafficlight_3,5,5,1.0,0,0.0,5,1.8019039630889893,yolo12n,motionblur_l2
Essen/Essen2/2015-04-22_12-16-21/Trafficlight_1,16,9,0.5625,0,0.0,8,2.801816940307617,yolo12n,motionblur_l2
Essen/Essen2/2015-04-22_12-16-21/Trafficlight_2,12,6,0.5,0,0.0,3,0.8011281490325928,yolo12n,motionblur_l2
Essen/Essen2/2015-04-22_12-17-10/Trafficlight_2,9,9,1.0,0,0.0,9,5.531995058059692,yolo12n,motionblur_l2
Essen/Essen2/2015-04-22_12-17-10/Trafficlight_1,17,6,0.35294117647058826,0,0.0,6,3.3997910022735596,yolo12n,motionblur_l2
Essen/Essen2/2015-04-22_12-17-10/Trafficlight_3,13,13,1.0,0,0.0,13,8.866031885147095,yolo12n,motionblur_l2
Essen/Essen3/2015-04-22_12-21-40/Trafficlight_2,20,14,0.7,0,0.0,13,2.4012539386749268,yolo12n,motionblur_l2
Essen/Essen3/2015-04-22_12-21-40/Trafficlight_3,1,0,0.0,0,0.0,0,0.0,yolo12n,motionblur_l2
Essen/Essen3/2015-04-22_12-22-11/Trafficlight_2,4,3,0.75,0,0.0,2,0.7975540161132812,yolo12n,motionblur_l2
Essen/Essen3/2015-04-22_12-22-11/Trafficlight_3,6,1,0.16666666666666666,0,0.0,1,0.0,yolo12n,motionblur_l2
Essen/Essen3/2015-04-22_12-22-11/Trafficlight_4,11,1,0.09090909090909091,0,0.0,1,0.0,yolo12n,motionblur_l2
Essen/Essen3/2015-04-22_12-24-28/Trafficlight_1,5,5,1.0,0,0.0,5,3.932101011276245,yolo12n,motionblur_l2
Essen/Essen3/2015-04-22_12-24-28/Trafficlight_2,5,4,0.8,0,0.0,4,2.9311981201171875,yolo12n,motionblur_l2
Essen/Essen3/2015-04-22_12-24-28/Trafficlight_3,2,0,0.0,0,0.0,0,0.0,yolo12n,motionblur_l2
Essen/Essen3/2015-04-22_12-28-48/Trafficlight_1,20,13,0.65,0,0.0,12,5.866968870162964,yolo12n,motionblur_l2
Essen/Essen3/2015-04-22_12-28-48/Trafficlight_5,10,9,0.9,0,0.0,9,4.263523101806641,yolo12n,motionblur_l2
Essen/Essen3/2015-04-22_12-31-21/Trafficlight_4,1,1,1.0,0,0.0,1,0.0,yolo12n,motionblur_l2
Essen/Essen3/2015-04-22_12-31-56/Trafficlight_1,8,2,0.25,0,0.0,2,0.13503599166870117,yolo12n,motionblur_l2
Essen/Essen3/2015-04-22_12-31-56/Trafficlight_2,19,3,0.15789473684210525,0,0.0,3,0.2619669437408447,yolo12n,motionblur_l2
Essen/Essen3/2015-04-22_12-31-56/Trafficlight_3,9,9,1.0,0,0.0,9,10.398319005966187,yolo12n,motionblur_l2
Essen/Essen3/2015-04-22_12-31-56/Trafficlight_4,9,4,0.4444444444444444,0,0.0,4,3.865259885787964,yolo12n,motionblur_l2
Essen/Essen3/2015-04-22_12-31-56/Trafficlight_16,8,3,0.375,0,0.0,3,1.1994891166687012,yolo12n,motionblur_l2
Essen/Essen3/2015-04-22_12-31-56/Trafficlight_17,6,0,0.0,0,0.0,0,0.0,yolo12n,motionblur_l2
Essen/Essen3/2015-04-22_12-31-56/Trafficlight_18,10,0,0.0,0,0.0,0,0.0,yolo12n,motionblur_l2
Fulda/Fulda2/2015-05-15_18-00-09/Trafficlight_1,10,0,0.0,0,0.0,0,0.0,yolo12n,motionblur_l2
Fulda/Fulda2/2015-05-15_18-00-09/Trafficlight_7,3,0,0.0,0,0.0,0,0.0,yolo12n,motionblur_l2
Fulda/Fulda2/2015-05-15_18-00-57/Trafficlight_1,14,3,0.21428571428571427,0,0.0,2,0.5875608921051025,yolo12n,motionblur_l2
Fulda/Fulda2/2015-05-15_18-00-57/Trafficlight_2,10,9,0.9,0,0.0,7,3.528719902038574,yolo12n,motionblur_l2
Fulda/Fulda2/2015-05-15_18-00-57/Trafficlight_3,10,9,0.9,4,0.4,7,3.527169942855835,yolo12n,motionblur_l2
Fulda/Fulda2/2015-05-15_18-01-58/Trafficlight_14,3,3,1.0,0,0.0,3,1.1750850677490234,yolo12n,motionblur_l2
Fulda/Fulda2/2015-05-15_18-03-39/Trafficlight_5,11,1,0.09090909090909091,0,0.0,1,0.0,yolo12n,motionblur_l2
Fulda/Fulda2/2015-05-15_18-03-39/Trafficlight_6,7,0,0.0,0,0.0,0,0.0,yolo12n,motionblur_l2
Fulda/Fulda2/2015-05-15_18-03-39/Trafficlight_7,11,3,0.2727272727272727,0,0.0,2,0.5901861190795898,yolo12n,motionblur_l2
Fulda/Fulda2/2015-05-15_18-04-24/Trafficlight_2,15,3,0.2,0,0.0,2,0.5911819934844971,yolo12n,motionblur_l2
Fulda/Fulda2/2015-05-15_18-05-38/Trafficlight_1,16,4,0.25,0,0.0,2,0.5871589183807373,yolo12n,motionblur_l2
Fulda/Fulda2/2015-05-15_18-05-38/Trafficlight_7,14,3,0.21428571428571427,0,0.0,3,1.176785945892334,yolo12n,motionblur_l2
Fulda/Fulda2/2015-05-15_18-05-38/Trafficlight_12,7,7,1.0,0,0.0,4,1.763545036315918,yolo12n,motionblur_l2
Fulda/Fulda2/2015-05-15_18-07-04/Trafficlight_2,7,6,0.8571428571428571,0,0.0,4,1.7655088901519775,yolo12n,motionblur_l2
Fulda/Fulda2/2015-05-15_18-07-04/Trafficlight_3,10,10,1.0,0,0.0,10,5.294755935668945,yolo12n,motionblur_l2
Fulda/Fulda2/2015-05-15_18-07-04/Trafficlight_14,2,2,1.0,0,0.0,2,0.5877358913421631,yolo12n,motionblur_l2
Fulda/Fulda2/2015-05-15_18-07-37/Trafficlight_2,2,1,0.5,0,0.0,1,0.0,yolo12n,motionblur_l2
Fulda/Fulda2/2015-05-15_18-07-37/Trafficlight_3,3,2,0.6666666666666666,0,0.0,1,0.0,yolo12n,motionblur_l2
Fulda/Fulda2/2015-05-15_18-08-11/Trafficlight_1,8,4,0.5,0,0.0,2,0.5913000106811523,yolo12n,motionblur_l2
Fulda/Fulda2/2015-05-15_18-08-11/Trafficlight_2,8,3,0.375,0,0.0,2,0.5913000106811523,yolo12n,motionblur_l2
Fulda/Fulda2/2015-05-15_18-09-21/Trafficlight_1,14,8,0.5714285714285714,0,0.0,7,3.532902956008911,yolo12n,motionblur_l2
Fulda/Fulda2/2015-05-15_18-09-21/Trafficlight_2,5,5,1.0,0,0.0,5,2.3477139472961426,yolo12n,motionblur_l2
Fulda/Fulda2/2015-05-15_18-11-25/Trafficlight_1,14,7,0.5,0,0.0,4,1.7649991512298584,yolo12n,motionblur_l2
Fulda/Fulda2/2015-05-15_18-11-25/Trafficlight_2,9,0,0.0,0,0.0,0,0.0,yolo12n,motionblur_l2
Fulda/Fulda2/2015-05-15_18-11-25/Trafficlight_3,12,3,0.25,0,0.0,3,1.178333044052124,yolo12n,motionblur_l2
Fulda/Fulda2/2015-05-15_18-12-26/Trafficlight_12,1,1,1.0,0,0.0,1,0.0,yolo12n,motionblur_l2
Fulda/Fulda2/2015-05-15_18-12-26/Trafficlight_13,1,1,1.0,0,0.0,1,0.0,yolo12n,motionblur_l2
Fulda/Fulda2/2015-05-15_18-13-56/Trafficlight_2,3,3,1.0,0,0.0,3,1.1754150390625,yolo12n,motionblur_l2
Fulda/Fulda2/2015-05-15_18-13-56/Trafficlight_3,3,3,1.0,0,0.0,3,1.1754150390625,yolo12n,motionblur_l2
Fulda/Fulda2/2015-05-15_18-13-56/Trafficlight_4,4,4,1.0,0,0.0,4,1.76487398147583,yolo12n,motionblur_l2
Hannover/Hannover4/2015-04-20_13-51-29/Trafficlight_7,20,20,1.0,0,0.0,20,5.936743974685669,yolo12n,motionblur_l2
Hannover/Hannover4/2015-04-20_13-51-36/Trafficlight_4,20,20,1.0,0,0.0,20,1.467405080795288,yolo12n,motionblur_l2
Hannover/Hannover4/2015-04-20_13-51-36/Trafficlight_6,10,10,1.0,0,0.0,10,0.6674211025238037,yolo12n,motionblur_l2
Hannover/Hannover4/2015-04-20_13-51-40/Trafficlight_2,20,4,0.2,0,0.0,3,1.1989128589630127,yolo12n,motionblur_l2
Hannover/Hannover4/2015-04-20_13-51-40/Trafficlight_1,18,18,1.0,0,0.0,18,11.801587104797363,yolo12n,motionblur_l2
Hannover/Hannover4/2015-04-20_13-51-40/Trafficlight_3,19,15,0.7894736842105263,0,0.0,11,6.199181079864502,yolo12n,motionblur_l2
Hannover/Hannover4/2015-04-20_13-54-28/Trafficlight_2,4,0,0.0,0,0.0,0,0.0,yolo12n,motionblur_l2
Hannover/Hannover4/2015-04-20_13-54-28/Trafficlight_3,13,6,0.46153846153846156,0,0.0,2,1.8680229187011719,yolo12n,motionblur_l2
Hannover/Hannover4/2015-04-20_13-54-28/Trafficlight_7,5,5,1.0,0,0.0,5,3.7315638065338135,yolo12n,motionblur_l2
Hannover/Hannover4/2015-04-20_13-56-44/Trafficlight_3,12,1,0.08333333333333333,0,0.0,1,0.0,yolo12n,motionblur_l2
Hannover/Hannover4/2015-04-20_13-56-44/Trafficlight_4,19,5,0.2631578947368421,0,0.0,3,1.467149019241333,yolo12n,motionblur_l2
Hannover/Hannover4/2015-04-20_13-57-56/Trafficlight_4,19,19,1.0,0,0.0,19,1.1975510120391846,yolo12n,motionblur_l2
Hannover/Hannover4/2015-04-20_13-58-03/Trafficlight_3,16,6,0.375,0,0.0,5,2.730855941772461,yolo12n,motionblur_l2
Hannover/Hannover4/2015-04-20_13-58-03/Trafficlight_4,23,16,0.6956521739130435,0,0.0,11,6.863174915313721,yolo12n,motionblur_l2
Hannover/Hannover4/2015-04-20_13-59-27/Trafficlight_1,20,20,1.0,0,0.0,20,1.3349270820617676,yolo12n,motionblur_l2
Hannover/Hannover4/2015-04-20_14-00-12/Trafficlight_1,26,26,1.0,0,0.0,14,6.397797107696533,yolo12n,motionblur_l2
Hannover/Hannover4/2015-04-20_14-00-12/Trafficlight_2,29,5,0.1724137931034483,0,0.0,3,1.2001731395721436,yolo12n,motionblur_l2
Hannover/Hannover4/2015-04-20_14-00-12/Trafficlight_3,9,9,1.0,0,0.0,9,4.66677713394165,yolo12n,motionblur_l2
Hannover/Hannover4/2015-04-20_14-01-01/Trafficlight_2,20,0,0.0,0,0.0,0,0.0,yolo12n,motionblur_l2
Hannover/Hannover4/2015-04-20_14-01-01/Trafficlight_1,20,13,0.65,1,0.05,12,10.469512939453125,yolo12n,motionblur_l2
Hannover/Hannover4/2015-04-20_14-02-07/Trafficlight_4,20,20,1.0,0,0.0,20,5.469353914260864,yolo12n,motionblur_l2
Hannover/Hannover4/2015-04-20_14-02-24/Trafficlight_2,8,7,0.875,0,0.0,5,1.2697339057922363,yolo12n,motionblur_l2
Hannover/Hannover4/2015-04-20_14-02-24/Trafficlight_3,10,7,0.7,0,0.0,2,0.33057594299316406,yolo12n,motionblur_l2
Hannover/Hannover4/2015-04-20_14-02-24/Trafficlight_1,9,9,1.0,0,0.0,9,2.5317258834838867,yolo12n,motionblur_l2
Hannover/Hannover4/2015-04-20_14-02-24/Trafficlight_5,1,1,1.0,0,0.0,1,0.0,yolo12n,motionblur_l2
Hannover/Hannover4/2015-04-20_14-04-24/Trafficlight_3,6,5,0.8333333333333334,0,0.0,4,1.6685810089111328,yolo12n,motionblur_l2
Hannover/Hannover4/2015-04-20_14-04-24/Trafficlight_4,4,4,1.0,0,0.0,4,1.6685810089111328,yolo12n,motionblur_l2
Hannover/Hannover4/2015-04-20_14-04-24/Trafficlight_5,14,14,1.0,0,0.0,10,5.067967891693115,yolo12n,motionblur_l2
Hannover/Hannover4/2015-04-20_14-05-57/Trafficlight_2,12,9,0.75,0,0.0,8,6.203664779663086,yolo12n,motionblur_l2
Hannover/Hannover4/2015-04-20_14-05-57/Trafficlight_1,7,7,1.0,0,0.0,7,5.333891868591309,yolo12n,motionblur_l2
Hannover/Hannover4/2015-04-20_14-05-57/Trafficlight_3,17,3,0.17647058823529413,0,0.0,2,0.8647990226745605,yolo12n,motionblur_l2
Hannover/Hannover4/2015-04-20_14-06-51/Trafficlight_2,15,2,0.13333333333333333,0,0.0,1,0.0,yolo12n,motionblur_l2
Hannover/Hannover4/2015-04-20_14-06-51/Trafficlight_1,18,7,0.3888888888888889,0,0.0,4,1.6701219081878662,yolo12n,motionblur_l2
Hannover/Hannover4/2015-04-20_14-06-51/Trafficlight_3,18,14,0.7777777777777778,0,0.0,9,4.401443958282471,yolo12n,motionblur_l2
Hannover/Hannover4/2015-04-20_14-08-36/Trafficlight_4,10,5,0.5,0,0.0,2,0.3348548412322998,yolo12n,motionblur_l2
Hannover/Hannover4/2015-04-20_14-08-36/Trafficlight_5,20,7,0.35,0,0.0,3,0.664525032043457,yolo12n,motionblur_l2
Hannover/Hannover4/2015-04-20_14-08-36/Trafficlight_3,9,5,0.5555555555555556,0,0.0,2,0.3324880599975586,yolo12n,motionblur_l2
Hannover/Hannover4/2015-04-20_14-09-52/Trafficlight_1,20,9,0.45,0,0.0,6,2.404378890991211,yolo12n,motionblur_l2
Hannover/Hannover4/2015-04-20_14-09-52/Trafficlight_2,20,6,0.3,0,0.0,5,1.933020830154419,yolo12n,motionblur_l2
Hannover/Hannover4/2015-04-20_14-11-20/Trafficlight_1,12,3,0.25,0,0.0,1,0.0,yolo12n,motionblur_l2
Hannover/Hannover4/2015-04-20_14-11-20/Trafficlight_3,3,3,1.0,0,0.0,3,0.9365520477294922,yolo12n,motionblur_l2
Hannover/Hannover4/2015-04-20_14-12-16/Trafficlight_4,7,7,1.0,0,0.0,7,2.398069143295288,yolo12n,motionblur_l2
Hannover/Hannover4/2015-04-20_14-12-16/Trafficlight_5,7,7,1.0,0,0.0,7,2.398069143295288,yolo12n,motionblur_l2
Hannover/Hannover4/2015-04-20_14-12-16/Trafficlight_6,20,20,1.0,0,0.0,20,7.598844051361084,yolo12n,motionblur_l2
Hannover/Hannover4/2015-04-20_14-16-02/Trafficlight_2,14,12,0.8571428571428571,0,0.0,5,2.470160961151123,yolo12n,motionblur_l2
Hannover/Hannover4/2015-04-20_14-16-02/Trafficlight_3,19,19,1.0,0,0.0,19,11.200973987579346,yolo12n,motionblur_l2
Hannover/Hannover4/2015-04-20_14-16-02/Trafficlight_1,8,8,1.0,0,0.0,8,4.332615852355957,yolo12n,motionblur_l2
Hannover/Hannover4/2015-04-20_14-17-12/Trafficlight_2,20,5,0.25,0,0.0,3,0.6671879291534424,yolo12n,motionblur_l2
Hannover/Hannover4/2015-04-20_14-17-12/TrafficLight_6,20,18,0.9,0,0.0,8,2.268584966659546,yolo12n,motionblur_l2
Hannover/Hannover4/2015-04-20_14-31-46/Trafficlight_3,4,0,0.0,0,0.0,0,0.0,yolo12n,motionblur_l2
Hannover/Hannover4/2015-04-20_14-31-46/Trafficlight_4,8,0,0.0,0,0.0,0,0.0,yolo12n,motionblur_l2
Hannover/Hannover4/2015-04-20_14-31-46/Trafficlight_2,9,9,1.0,0,0.0,9,5.199236869812012,yolo12n,motionblur_l2
Hannover/Hannover4/2015-04-20_14-32-25/Trafficlight_3,14,3,0.21428571428571427,0,0.0,2,0.5329439640045166,yolo12n,motionblur_l2
Hannover/Hannover4/2015-04-20_14-32-25/Trafficlight_4,20,10,0.5,0,0.0,7,3.332705020904541,yolo12n,motionblur_l2
Hannover/Hannover4/2015-04-20_14-33-38/Trafficlight_2,6,6,1.0,0,0.0,6,0.8681881427764893,yolo12n,motionblur_l2
Hannover/Hannover4/2015-04-20_14-33-38/Trafficlight_3,20,4,0.2,0,0.0,4,0.5361580848693848,yolo12n,motionblur_l2
Koeln/Koeln2/2015-04-23_12-31-31/Trafficlight_1,2,2,1.0,0,0.0,2,0.47226786613464355,yolo12n,motionblur_l2
Koeln/Koeln2/2015-04-23_12-31-31/Trafficlight_2,2,1,0.5,1,0.5,1,0.0,yolo12n,motionblur_l2
Koeln/Koeln2/2015-04-23_12-31-31/Trafficlight_3,2,2,1.0,0,0.0,2,0.47226786613464355,yolo12n,motionblur_l2
Koeln/Koeln2/2015-04-23_12-33-22/Trafficlight_19,1,1,1.0,0,0.0,1,0.0,yolo12n,motionblur_l2
Koeln/Koeln2/2015-04-23_12-54-40/Trafficlight_3,9,6,0.6666666666666666,0,0.0,2,0.8808400630950928,yolo12n,motionblur_l2
Koeln/Koeln2/2015-04-23_12-54-40/Trafficlight_4,9,9,1.0,1,0.1111111111111111,9,6.822049140930176,yolo12n,motionblur_l2
Koeln/Koeln2/2015-04-23_12-55-44/Trafficlight_3,8,6,0.75,0,0.0,6,3.821012020111084,yolo12n,motionblur_l2
Koeln/Koeln2/2015-04-23_12-55-44/Trafficlight_1,8,5,0.625,0,0.0,5,3.0573830604553223,yolo12n,motionblur_l2
Koeln/Koeln2/2015-04-23_12-55-44/Trafficlight_2,7,4,0.5714285714285714,0,0.0,3,1.5272200107574463,yolo12n,motionblur_l2
Koeln/Koeln2/2015-04-23_12-56-08/Trafficlight_2,11,0,0.0,0,0.0,0,0.0,yolo12n,motionblur_l2
Koeln/Koeln2/2015-04-23_12-56-08/Trafficlight_1,20,9,0.45,0,0.0,7,5.290742874145508,yolo12n,motionblur_l2
Koeln/Koeln2/2015-04-23_12-56-08/Trafficlight_3,15,3,0.2,0,0.0,1,0.0,yolo12n,motionblur_l2
Koeln/Koeln2/2015-04-23_12-58-12/Trafficlight_1,20,20,1.0,0,0.0,20,18.408507108688354,yolo12n,motionblur_l2
Koeln/Koeln2/2015-04-23_12-58-12/Trafficlight_2,20,2,0.1,0,0.0,1,0.0,yolo12n,motionblur_l2
Koeln/Koeln2/2015-04-23_13-03-59/Trafficlight_2,5,5,1.0,0,0.0,5,2.116795063018799,yolo12n,motionblur_l2
Koeln/Koeln2/2015-04-23_13-03-59/Trafficlight_3,7,6,0.8571428571428571,1,0.14285714285714285,5,2.116795063018799,yolo12n,motionblur_l2
Koeln/Koeln2/2015-04-23_13-05-35/Trafficlight_4,3,1,0.3333333333333333,0,0.0,1,0.0,yolo12n,motionblur_l2
Koeln/Koeln2/2015-04-23_13-05-35/Trafficlight_5,4,1,0.25,0,0.0,1,0.0,yolo12n,motionblur_l2
Koeln/Koeln2/2015-04-23_13-10-19/Trafficlight_1,3,0,0.0,0,0.0,0,0.0,yolo12n,motionblur_l2
Koeln/Koeln2/2015-04-23_13-10-19/Trafficlight_3,5,0,0.0,0,0.0,0,0.0,yolo12n,motionblur_l2
Koeln/Koeln2/2015-04-23_13-10-19/Trafficlight_7,6,6,1.0,0,0.0,4,2.4686670303344727,yolo12n,motionblur_l2
Koeln/Koeln2/2015-04-23_13-10-19/Trafficlight_8,6,6,1.0,0,0.0,4,2.4686670303344727,yolo12n,motionblur_l2
Koeln/Koeln2/2015-04-23_13-11-46/Trafficlight_1,5,5,1.0,0,0.0,5,4.520406007766724,yolo12n,motionblur_l2
Koeln/Koeln2/2015-04-23_13-11-46/Trafficlight_3,7,5,0.7142857142857143,0,0.0,4,3.588679075241089,yolo12n,motionblur_l2
Koeln/Koeln2/2015-04-23_13-15-36/Trafficlight_4,13,13,1.0,1,0.07692307692307693,13,6.585233926773071,yolo12n,motionblur_l2
Koeln/Koeln2/2015-04-23_13-15-36/Trafficlight_5,2,2,1.0,0,0.0,2,0.7070450782775879,yolo12n,motionblur_l2
Koeln/Koeln2/2015-04-23_13-15-59/Trafficlight_4,15,0,0.0,0,0.0,0,0.0,yolo12n,motionblur_l2
Koeln/Koeln2/2015-04-23_13-15-59/Trafficlight_3,7,1,0.14285714285714285,0,0.0,1,0.0,yolo12n,motionblur_l2
Koeln/Koeln2/2015-04-23_13-16-45/Trafficlight_5,2,0,0.0,0,0.0,0,0.0,yolo12n,motionblur_l2
Koeln/Koeln2/2015-04-23_13-18-13/Trafficlight_4,7,6,0.8571428571428571,0,0.0,2,0.3549339771270752,yolo12n,motionblur_l2
Koeln/Koeln2/2015-04-23_13-18-13/Trafficlight_5,12,6,0.5,0,0.0,5,1.411972999572754,yolo12n,motionblur_l2
Koeln/Koeln2/2015-04-23_13-18-13/Trafficlight_6,13,6,0.46153846153846156,0,0.0,3,0.7084360122680664,yolo12n,motionblur_l2
Koeln/Koeln2/2015-04-23_13-18-13/Trafficlight_7,19,3,0.15789473684210525,0,0.0,3,0.7084360122680664,yolo12n,motionblur_l2
Koeln/Koeln2/2015-04-23_13-19-07/Trafficlight_1,12,2,0.16666666666666666,0,0.0,2,1.7641019821166992,yolo12n,motionblur_l2
Koeln/Koeln2/2015-04-23_13-19-07/Trafficlight_2,4,2,0.5,0,0.0,2,1.763930082321167,yolo12n,motionblur_l2
Koeln/Koeln2/2015-04-23_13-19-07/Trafficlight_3,5,4,0.8,0,0.0,4,5.292745113372803,yolo12n,motionblur_l2
Koeln/Koeln2/2015-04-23_13-19-07/Trafficlight_6,12,5,0.4166666666666667,0,0.0,1,0.0,yolo12n,motionblur_l2
Koeln/Koeln2/2015-04-23_13-19-07/Trafficlight_7,5,4,0.8,0,0.0,1,0.0,yolo12n,motionblur_l2
Koeln/Koeln2/2015-04-23_13-19-07/Trafficlight_8,6,4,0.6666666666666666,0,0.0,1,0.0,yolo12n,motionblur_l2
Koeln/Koeln2/2015-04-23_13-22-16/Trafficlight_5,16,16,1.0,0,0.0,14,11.05482292175293,yolo12n,motionblur_l2
Koeln/Koeln2/2015-04-23_13-22-16/Trafficlight_6,14,8,0.5714285714285714,0,0.0,8,5.936007976531982,yolo12n,motionblur_l2
Koeln/Koeln2/2015-04-23_13-26-00/Trafficlight_1,5,5,1.0,0,0.0,5,0.23670387268066406,yolo12n,motionblur_l2
Koeln/Koeln2/2015-04-23_13-26-00/Trafficlight_2,11,11,1.0,0,0.0,11,0.6478209495544434,yolo12n,motionblur_l2
Koeln/Koeln2/2015-04-23_13-27-52/Trafficlight_2,9,5,0.5555555555555556,0,0.0,4,1.9421930313110352,yolo12n,motionblur_l2
Koeln/Koeln2/2015-04-23_13-27-52/Trafficlight_3,9,4,0.4444444444444444,0,0.0,4,1.9421930313110352,yolo12n,motionblur_l2
Koeln/Koeln2/2015-04-23_13-28-56/Trafficlight_1,1,1,1.0,0,0.0,1,0.0,yolo12n,motionblur_l2
Koeln/Koeln2/2015-04-23_13-28-56/Trafficlight_3,1,0,0.0,0,0.0,0,0.0,yolo12n,motionblur_l2
Koeln/Koeln2/2015-04-23_13-29-48/Trafficlight_1,17,1,0.058823529411764705,0,0.0,1,0.0,yolo12n,motionblur_l2
Koeln/Koeln2/2015-04-23_13-29-48/Trafficlight_2,13,12,0.9230769230769231,0,0.0,8,2.413206100463867,yolo12n,motionblur_l2
Koeln/Koeln2/2015-04-23_13-29-48/Trafficlight_3,17,12,0.7058823529411765,0,0.0,7,2.2301220893859863,yolo12n,motionblur_l2
Koeln/Koeln2/2015-04-23_13-30-07/Trafficlight_2,11,4,0.36363636363636365,0,0.0,3,1.1876580715179443,yolo12n,motionblur_l2
Koeln/Koeln2/2015-04-23_13-30-07/Trafficlight_3,14,9,0.6428571428571429,0,0.0,8,4.116149187088013,yolo12n,motionblur_l2
Koeln/Koeln2/2015-04-23_13-30-57/Trafficlight_3,10,2,0.2,0,0.0,1,0.0,yolo12n,motionblur_l2
Koeln/Koeln2/2015-04-23_13-30-57/Trafficlight_4,12,4,0.3333333333333333,0,0.0,3,1.5298340320587158,yolo12n,motionblur_l2
Essen/Essen2/2015-04-22_11-54-56/Trafficlight_1,16,16,1.0,0,0.0,15,5.597384929656982,yolov8n,motionblur_l3
Essen/Essen2/2015-04-22_11-54-56/Trafficlight_2,12,12,1.0,0,0.0,12,4.397567987442017,yolov8n,motionblur_l3
Essen/Essen2/2015-04-22_11-55-29/Trafficlight_1,22,14,0.6363636363636364,0,0.0,13,4.801160097122192,yolov8n,motionblur_l3
Essen/Essen2/2015-04-22_11-55-29/Trafficlight_2,15,11,0.7333333333333333,0,0.0,10,3.599246025085449,yolov8n,motionblur_l3
Essen/Essen2/2015-04-22_11-55-29/Trafficlight_3,21,15,0.7142857142857143,0,0.0,11,3.9993178844451904,yolov8n,motionblur_l3
Essen/Essen2/2015-04-22_11-58-40/Trafficlight_1,1,0,0.0,0,0.0,0,0.0,yolov8n,motionblur_l3
Essen/Essen2/2015-04-22_11-58-40/Trafficlight_2,1,0,0.0,0,0.0,0,0.0,yolov8n,motionblur_l3
Essen/Essen2/2015-04-22_11-59-47/Trafficlight_1,14,10,0.7142857142857143,0,0.0,10,7.934322834014893,yolov8n,motionblur_l3
Essen/Essen2/2015-04-22_11-59-47/Trafficlight_2,18,14,0.7777777777777778,0,0.0,10,4.734050989151001,yolov8n,motionblur_l3
Essen/Essen2/2015-04-22_11-59-47/Trafficlight_3,21,20,0.9523809523809523,0,0.0,20,10.068872928619385,yolov8n,motionblur_l3
Essen/Essen2/2015-04-22_12-00-12/Trafficlight_1,12,12,1.0,0,0.0,11,2.66969895362854,yolov8n,motionblur_l3
Essen/Essen2/2015-04-22_12-00-12/Trafficlight_2,12,12,1.0,0,0.0,12,3.268275022506714,yolov8n,motionblur_l3
Essen/Essen2/2015-04-22_12-00-12/Trafficlight_3,18,15,0.8333333333333334,0,0.0,15,4.334539175033569,yolov8n,motionblur_l3
Essen/Essen2/2015-04-22_12-00-50/Trafficlight_1,8,5,0.625,0,0.0,4,5.198819875717163,yolov8n,motionblur_l3
Essen/Essen2/2015-04-22_12-00-50/Trafficlight_2,4,4,1.0,0,0.0,3,3.466460943222046,yolov8n,motionblur_l3
Essen/Essen2/2015-04-22_12-00-50/Trafficlight_3,7,5,0.7142857142857143,0,0.0,5,6.931787967681885,yolov8n,motionblur_l3
Essen/Essen2/2015-04-22_12-03-07/Trafficlight_7,1,1,1.0,0,0.0,1,0.0,yolov8n,motionblur_l3
Essen/Essen2/2015-04-22_12-03-07/Trafficlight_8,1,1,1.0,0,0.0,1,0.0,yolov8n,motionblur_l3
Essen/Essen2/2015-04-22_12-03-17/Trafficlight_1,11,11,1.0,0,0.0,11,3.3990509510040283,yolov8n,motionblur_l3
Essen/Essen2/2015-04-22_12-03-17/Trafficlight_2,11,11,1.0,0,0.0,11,3.3990509510040283,yolov8n,motionblur_l3
Essen/Essen2/2015-04-22_12-03-17/Trafficlight_3,10,10,1.0,0,0.0,10,3.064750909805298,yolov8n,motionblur_l3
Essen/Essen2/2015-04-22_12-03-17/Trafficlight_4,2,2,1.0,0,0.0,2,0.33318114280700684,yolov8n,motionblur_l3
Essen/Essen2/2015-04-22_12-04-52/Trafficlight_1,18,18,1.0,0,0.0,18,5.7976460456848145,yolov8n,motionblur_l3
Essen/Essen2/2015-04-22_12-04-52/Trafficlight_5,6,6,1.0,0,0.0,6,1.664518117904663,yolov8n,motionblur_l3
Essen/Essen2/2015-04-22_12-07-48/Trafficlight_1,7,7,1.0,0,0.0,7,1.999337911605835,yolov8n,motionblur_l3
Essen/Essen2/2015-04-22_12-07-48/Trafficlight_2,7,6,0.8571428571428571,0,0.0,3,0.6662139892578125,yolov8n,motionblur_l3
Essen/Essen2/2015-04-22_12-07-48/Trafficlight_3,7,7,1.0,0,0.0,7,1.999337911605835,yolov8n,motionblur_l3
Essen/Essen2/2015-04-22_12-10-46/Trafficlight_2,10,4,0.4,0,0.0,4,3.0016729831695557,yolov8n,motionblur_l3
Essen/Essen2/2015-04-22_12-10-46/Trafficlight_3,16,11,0.6875,0,0.0,10,9.335632085800171,yolov8n,motionblur_l3
Essen/Essen2/2015-04-22_12-10-46/Trafficlight_1,13,7,0.5384615384615384,0,0.0,4,3.0016729831695557,yolov8n,motionblur_l3
Essen/Essen2/2015-04-22_12-12-38/Trafficlight_1,14,12,0.8571428571428571,0,0.0,12,5.331057071685791,yolov8n,motionblur_l3
Essen/Essen2/2015-04-22_12-12-38/Trafficlight_2,16,14,0.875,0,0.0,12,4.26823091506958,yolov8n,motionblur_l3
Essen/Essen2/2015-04-22_12-14-33/Trafficlight_1,5,5,1.0,0,0.0,5,1.8019039630889893,yolov8n,motionblur_l3
Essen/Essen2/2015-04-22_12-14-33/Trafficlight_2,4,4,1.0,0,0.0,4,1.8019039630889893,yolov8n,motionblur_l3
Essen/Essen2/2015-04-22_12-14-33/Trafficlight_3,5,5,1.0,0,0.0,5,1.8019039630889893,yolov8n,motionblur_l3
Essen/Essen2/2015-04-22_12-16-21/Trafficlight_1,16,16,1.0,0,0.0,16,5.99866795539856,yolov8n,motionblur_l3
Essen/Essen2/2015-04-22_12-16-21/Trafficlight_2,12,9,0.75,0,0.0,8,2.7990009784698486,yolov8n,motionblur_l3
Essen/Essen2/2015-04-22_12-17-10/Trafficlight_2,9,9,1.0,0,0.0,9,5.531995058059692,yolov8n,motionblur_l3
Essen/Essen2/2015-04-22_12-17-10/Trafficlight_1,17,9,0.5294117647058824,0,0.0,8,4.800240993499756,yolov8n,motionblur_l3
Essen/Essen2/2015-04-22_12-17-10/Trafficlight_3,13,13,1.0,0,0.0,13,8.866031885147095,yolov8n,motionblur_l3
Essen/Essen3/2015-04-22_12-21-40/Trafficlight_2,20,13,0.65,0,0.0,13,2.4012539386749268,yolov8n,motionblur_l3
Essen/Essen3/2015-04-22_12-21-40/Trafficlight_3,1,1,1.0,0,0.0,1,0.0,yolov8n,motionblur_l3
Essen/Essen3/2015-04-22_12-22-11/Trafficlight_2,4,4,1.0,0,0.0,4,2.125485897064209,yolov8n,motionblur_l3
Essen/Essen3/2015-04-22_12-22-11/Trafficlight_3,6,6,1.0,0,0.0,6,3.45933198928833,yolov8n,motionblur_l3
Essen/Essen3/2015-04-22_12-22-11/Trafficlight_4,11,5,0.45454545454545453,0,0.0,4,2.125485897064209,yolov8n,motionblur_l3
Essen/Essen3/2015-04-22_12-24-28/Trafficlight_1,5,5,1.0,0,0.0,5,3.932101011276245,yolov8n,motionblur_l3
Essen/Essen3/2015-04-22_12-24-28/Trafficlight_2,5,5,1.0,0,0.0,5,3.932101011276245,yolov8n,motionblur_l3
Essen/Essen3/2015-04-22_12-24-28/Trafficlight_3,2,2,1.0,0,0.0,2,1.0009028911590576,yolov8n,motionblur_l3
Essen/Essen3/2015-04-22_12-28-48/Trafficlight_1,20,15,0.75,0,0.0,14,6.931774854660034,yolov8n,motionblur_l3
Essen/Essen3/2015-04-22_12-28-48/Trafficlight_5,10,10,1.0,0,0.0,10,4.799072980880737,yolov8n,motionblur_l3
Essen/Essen3/2015-04-22_12-31-21/Trafficlight_4,1,1,1.0,0,0.0,1,0.0,yolov8n,motionblur_l3
Essen/Essen3/2015-04-22_12-31-56/Trafficlight_1,8,8,1.0,0,0.0,8,0.9274928569793701,yolov8n,motionblur_l3
Essen/Essen3/2015-04-22_12-31-56/Trafficlight_2,19,8,0.42105263157894735,0,0.0,8,0.9274928569793701,yolov8n,motionblur_l3
Essen/Essen3/2015-04-22_12-31-56/Trafficlight_3,9,9,1.0,0,0.0,9,10.398319005966187,yolov8n,motionblur_l3
Essen/Essen3/2015-04-22_12-31-56/Trafficlight_4,9,8,0.8888888888888888,0,0.0,7,7.797140836715698,yolov8n,motionblur_l3
Essen/Essen3/2015-04-22_12-31-56/Trafficlight_16,8,7,0.875,0,0.0,6,3.0005571842193604,yolov8n,motionblur_l3
Essen/Essen3/2015-04-22_12-31-56/Trafficlight_17,6,3,0.5,0,0.0,2,0.5977470874786377,yolov8n,motionblur_l3
Essen/Essen3/2015-04-22_12-31-56/Trafficlight_18,10,4,0.4,0,0.0,3,1.2027099132537842,yolov8n,motionblur_l3
Fulda/Fulda2/2015-05-15_18-00-09/Trafficlight_1,10,0,0.0,0,0.0,0,0.0,yolov8n,motionblur_l3
Fulda/Fulda2/2015-05-15_18-00-09/Trafficlight_7,3,1,0.3333333333333333,0,0.0,1,0.0,yolov8n,motionblur_l3
Fulda/Fulda2/2015-05-15_18-00-57/Trafficlight_1,14,14,1.0,0,0.0,14,7.647267818450928,yolov8n,motionblur_l3
Fulda/Fulda2/2015-05-15_18-00-57/Trafficlight_2,10,10,1.0,0,0.0,10,5.2941648960113525,yolov8n,motionblur_l3
Fulda/Fulda2/2015-05-15_18-00-57/Trafficlight_3,10,10,1.0,0,0.0,10,5.290283918380737,yolov8n,motionblur_l3
Fulda/Fulda2/2015-05-15_18-01-58/Trafficlight_14,3,3,1.0,0,0.0,3,1.1750850677490234,yolov8n,motionblur_l3
Fulda/Fulda2/2015-05-15_18-03-39/Trafficlight_5,11,6,0.5454545454545454,0,0.0,4,1.7642998695373535,yolov8n,motionblur_l3
Fulda/Fulda2/2015-05-15_18-03-39/Trafficlight_6,7,3,0.42857142857142855,0,0.0,3,1.177419900894165,yolov8n,motionblur_l3
Fulda/Fulda2/2015-05-15_18-03-39/Trafficlight_7,11,7,0.6363636363636364,0,0.0,7,3.5304930210113525,yolov8n,motionblur_l3
Fulda/Fulda2/2015-05-15_18-04-24/Trafficlight_2,15,4,0.26666666666666666,0,0.0,2,0.5911819934844971,yolov8n,motionblur_l3
Fulda/Fulda2/2015-05-15_18-05-38/Trafficlight_1,16,16,1.0,0,0.0,16,8.822486162185669,yolov8n,motionblur_l3
Fulda/Fulda2/2015-05-15_18-05-38/Trafficlight_7,14,3,0.21428571428571427,0,0.0,3,1.176785945892334,yolov8n,motionblur_l3
Fulda/Fulda2/2015-05-15_18-05-38/Trafficlight_12,7,7,1.0,0,0.0,4,1.763545036315918,yolov8n,motionblur_l3
Fulda/Fulda2/2015-05-15_18-07-04/Trafficlight_2,7,7,1.0,0,0.0,7,3.5272409915924072,yolov8n,motionblur_l3
Fulda/Fulda2/2015-05-15_18-07-04/Trafficlight_3,10,10,1.0,0,0.0,10,5.294755935668945,yolov8n,motionblur_l3
Fulda/Fulda2/2015-05-15_18-07-04/Trafficlight_14,2,2,1.0,0,0.0,2,0.5877358913421631,yolov8n,motionblur_l3
Fulda/Fulda2/2015-05-15_18-07-37/Trafficlight_2,2,2,1.0,0,0.0,2,0.5985150337219238,yolov8n,motionblur_l3
Fulda/Fulda2/2015-05-15_18-07-37/Trafficlight_3,3,3,1.0,0,0.0,3,1.1775381565093994,yolov8n,motionblur_l3
Fulda/Fulda2/2015-05-15_18-08-11/Trafficlight_1,8,8,1.0,0,0.0,8,4.119189023971558,yolov8n,motionblur_l3
Fulda/Fulda2/2015-05-15_18-08-11/Trafficlight_2,8,8,1.0,0,0.0,8,4.119189023971558,yolov8n,motionblur_l3
Fulda/Fulda2/2015-05-15_18-09-21/Trafficlight_1,14,13,0.9285714285714286,0,0.0,9,4.704014778137207,yolov8n,motionblur_l3
Fulda/Fulda2/2015-05-15_18-09-21/Trafficlight_2,5,5,1.0,0,0.0,5,2.3477139472961426,yolov8n,motionblur_l3
Fulda/Fulda2/2015-05-15_18-11-25/Trafficlight_1,14,10,0.7142857142857143,0,0.0,9,4.707410097122192,yolov8n,motionblur_l3
Fulda/Fulda2/2015-05-15_18-11-25/Trafficlight_2,9,9,1.0,0,0.0,9,4.707410097122192,yolov8n,motionblur_l3
Fulda/Fulda2/2015-05-15_18-11-25/Trafficlight_3,12,10,0.8333333333333334,0,0.0,10,5.293941020965576,yolov8n,motionblur_l3
Fulda/Fulda2/2015-05-15_18-12-26/Trafficlight_12,1,1,1.0,0,0.0,1,0.0,yolov8n,motionblur_l3
Fulda/Fulda2/2015-05-15_18-12-26/Trafficlight_13,1,1,1.0,0,0.0,1,0.0,yolov8n,motionblur_l3
Fulda/Fulda2/2015-05-15_18-13-56/Trafficlight_2,3,3,1.0,0,0.0,3,1.1754150390625,yolov8n,motionblur_l3
Fulda/Fulda2/2015-05-15_18-13-56/Trafficlight_3,3,3,1.0,0,0.0,3,1.1754150390625,yolov8n,motionblur_l3
Fulda/Fulda2/2015-05-15_18-13-56/Trafficlight_4,4,4,1.0,0,0.0,4,1.76487398147583,yolov8n,motionblur_l3
Hannover/Hannover4/2015-04-20_13-51-29/Trafficlight_7,20,20,1.0,0,0.0,20,5.936743974685669,yolov8n,motionblur_l3
Hannover/Hannover4/2015-04-20_13-51-36/Trafficlight_4,20,20,1.0,0,0.0,20,1.467405080795288,yolov8n,motionblur_l3
Hannover/Hannover4/2015-04-20_13-51-36/Trafficlight_6,10,10,1.0,0,0.0,10,0.6674211025238037,yolov8n,motionblur_l3
Hannover/Hannover4/2015-04-20_13-51-40/Trafficlight_2,20,18,0.9,0,0.0,9,5.005621910095215,yolov8n,motionblur_l3
Hannover/Hannover4/2015-04-20_13-51-40/Trafficlight_1,18,18,1.0,0,0.0,18,11.801587104797363,yolov8n,motionblur_l3
Hannover/Hannover4/2015-04-20_13-51-40/Trafficlight_3,19,19,1.0,0,0.0,19,11.204802989959717,yolov8n,motionblur_l3
Hannover/Hannover4/2015-04-20_13-54-28/Trafficlight_2,4,4,1.0,0,0.0,4,2.7978789806365967,yolov8n,motionblur_l3
Hannover/Hannover4/2015-04-20_13-54-28/Trafficlight_3,13,13,1.0,0,0.0,7,6.532738924026489,yolov8n,motionblur_l3
Hannover/Hannover4/2015-04-20_13-54-28/Trafficlight_7,5,5,1.0,0,0.0,5,3.7315638065338135,yolov8n,motionblur_l3
Hannover/Hannover4/2015-04-20_13-56-44/Trafficlight_3,12,11,0.9166666666666666,0,0.0,11,7.201006889343262,yolov8n,motionblur_l3
Hannover/Hannover4/2015-04-20_13-56-44/Trafficlight_4,19,17,0.8947368421052632,0,0.0,14,9.333140850067139,yolov8n,motionblur_l3
Hannover/Hannover4/2015-04-20_13-57-56/Trafficlight_4,19,19,1.0,0,0.0,19,1.1975510120391846,yolov8n,motionblur_l3
Hannover/Hannover4/2015-04-20_13-58-03/Trafficlight_3,16,16,1.0,0,0.0,16,10.33044695854187,yolov8n,motionblur_l3
Hannover/Hannover4/2015-04-20_13-58-03/Trafficlight_4,23,19,0.8260869565217391,0,0.0,16,10.33044695854187,yolov8n,motionblur_l3
Hannover/Hannover4/2015-04-20_13-59-27/Trafficlight_1,20,20,1.0,0,0.0,20,1.3349270820617676,yolov8n,motionblur_l3
Hannover/Hannover4/2015-04-20_14-00-12/Trafficlight_1,26,26,1.0,0,0.0,14,6.397797107696533,yolov8n,motionblur_l3
Hannover/Hannover4/2015-04-20_14-00-12/Trafficlight_2,29,29,1.0,0,0.0,15,8.126466035842896,yolov8n,motionblur_l3
Hannover/Hannover4/2015-04-20_14-00-12/Trafficlight_3,9,9,1.0,0,0.0,9,4.66677713394165,yolov8n,motionblur_l3
Hannover/Hannover4/2015-04-20_14-01-01/Trafficlight_2,20,3,0.15,0,0.0,3,1.733983039855957,yolov8n,motionblur_l3
Hannover/Hannover4/2015-04-20_14-01-01/Trafficlight_1,20,18,0.9,0,0.0,13,11.332718849182129,yolov8n,motionblur_l3
Hannover/Hannover4/2015-04-20_14-02-07/Trafficlight_4,20,20,1.0,0,0.0,20,5.469353914260864,yolov8n,motionblur_l3
Hannover/Hannover4/2015-04-20_14-02-24/Trafficlight_2,8,8,1.0,0,0.0,8,2.2011499404907227,yolov8n,motionblur_l3
Hannover/Hannover4/2015-04-20_14-02-24/Trafficlight_3,10,10,1.0,0,0.0,9,2.5317258834838867,yolov8n,motionblur_l3
Hannover/Hannover4/2015-04-20_14-02-24/Trafficlight_1,9,9,1.0,0,0.0,9,2.5317258834838867,yolov8n,motionblur_l3
Hannover/Hannover4/2015-04-20_14-02-24/Trafficlight_5,1,1,1.0,0,0.0,1,0.0,yolov8n,motionblur_l3
Hannover/Hannover4/2015-04-20_14-04-24/Trafficlight_3,6,6,1.0,0,0.0,4,1.6685810089111328,yolov8n,motionblur_l3
Hannover/Hannover4/2015-04-20_14-04-24/Trafficlight_4,4,4,1.0,0,0.0,4,1.6685810089111328,yolov8n,motionblur_l3
Hannover/Hannover4/2015-04-20_14-04-24/Trafficlight_5,14,14,1.0,0,0.0,10,5.067967891693115,yolov8n,motionblur_l3
Hannover/Hannover4/2015-04-20_14-05-57/Trafficlight_2,12,12,1.0,0,0.0,12,9.731340885162354,yolov8n,motionblur_l3
Hannover/Hannover4/2015-04-20_14-05-57/Trafficlight_1,7,7,1.0,0,0.0,7,5.333891868591309,yolov8n,motionblur_l3
Hannover/Hannover4/2015-04-20_14-05-57/Trafficlight_3,17,9,0.5294117647058824,0,0.0,8,6.198163986206055,yolov8n,motionblur_l3
Hannover/Hannover4/2015-04-20_14-06-51/Trafficlight_2,15,14,0.9333333333333333,0,0.0,10,4.9340338706970215,yolov8n,motionblur_l3
Hannover/Hannover4/2015-04-20_14-06-51/Trafficlight_1,18,18,1.0,0,0.0,18,9.332195043563843,yolov8n,motionblur_l3
Hannover/Hannover4/2015-04-20_14-06-51/Trafficlight_3,18,18,1.0,0,0.0,18,9.332195043563843,yolov8n,motionblur_l3
Hannover/Hannover4/2015-04-20_14-08-36/Trafficlight_4,10,8,0.8,0,0.0,7,2.064683198928833,yolov8n,motionblur_l3
Hannover/Hannover4/2015-04-20_14-08-36/Trafficlight_5,20,17,0.85,0,0.0,14,4.464800119400024,yolov8n,motionblur_l3
Hannover/Hannover4/2015-04-20_14-08-36/Trafficlight_3,9,6,0.6666666666666666,0,0.0,6,1.7338151931762695,yolov8n,motionblur_l3
Hannover/Hannover4/2015-04-20_14-09-52/Trafficlight_1,20,17,0.85,0,0.0,12,5.267375946044922,yolov8n,motionblur_l3
Hannover/Hannover4/2015-04-20_14-09-52/Trafficlight_2,20,12,0.6,0,0.0,5,1.933020830154419,yolov8n,motionblur_l3
Hannover/Hannover4/2015-04-20_14-11-20/Trafficlight_1,12,6,0.5,0,0.0,6,2.3361079692840576,yolov8n,motionblur_l3
Hannover/Hannover4/2015-04-20_14-11-20/Trafficlight_3,3,3,1.0,0,0.0,3,0.9365520477294922,yolov8n,motionblur_l3
Hannover/Hannover4/2015-04-20_14-12-16/Trafficlight_4,7,7,1.0,0,0.0,7,2.398069143295288,yolov8n,motionblur_l3
Hannover/Hannover4/2015-04-20_14-12-16/Trafficlight_5,7,7,1.0,0,0.0,7,2.398069143295288,yolov8n,motionblur_l3
Hannover/Hannover4/2015-04-20_14-12-16/Trafficlight_6,20,20,1.0,0,0.0,20,7.598844051361084,yolov8n,motionblur_l3
Hannover/Hannover4/2015-04-20_14-16-02/Trafficlight_2,14,14,1.0,0,0.0,9,4.999456167221069,yolov8n,motionblur_l3
Hannover/Hannover4/2015-04-20_14-16-02/Trafficlight_3,19,19,1.0,0,0.0,19,11.200973987579346,yolov8n,motionblur_l3
Hannover/Hannover4/2015-04-20_14-16-02/Trafficlight_1,8,8,1.0,0,0.0,8,4.332615852355957,yolov8n,motionblur_l3
Hannover/Hannover4/2015-04-20_14-17-12/Trafficlight_2,20,20,1.0,0,0.0,20,6.199991941452026,yolov8n,motionblur_l3
Hannover/Hannover4/2015-04-20_14-17-12/TrafficLight_6,20,20,1.0,0,0.0,20,6.199991941452026,yolov8n,motionblur_l3
Hannover/Hannover4/2015-04-20_14-31-46/Trafficlight_3,4,4,1.0,0,0.0,4,1.9333159923553467,yolov8n,motionblur_l3
Hannover/Hannover4/2015-04-20_14-31-46/Trafficlight_4,8,3,0.375,0,0.0,3,1.2638428211212158,yolov8n,motionblur_l3
Hannover/Hannover4/2015-04-20_14-31-46/Trafficlight_2,9,8,0.8888888888888888,0,0.0,8,4.529723882675171,yolov8n,motionblur_l3
Hannover/Hannover4/2015-04-20_14-32-25/Trafficlight_3,14,12,0.8571428571428571,0,0.0,12,6.0661468505859375,yolov8n,motionblur_l3
Hannover/Hannover4/2015-04-20_14-32-25/Trafficlight_4,20,14,0.7,0,0.0,14,7.199410915374756,yolov8n,motionblur_l3
Hannover/Hannover4/2015-04-20_14-33-38/Trafficlight_2,6,5,0.8333333333333334,0,0.0,5,0.7363879680633545,yolov8n,motionblur_l3
Hannover/Hannover4/2015-04-20_14-33-38/Trafficlight_3,20,13,0.65,0,0.0,9,1.4686081409454346,yolov8n,motionblur_l3
Koeln/Koeln2/2015-04-23_12-31-31/Trafficlight_1,2,2,1.0,0,0.0,2,0.47226786613464355,yolov8n,motionblur_l3
Koeln/Koeln2/2015-04-23_12-31-31/Trafficlight_2,2,2,1.0,0,0.0,2,0.47226786613464355,yolov8n,motionblur_l3
Koeln/Koeln2/2015-04-23_12-31-31/Trafficlight_3,2,2,1.0,0,0.0,2,0.47226786613464355,yolov8n,motionblur_l3
Koeln/Koeln2/2015-04-23_12-33-22/Trafficlight_19,1,1,1.0,0,0.0,1,0.0,yolov8n,motionblur_l3
Koeln/Koeln2/2015-04-23_12-54-40/Trafficlight_3,9,9,1.0,0,0.0,9,6.822049140930176,yolov8n,motionblur_l3
Koeln/Koeln2/2015-04-23_12-54-40/Trafficlight_4,9,9,1.0,0,0.0,9,6.822049140930176,yolov8n,motionblur_l3
Koeln/Koeln2/2015-04-23_12-55-44/Trafficlight_3,8,8,1.0,0,0.0,8,5.351059913635254,yolov8n,motionblur_l3
Koeln/Koeln2/2015-04-23_12-55-44/Trafficlight_1,8,8,1.0,0,0.0,8,5.351059913635254,yolov8n,motionblur_l3
Koeln/Koeln2/2015-04-23_12-55-44/Trafficlight_2,7,7,1.0,0,0.0,7,4.584281921386719,yolov8n,motionblur_l3
Koeln/Koeln2/2015-04-23_12-56-08/Trafficlight_2,11,6,0.5454545454545454,0,0.0,4,2.6432979106903076,yolov8n,motionblur_l3
Koeln/Koeln2/2015-04-23_12-56-08/Trafficlight_1,20,12,0.6,0,0.0,12,9.700156927108765,yolov8n,motionblur_l3
Koeln/Koeln2/2015-04-23_12-56-08/Trafficlight_3,15,5,0.3333333333333333,0,0.0,2,0.8849191665649414,yolov8n,motionblur_l3
Koeln/Koeln2/2015-04-23_12-58-12/Trafficlight_1,20,20,1.0,0,0.0,20,18.408507108688354,yolov8n,motionblur_l3
Koeln/Koeln2/2015-04-23_12-58-12/Trafficlight_2,20,8,0.4,0,0.0,3,1.9427821636199951,yolov8n,motionblur_l3
Koeln/Koeln2/2015-04-23_13-03-59/Trafficlight_2,5,5,1.0,0,0.0,5,2.116795063018799,yolov8n,motionblur_l3
Koeln/Koeln2/2015-04-23_13-03-59/Trafficlight_3,7,7,1.0,0,0.0,7,3.4705021381378174,yolov8n,motionblur_l3
Koeln/Koeln2/2015-04-23_13-05-35/Trafficlight_4,3,3,1.0,0,0.0,3,1.6492500305175781,yolov8n,motionblur_l3
Koeln/Koeln2/2015-04-23_13-05-35/Trafficlight_5,4,4,1.0,0,0.0,4,2.763115882873535,yolov8n,motionblur_l3
Koeln/Koeln2/2015-04-23_13-10-19/Trafficlight_1,3,0,0.0,0,0.0,0,0.0,yolov8n,motionblur_l3
Koeln/Koeln2/2015-04-23_13-10-19/Trafficlight_3,5,0,0.0,0,0.0,0,0.0,yolov8n,motionblur_l3
Koeln/Koeln2/2015-04-23_13-10-19/Trafficlight_7,6,6,1.0,0,0.0,4,2.4686670303344727,yolov8n,motionblur_l3
Koeln/Koeln2/2015-04-23_13-10-19/Trafficlight_8,6,6,1.0,0,0.0,4,2.4686670303344727,yolov8n,motionblur_l3
Koeln/Koeln2/2015-04-23_13-11-46/Trafficlight_1,5,5,1.0,0,0.0,5,4.520406007766724,yolov8n,motionblur_l3
Koeln/Koeln2/2015-04-23_13-11-46/Trafficlight_3,7,7,1.0,0,0.0,6,5.8708062171936035,yolov8n,motionblur_l3
Koeln/Koeln2/2015-04-23_13-15-36/Trafficlight_4,13,13,1.0,0,0.0,13,6.585233926773071,yolov8n,motionblur_l3
Koeln/Koeln2/2015-04-23_13-15-36/Trafficlight_5,2,2,1.0,0,0.0,2,0.7070450782775879,yolov8n,motionblur_l3
Koeln/Koeln2/2015-04-23_13-15-59/Trafficlight_4,15,4,0.26666666666666666,0,0.0,4,3.1753129959106445,yolov8n,motionblur_l3
Koeln/Koeln2/2015-04-23_13-15-59/Trafficlight_3,7,5,0.7142857142857143,0,0.0,4,3.176529884338379,yolov8n,motionblur_l3
Koeln/Koeln2/2015-04-23_13-16-45/Trafficlight_5,2,0,0.0,0,0.0,0,0.0,yolov8n,motionblur_l3
Koeln/Koeln2/2015-04-23_13-18-13/Trafficlight_4,7,7,1.0,0,0.0,5,1.4128310680389404,yolov8n,motionblur_l3
Koeln/Koeln2/2015-04-23_13-18-13/Trafficlight_5,12,12,1.0,0,0.0,12,3.8831870555877686,yolov8n,motionblur_l3
Koeln/Koeln2/2015-04-23_13-18-13/Trafficlight_6,13,13,1.0,0,0.0,13,4.237360000610352,yolov8n,motionblur_l3
Koeln/Koeln2/2015-04-23_13-18-13/Trafficlight_7,19,12,0.631578947368421,0,0.0,12,3.8831870555877686,yolov8n,motionblur_l3
Koeln/Koeln2/2015-04-23_13-19-07/Trafficlight_1,12,4,0.3333333333333333,0,0.0,4,5.292745113372803,yolov8n,motionblur_l3
Koeln/Koeln2/2015-04-23_13-19-07/Trafficlight_2,4,4,1.0,0,0.0,4,5.292745113372803,yolov8n,motionblur_l3
Koeln/Koeln2/2015-04-23_13-19-07/Trafficlight_3,5,5,1.0,0,0.0,5,7.0580809116363525,yolov8n,motionblur_l3
Koeln/Koeln2/2015-04-23_13-19-07/Trafficlight_6,12,6,0.5,0,0.0,1,0.0,yolov8n,motionblur_l3
Koeln/Koeln2/2015-04-23_13-19-07/Trafficlight_7,5,5,1.0,0,0.0,1,0.0,yolov8n,motionblur_l3
Koeln/Koeln2/2015-04-23_13-19-07/Trafficlight_8,6,6,1.0,0,0.0,1,0.0,yolov8n,motionblur_l3
Koeln/Koeln2/2015-04-23_13-22-16/Trafficlight_5,16,16,1.0,0,0.0,14,11.05482292175293,yolov8n,motionblur_l3
Koeln/Koeln2/2015-04-23_13-22-16/Trafficlight_6,14,14,1.0,0,0.0,14,11.05482292175293,yolov8n,motionblur_l3
Koeln/Koeln2/2015-04-23_13-26-00/Trafficlight_1,5,5,1.0,0,0.0,5,0.23670387268066406,yolov8n,motionblur_l3
Koeln/Koeln2/2015-04-23_13-26-00/Trafficlight_2,11,11,1.0,0,0.0,11,0.6478209495544434,yolov8n,motionblur_l3
Koeln/Koeln2/2015-04-23_13-27-52/Trafficlight_2,9,8,0.8888888888888888,0,0.0,8,4.529943943023682,yolov8n,motionblur_l3
Koeln/Koeln2/2015-04-23_13-27-52/Trafficlight_3,9,8,0.8888888888888888,0,0.0,8,4.529943943023682,yolov8n,motionblur_l3
Koeln/Koeln2/2015-04-23_13-28-56/Trafficlight_1,1,0,0.0,0,0.0,0,0.0,yolov8n,motionblur_l3
Koeln/Koeln2/2015-04-23_13-28-56/Trafficlight_3,1,0,0.0,0,0.0,0,0.0,yolov8n,motionblur_l3
Koeln/Koeln2/2015-04-23_13-29-48/Trafficlight_1,17,11,0.6470588235294118,0,0.0,11,3.5867459774017334,yolov8n,motionblur_l3
Koeln/Koeln2/2015-04-23_13-29-48/Trafficlight_2,13,13,1.0,0,0.0,13,4.294061899185181,yolov8n,motionblur_l3
Koeln/Koeln2/2015-04-23_13-29-48/Trafficlight_3,17,17,1.0,0,0.0,17,5.824321031570435,yolov8n,motionblur_l3
Koeln/Koeln2/2015-04-23_13-30-07/Trafficlight_2,11,11,1.0,0,0.0,11,5.886243104934692,yolov8n,motionblur_l3
Koeln/Koeln2/2015-04-23_13-30-07/Trafficlight_3,14,12,0.8571428571428571,0,0.0,12,6.474306106567383,yolov8n,motionblur_l3
Koeln/Koeln2/2015-04-23_13-30-57/Trafficlight_3,10,10,1.0,0,0.0,10,6.821013927459717,yolov8n,motionblur_l3
Koeln/Koeln2/2015-04-23_13-30-57/Trafficlight_4,12,9,0.75,0,0.0,7,4.59102988243103,yolov8n,motionblur_l3
Essen/Essen2/2015-04-22_11-54-56/Trafficlight_1,16,16,1.0,0,0.0,15,5.597384929656982,yolo11n,motionblur_l3
Essen/Essen2/2015-04-22_11-54-56/Trafficlight_2,12,12,1.0,0,0.0,12,4.397567987442017,yolo11n,motionblur_l3
Essen/Essen2/2015-04-22_11-55-29/Trafficlight_1,22,14,0.6363636363636364,0,0.0,13,4.801160097122192,yolo11n,motionblur_l3
Essen/Essen2/2015-04-22_11-55-29/Trafficlight_2,15,10,0.6666666666666666,0,0.0,10,3.599246025085449,yolo11n,motionblur_l3
Essen/Essen2/2015-04-22_11-55-29/Trafficlight_3,21,11,0.5238095238095238,0,0.0,11,3.9993178844451904,yolo11n,motionblur_l3
Essen/Essen2/2015-04-22_11-58-40/Trafficlight_1,1,1,1.0,0,0.0,1,0.0,yolo11n,motionblur_l3
Essen/Essen2/2015-04-22_11-58-40/Trafficlight_2,1,0,0.0,0,0.0,0,0.0,yolo11n,motionblur_l3
Essen/Essen2/2015-04-22_11-59-47/Trafficlight_1,14,11,0.7857142857142857,0,0.0,11,8.468425035476685,yolo11n,motionblur_l3
Essen/Essen2/2015-04-22_11-59-47/Trafficlight_2,18,12,0.6666666666666666,0,0.0,12,5.801532983779907,yolo11n,motionblur_l3
Essen/Essen2/2015-04-22_11-59-47/Trafficlight_3,21,20,0.9523809523809523,0,0.0,20,10.068872928619385,yolo11n,motionblur_l3
Essen/Essen2/2015-04-22_12-00-12/Trafficlight_1,12,12,1.0,0,0.0,11,2.66969895362854,yolo11n,motionblur_l3
Essen/Essen2/2015-04-22_12-00-12/Trafficlight_2,12,12,1.0,0,0.0,12,3.268275022506714,yolo11n,motionblur_l3
Essen/Essen2/2015-04-22_12-00-12/Trafficlight_3,18,11,0.6111111111111112,0,0.0,10,3.0005722045898438,yolo11n,motionblur_l3
Essen/Essen2/2015-04-22_12-00-50/Trafficlight_1,8,3,0.375,0,0.0,3,3.466460943222046,yolo11n,motionblur_l3
Essen/Essen2/2015-04-22_12-00-50/Trafficlight_2,4,2,0.5,0,0.0,1,0.0,yolo11n,motionblur_l3
Essen/Essen2/2015-04-22_12-00-50/Trafficlight_3,7,7,1.0,0,0.0,5,6.931787967681885,yolo11n,motionblur_l3
Essen/Essen2/2015-04-22_12-03-07/Trafficlight_7,1,1,1.0,0,0.0,1,0.0,yolo11n,motionblur_l3
Essen/Essen2/2015-04-22_12-03-07/Trafficlight_8,1,1,1.0,0,0.0,1,0.0,yolo11n,motionblur_l3
Essen/Essen2/2015-04-22_12-03-17/Trafficlight_1,11,11,1.0,0,0.0,11,3.3990509510040283,yolo11n,motionblur_l3
Essen/Essen2/2015-04-22_12-03-17/Trafficlight_2,11,11,1.0,0,0.0,11,3.3990509510040283,yolo11n,motionblur_l3
Essen/Essen2/2015-04-22_12-03-17/Trafficlight_3,10,9,0.9,0,0.0,5,1.3294909000396729,yolo11n,motionblur_l3
Essen/Essen2/2015-04-22_12-03-17/Trafficlight_4,2,2,1.0,0,0.0,2,0.33318114280700684,yolo11n,motionblur_l3
Essen/Essen2/2015-04-22_12-04-52/Trafficlight_1,18,17,0.9444444444444444,0,0.0,16,5.132371187210083,yolo11n,motionblur_l3
Essen/Essen2/2015-04-22_12-04-52/Trafficlight_5,6,6,1.0,0,0.0,6,1.664518117904663,yolo11n,motionblur_l3
Essen/Essen2/2015-04-22_12-07-48/Trafficlight_1,7,7,1.0,0,0.0,7,1.999337911605835,yolo11n,motionblur_l3
Essen/Essen2/2015-04-22_12-07-48/Trafficlight_2,7,7,1.0,0,0.0,7,1.999337911605835,yolo11n,motionblur_l3
Essen/Essen2/2015-04-22_12-07-48/Trafficlight_3,7,7,1.0,0,0.0,7,1.999337911605835,yolo11n,motionblur_l3
Essen/Essen2/2015-04-22_12-10-46/Trafficlight_2,10,4,0.4,0,0.0,4,3.0016729831695557,yolo11n,motionblur_l3
Essen/Essen2/2015-04-22_12-10-46/Trafficlight_3,16,8,0.5,0,0.0,6,5.135143995285034,yolo11n,motionblur_l3
Essen/Essen2/2015-04-22_12-10-46/Trafficlight_1,13,7,0.5384615384615384,0,0.0,4,3.0016729831695557,yolo11n,motionblur_l3
Essen/Essen2/2015-04-22_12-12-38/Trafficlight_1,14,12,0.8571428571428571,0,0.0,12,5.331057071685791,yolo11n,motionblur_l3
Essen/Essen2/2015-04-22_12-12-38/Trafficlight_2,16,16,1.0,0,0.0,16,5.730792999267578,yolo11n,motionblur_l3
Essen/Essen2/2015-04-22_12-14-33/Trafficlight_1,5,5,1.0,0,0.0,5,1.8019039630889893,yolo11n,motionblur_l3
Essen/Essen2/2015-04-22_12-14-33/Trafficlight_2,4,4,1.0,0,0.0,4,1.8019039630889893,yolo11n,motionblur_l3
Essen/Essen2/2015-04-22_12-14-33/Trafficlight_3,5,5,1.0,0,0.0,5,1.8019039630889893,yolo11n,motionblur_l3
Essen/Essen2/2015-04-22_12-16-21/Trafficlight_1,16,15,0.9375,0,0.0,13,4.7983479499816895,yolo11n,motionblur_l3
Essen/Essen2/2015-04-22_12-16-21/Trafficlight_2,12,10,0.8333333333333334,0,0.0,10,3.600069046020508,yolo11n,motionblur_l3
Essen/Essen2/2015-04-22_12-17-10/Trafficlight_2,9,9,1.0,0,0.0,9,5.531995058059692,yolo11n,motionblur_l3
Essen/Essen2/2015-04-22_12-17-10/Trafficlight_1,17,10,0.5882352941176471,0,0.0,6,3.3997910022735596,yolo11n,motionblur_l3
Essen/Essen2/2015-04-22_12-17-10/Trafficlight_3,13,13,1.0,0,0.0,13,8.866031885147095,yolo11n,motionblur_l3
Essen/Essen3/2015-04-22_12-21-40/Trafficlight_2,20,15,0.75,0,0.0,15,2.800266981124878,yolo11n,motionblur_l3
Essen/Essen3/2015-04-22_12-21-40/Trafficlight_3,1,1,1.0,0,0.0,1,0.0,yolo11n,motionblur_l3
Essen/Essen3/2015-04-22_12-22-11/Trafficlight_2,4,4,1.0,0,0.0,4,2.125485897064209,yolo11n,motionblur_l3
Essen/Essen3/2015-04-22_12-22-11/Trafficlight_3,6,4,0.6666666666666666,0,0.0,3,1.4616119861602783,yolo11n,motionblur_l3
Essen/Essen3/2015-04-22_12-22-11/Trafficlight_4,11,4,0.36363636363636365,0,0.0,4,2.125485897064209,yolo11n,motionblur_l3
Essen/Essen3/2015-04-22_12-24-28/Trafficlight_1,5,5,1.0,0,0.0,5,3.932101011276245,yolo11n,motionblur_l3
Essen/Essen3/2015-04-22_12-24-28/Trafficlight_2,5,5,1.0,0,0.0,5,3.932101011276245,yolo11n,motionblur_l3
Essen/Essen3/2015-04-22_12-24-28/Trafficlight_3,2,2,1.0,0,0.0,2,1.0009028911590576,yolo11n,motionblur_l3
Essen/Essen3/2015-04-22_12-28-48/Trafficlight_1,20,11,0.55,0,0.0,11,5.33179783821106,yolo11n,motionblur_l3
Essen/Essen3/2015-04-22_12-28-48/Trafficlight_5,10,10,1.0,0,0.0,10,4.799072980880737,yolo11n,motionblur_l3
Essen/Essen3/2015-04-22_12-31-21/Trafficlight_4,1,1,1.0,0,0.0,1,0.0,yolo11n,motionblur_l3
Essen/Essen3/2015-04-22_12-31-56/Trafficlight_1,8,7,0.875,0,0.0,7,0.8002779483795166,yolo11n,motionblur_l3
Essen/Essen3/2015-04-22_12-31-56/Trafficlight_2,19,7,0.3684210526315789,0,0.0,7,0.8002779483795166,yolo11n,motionblur_l3
Essen/Essen3/2015-04-22_12-31-56/Trafficlight_3,9,6,0.6666666666666666,0,0.0,6,6.46475887298584,yolo11n,motionblur_l3
Essen/Essen3/2015-04-22_12-31-56/Trafficlight_4,9,8,0.8888888888888888,0,0.0,8,9.063285827636719,yolo11n,motionblur_l3
Essen/Essen3/2015-04-22_12-31-56/Trafficlight_16,8,3,0.375,0,0.0,2,0.6026039123535156,yolo11n,motionblur_l3
Essen/Essen3/2015-04-22_12-31-56/Trafficlight_17,6,0,0.0,0,0.0,0,0.0,yolo11n,motionblur_l3
Essen/Essen3/2015-04-22_12-31-56/Trafficlight_18,10,1,0.1,0,0.0,1,0.0,yolo11n,motionblur_l3
Fulda/Fulda2/2015-05-15_18-00-09/Trafficlight_1,10,0,0.0,1,0.1,0,0.0,yolo11n,motionblur_l3
Fulda/Fulda2/2015-05-15_18-00-09/Trafficlight_7,3,2,0.6666666666666666,0,0.0,2,0.592069149017334,yolo11n,motionblur_l3
Fulda/Fulda2/2015-05-15_18-00-57/Trafficlight_1,14,10,0.7142857142857143,0,0.0,10,5.2941648960113525,yolo11n,motionblur_l3
Fulda/Fulda2/2015-05-15_18-00-57/Trafficlight_2,10,10,1.0,0,0.0,10,5.2941648960113525,yolo11n,motionblur_l3
Fulda/Fulda2/2015-05-15_18-00-57/Trafficlight_3,10,10,1.0,0,0.0,10,5.290283918380737,yolo11n,motionblur_l3
Fulda/Fulda2/2015-05-15_18-01-58/Trafficlight_14,3,3,1.0,0,0.0,3,1.1750850677490234,yolo11n,motionblur_l3
Fulda/Fulda2/2015-05-15_18-03-39/Trafficlight_5,11,5,0.45454545454545453,0,0.0,3,1.177419900894165,yolo11n,motionblur_l3
Fulda/Fulda2/2015-05-15_18-03-39/Trafficlight_6,7,3,0.42857142857142855,0,0.0,3,1.177419900894165,yolo11n,motionblur_l3
Fulda/Fulda2/2015-05-15_18-03-39/Trafficlight_7,11,7,0.6363636363636364,0,0.0,7,3.5304930210113525,yolo11n,motionblur_l3
Fulda/Fulda2/2015-05-15_18-04-24/Trafficlight_2,15,5,0.3333333333333333,0,0.0,2,0.5911819934844971,yolo11n,motionblur_l3
Fulda/Fulda2/2015-05-15_18-05-38/Trafficlight_1,16,14,0.875,0,0.0,14,7.648421049118042,yolo11n,motionblur_l3
Fulda/Fulda2/2015-05-15_18-05-38/Trafficlight_7,14,3,0.21428571428571427,0,0.0,3,1.176785945892334,yolo11n,motionblur_l3
Fulda/Fulda2/2015-05-15_18-05-38/Trafficlight_12,7,7,1.0,0,0.0,4,1.763545036315918,yolo11n,motionblur_l3
Fulda/Fulda2/2015-05-15_18-07-04/Trafficlight_2,7,7,1.0,0,0.0,7,3.5272409915924072,yolo11n,motionblur_l3
Fulda/Fulda2/2015-05-15_18-07-04/Trafficlight_3,10,10,1.0,0,0.0,10,5.294755935668945,yolo11n,motionblur_l3
Fulda/Fulda2/2015-05-15_18-07-04/Trafficlight_14,2,2,1.0,0,0.0,2,0.5877358913421631,yolo11n,motionblur_l3
Fulda/Fulda2/2015-05-15_18-07-37/Trafficlight_2,2,2,1.0,0,0.0,2,0.5985150337219238,yolo11n,motionblur_l3
Fulda/Fulda2/2015-05-15_18-07-37/Trafficlight_3,3,3,1.0,0,0.0,3,1.1775381565093994,yolo11n,motionblur_l3
Fulda/Fulda2/2015-05-15_18-08-11/Trafficlight_1,8,8,1.0,0,0.0,8,4.119189023971558,yolo11n,motionblur_l3
Fulda/Fulda2/2015-05-15_18-08-11/Trafficlight_2,8,6,0.75,0,0.0,6,2.9431979656219482,yolo11n,motionblur_l3
Fulda/Fulda2/2015-05-15_18-09-21/Trafficlight_1,14,14,1.0,0,0.0,14,7.643924951553345,yolo11n,motionblur_l3
Fulda/Fulda2/2015-05-15_18-09-21/Trafficlight_2,5,5,1.0,0,0.0,5,2.3477139472961426,yolo11n,motionblur_l3
Fulda/Fulda2/2015-05-15_18-11-25/Trafficlight_1,14,11,0.7857142857142857,0,0.0,10,5.293941020965576,yolo11n,motionblur_l3
Fulda/Fulda2/2015-05-15_18-11-25/Trafficlight_2,9,3,0.3333333333333333,0,0.0,3,1.1752421855926514,yolo11n,motionblur_l3
Fulda/Fulda2/2015-05-15_18-11-25/Trafficlight_3,12,11,0.9166666666666666,0,0.0,11,5.882004976272583,yolo11n,motionblur_l3
Fulda/Fulda2/2015-05-15_18-12-26/Trafficlight_12,1,1,1.0,0,0.0,1,0.0,yolo11n,motionblur_l3
Fulda/Fulda2/2015-05-15_18-12-26/Trafficlight_13,1,1,1.0,0,0.0,1,0.0,yolo11n,motionblur_l3
Fulda/Fulda2/2015-05-15_18-13-56/Trafficlight_2,3,3,1.0,0,0.0,3,1.1754150390625,yolo11n,motionblur_l3
Fulda/Fulda2/2015-05-15_18-13-56/Trafficlight_3,3,3,1.0,0,0.0,3,1.1754150390625,yolo11n,motionblur_l3
Fulda/Fulda2/2015-05-15_18-13-56/Trafficlight_4,4,4,1.0,0,0.0,4,1.76487398147583,yolo11n,motionblur_l3
Hannover/Hannover4/2015-04-20_13-51-29/Trafficlight_7,20,20,1.0,0,0.0,20,5.936743974685669,yolo11n,motionblur_l3
Hannover/Hannover4/2015-04-20_13-51-36/Trafficlight_4,20,20,1.0,0,0.0,20,1.467405080795288,yolo11n,motionblur_l3
Hannover/Hannover4/2015-04-20_13-51-36/Trafficlight_6,10,10,1.0,0,0.0,10,0.6674211025238037,yolo11n,motionblur_l3
Hannover/Hannover4/2015-04-20_13-51-40/Trafficlight_2,20,16,0.8,0,0.0,6,3.067556858062744,yolo11n,motionblur_l3
Hannover/Hannover4/2015-04-20_13-51-40/Trafficlight_1,18,18,1.0,0,0.0,18,11.801587104797363,yolo11n,motionblur_l3
Hannover/Hannover4/2015-04-20_13-51-40/Trafficlight_3,19,19,1.0,0,0.0,19,11.204802989959717,yolo11n,motionblur_l3
Hannover/Hannover4/2015-04-20_13-54-28/Trafficlight_2,4,3,0.75,0,0.0,3,1.8645048141479492,yolo11n,motionblur_l3
Hannover/Hannover4/2015-04-20_13-54-28/Trafficlight_3,13,11,0.8461538461538461,0,0.0,4,3.7330410480499268,yolo11n,motionblur_l3
Hannover/Hannover4/2015-04-20_13-54-28/Trafficlight_7,5,5,1.0,0,0.0,5,3.7315638065338135,yolo11n,motionblur_l3
Hannover/Hannover4/2015-04-20_13-56-44/Trafficlight_3,12,10,0.8333333333333334,0,0.0,10,6.467846870422363,yolo11n,motionblur_l3
Hannover/Hannover4/2015-04-20_13-56-44/Trafficlight_4,19,13,0.6842105263157895,0,0.0,6,3.6001219749450684,yolo11n,motionblur_l3
Hannover/Hannover4/2015-04-20_13-57-56/Trafficlight_4,19,19,1.0,0,0.0,19,1.1975510120391846,yolo11n,motionblur_l3
Hannover/Hannover4/2015-04-20_13-58-03/Trafficlight_3,16,14,0.875,0,0.0,12,7.528779983520508,yolo11n,motionblur_l3
Hannover/Hannover4/2015-04-20_13-58-03/Trafficlight_4,23,19,0.8260869565217391,0,0.0,16,10.33044695854187,yolo11n,motionblur_l3
Hannover/Hannover4/2015-04-20_13-59-27/Trafficlight_1,20,20,1.0,0,0.0,20,1.3349270820617676,yolo11n,motionblur_l3
Hannover/Hannover4/2015-04-20_14-00-12/Trafficlight_1,26,26,1.0,0,0.0,14,6.397797107696533,yolo11n,motionblur_l3
Hannover/Hannover4/2015-04-20_14-00-12/Trafficlight_2,29,22,0.7586206896551724,0,0.0,15,8.126466035842896,yolo11n,motionblur_l3
Hannover/Hannover4/2015-04-20_14-00-12/Trafficlight_3,9,9,1.0,0,0.0,9,4.66677713394165,yolo11n,motionblur_l3
Hannover/Hannover4/2015-04-20_14-01-01/Trafficlight_2,20,5,0.25,0,0.0,5,3.4689669609069824,yolo11n,motionblur_l3
Hannover/Hannover4/2015-04-20_14-01-01/Trafficlight_1,20,20,1.0,0,0.0,19,16.600769996643066,yolo11n,motionblur_l3
Hannover/Hannover4/2015-04-20_14-02-07/Trafficlight_4,20,20,1.0,0,0.0,20,5.469353914260864,yolo11n,motionblur_l3
Hannover/Hannover4/2015-04-20_14-02-24/Trafficlight_2,8,8,1.0,0,0.0,8,2.2011499404907227,yolo11n,motionblur_l3
Hannover/Hannover4/2015-04-20_14-02-24/Trafficlight_3,10,10,1.0,0,0.0,9,2.5317258834838867,yolo11n,motionblur_l3
Hannover/Hannover4/2015-04-20_14-02-24/Trafficlight_1,9,9,1.0,0,0.0,9,2.5317258834838867,yolo11n,motionblur_l3
Hannover/Hannover4/2015-04-20_14-02-24/Trafficlight_5,1,1,1.0,0,0.0,1,0.0,yolo11n,motionblur_l3
Hannover/Hannover4/2015-04-20_14-04-24/Trafficlight_3,6,6,1.0,0,0.0,4,1.6685810089111328,yolo11n,motionblur_l3
Hannover/Hannover4/2015-04-20_14-04-24/Trafficlight_4,4,4,1.0,0,0.0,4,1.6685810089111328,yolo11n,motionblur_l3
Hannover/Hannover4/2015-04-20_14-04-24/Trafficlight_5,14,14,1.0,0,0.0,10,5.067967891693115,yolo11n,motionblur_l3
Hannover/Hannover4/2015-04-20_14-05-57/Trafficlight_2,12,12,1.0,0,0.0,12,9.731340885162354,yolo11n,motionblur_l3
Hannover/Hannover4/2015-04-20_14-05-57/Trafficlight_1,7,7,1.0,0,0.0,7,5.333891868591309,yolo11n,motionblur_l3
Hannover/Hannover4/2015-04-20_14-05-57/Trafficlight_3,17,8,0.47058823529411764,0,0.0,8,6.198163986206055,yolo11n,motionblur_l3
Hannover/Hannover4/2015-04-20_14-06-51/Trafficlight_2,15,8,0.5333333333333333,0,0.0,7,3.331313133239746,yolo11n,motionblur_l3
Hannover/Hannover4/2015-04-20_14-06-51/Trafficlight_1,18,15,0.8333333333333334,0,0.0,7,3.333534002304077,yolo11n,motionblur_l3
Hannover/Hannover4/2015-04-20_14-06-51/Trafficlight_3,18,18,1.0,0,0.0,18,9.332195043563843,yolo11n,motionblur_l3
Hannover/Hannover4/2015-04-20_14-08-36/Trafficlight_4,10,9,0.9,0,0.0,9,2.730412006378174,yolo11n,motionblur_l3
Hannover/Hannover4/2015-04-20_14-08-36/Trafficlight_5,20,19,0.95,0,0.0,18,5.863238096237183,yolo11n,motionblur_l3
Hannover/Hannover4/2015-04-20_14-08-36/Trafficlight_3,9,8,0.8888888888888888,0,0.0,8,2.3995440006256104,yolo11n,motionblur_l3
Hannover/Hannover4/2015-04-20_14-09-52/Trafficlight_1,20,13,0.65,0,0.0,11,4.800441026687622,yolo11n,motionblur_l3
Hannover/Hannover4/2015-04-20_14-09-52/Trafficlight_2,20,11,0.55,0,0.0,11,4.800441026687622,yolo11n,motionblur_l3
Hannover/Hannover4/2015-04-20_14-11-20/Trafficlight_1,12,7,0.5833333333333334,0,0.0,7,2.798306941986084,yolo11n,motionblur_l3
Hannover/Hannover4/2015-04-20_14-11-20/Trafficlight_3,3,3,1.0,0,0.0,3,0.9365520477294922,yolo11n,motionblur_l3
Hannover/Hannover4/2015-04-20_14-12-16/Trafficlight_4,7,7,1.0,0,0.0,7,2.398069143295288,yolo11n,motionblur_l3
Hannover/Hannover4/2015-04-20_14-12-16/Trafficlight_5,7,7,1.0,0,0.0,7,2.398069143295288,yolo11n,motionblur_l3
Hannover/Hannover4/2015-04-20_14-12-16/Trafficlight_6,20,20,1.0,0,0.0,20,7.598844051361084,yolo11n,motionblur_l3
Hannover/Hannover4/2015-04-20_14-16-02/Trafficlight_2,14,14,1.0,0,0.0,9,4.999456167221069,yolo11n,motionblur_l3
Hannover/Hannover4/2015-04-20_14-16-02/Trafficlight_3,19,19,1.0,0,0.0,19,11.200973987579346,yolo11n,motionblur_l3
Hannover/Hannover4/2015-04-20_14-16-02/Trafficlight_1,8,8,1.0,0,0.0,8,4.332615852355957,yolo11n,motionblur_l3
Hannover/Hannover4/2015-04-20_14-17-12/Trafficlight_2,20,20,1.0,0,0.0,20,6.199991941452026,yolo11n,motionblur_l3
Hannover/Hannover4/2015-04-20_14-17-12/TrafficLight_6,20,20,1.0,0,0.0,20,6.199991941452026,yolo11n,motionblur_l3
Hannover/Hannover4/2015-04-20_14-31-46/Trafficlight_3,4,4,1.0,0,0.0,4,1.9333159923553467,yolo11n,motionblur_l3
Hannover/Hannover4/2015-04-20_14-31-46/Trafficlight_4,8,0,0.0,0,0.0,0,0.0,yolo11n,motionblur_l3
Hannover/Hannover4/2015-04-20_14-31-46/Trafficlight_2,9,9,1.0,0,0.0,9,5.199236869812012,yolo11n,motionblur_l3
Hannover/Hannover4/2015-04-20_14-32-25/Trafficlight_3,14,12,0.8571428571428571,0,0.0,9,4.397688865661621,yolo11n,motionblur_l3
Hannover/Hannover4/2015-04-20_14-32-25/Trafficlight_4,20,13,0.65,0,0.0,13,6.664405822753906,yolo11n,motionblur_l3
Hannover/Hannover4/2015-04-20_14-33-38/Trafficlight_2,6,4,0.6666666666666666,0,0.0,4,0.5363099575042725,yolo11n,motionblur_l3
Hannover/Hannover4/2015-04-20_14-33-38/Trafficlight_3,20,19,0.95,0,0.0,11,1.8038280010223389,yolo11n,motionblur_l3
Koeln/Koeln2/2015-04-23_12-31-31/Trafficlight_1,2,2,1.0,0,0.0,2,0.47226786613464355,yolo11n,motionblur_l3
Koeln/Koeln2/2015-04-23_12-31-31/Trafficlight_2,2,2,1.0,0,0.0,2,0.47226786613464355,yolo11n,motionblur_l3
Koeln/Koeln2/2015-04-23_12-31-31/Trafficlight_3,2,2,1.0,0,0.0,2,0.47226786613464355,yolo11n,motionblur_l3
Koeln/Koeln2/2015-04-23_12-33-22/Trafficlight_19,1,1,1.0,0,0.0,1,0.0,yolo11n,motionblur_l3
Koeln/Koeln2/2015-04-23_12-54-40/Trafficlight_3,9,9,1.0,0,0.0,9,6.822049140930176,yolo11n,motionblur_l3
Koeln/Koeln2/2015-04-23_12-54-40/Trafficlight_4,9,9,1.0,0,0.0,9,6.822049140930176,yolo11n,motionblur_l3
Koeln/Koeln2/2015-04-23_12-55-44/Trafficlight_3,8,8,1.0,0,0.0,8,5.351059913635254,yolo11n,motionblur_l3
Koeln/Koeln2/2015-04-23_12-55-44/Trafficlight_1,8,8,1.0,0,0.0,8,5.351059913635254,yolo11n,motionblur_l3
Koeln/Koeln2/2015-04-23_12-55-44/Trafficlight_2,7,7,1.0,0,0.0,7,4.584281921386719,yolo11n,motionblur_l3
Koeln/Koeln2/2015-04-23_12-56-08/Trafficlight_2,11,9,0.8181818181818182,0,0.0,5,3.530914068222046,yolo11n,motionblur_l3
Koeln/Koeln2/2015-04-23_12-56-08/Trafficlight_1,20,12,0.6,0,0.0,12,9.700156927108765,yolo11n,motionblur_l3
Koeln/Koeln2/2015-04-23_12-56-08/Trafficlight_3,15,7,0.4666666666666667,1,0.06666666666666667,2,0.8849191665649414,yolo11n,motionblur_l3
Koeln/Koeln2/2015-04-23_12-58-12/Trafficlight_1,20,20,1.0,0,0.0,20,18.408507108688354,yolo11n,motionblur_l3
Koeln/Koeln2/2015-04-23_12-58-12/Trafficlight_2,20,7,0.35,0,0.0,2,1.0012500286102295,yolo11n,motionblur_l3
Koeln/Koeln2/2015-04-23_13-03-59/Trafficlight_2,5,5,1.0,0,0.0,5,2.116795063018799,yolo11n,motionblur_l3
Koeln/Koeln2/2015-04-23_13-03-59/Trafficlight_3,7,7,1.0,0,0.0,7,3.4705021381378174,yolo11n,motionblur_l3
Koeln/Koeln2/2015-04-23_13-05-35/Trafficlight_4,3,3,1.0,0,0.0,3,1.6492500305175781,yolo11n,motionblur_l3
Koeln/Koeln2/2015-04-23_13-05-35/Trafficlight_5,4,3,0.75,0,0.0,3,1.6492500305175781,yolo11n,motionblur_l3
Koeln/Koeln2/2015-04-23_13-10-19/Trafficlight_1,3,0,0.0,0,0.0,0,0.0,yolo11n,motionblur_l3
Koeln/Koeln2/2015-04-23_13-10-19/Trafficlight_3,5,0,0.0,0,0.0,0,0.0,yolo11n,motionblur_l3
Koeln/Koeln2/2015-04-23_13-10-19/Trafficlight_7,6,6,1.0,0,0.0,4,2.4686670303344727,yolo11n,motionblur_l3
Koeln/Koeln2/2015-04-23_13-10-19/Trafficlight_8,6,6,1.0,0,0.0,4,2.4686670303344727,yolo11n,motionblur_l3
Koeln/Koeln2/2015-04-23_13-11-46/Trafficlight_1,5,5,1.0,0,0.0,5,4.520406007766724,yolo11n,motionblur_l3
Koeln/Koeln2/2015-04-23_13-11-46/Trafficlight_3,7,7,1.0,0,0.0,6,5.8708062171936035,yolo11n,motionblur_l3
Koeln/Koeln2/2015-04-23_13-15-36/Trafficlight_4,13,13,1.0,2,0.15384615384615385,13,6.585233926773071,yolo11n,motionblur_l3
Koeln/Koeln2/2015-04-23_13-15-36/Trafficlight_5,2,2,1.0,0,0.0,2,0.7070450782775879,yolo11n,motionblur_l3
Koeln/Koeln2/2015-04-23_13-15-59/Trafficlight_4,15,3,0.2,0,0.0,3,2.116952896118164,yolo11n,motionblur_l3
Koeln/Koeln2/2015-04-23_13-15-59/Trafficlight_3,7,4,0.5714285714285714,0,0.0,2,1.0588128566741943,yolo11n,motionblur_l3
Koeln/Koeln2/2015-04-23_13-16-45/Trafficlight_5,2,0,0.0,0,0.0,0,0.0,yolo11n,motionblur_l3
Koeln/Koeln2/2015-04-23_13-18-13/Trafficlight_4,7,7,1.0,0,0.0,5,1.4128310680389404,yolo11n,motionblur_l3
Koeln/Koeln2/2015-04-23_13-18-13/Trafficlight_5,12,12,1.0,0,0.0,12,3.8831870555877686,yolo11n,motionblur_l3
Koeln/Koeln2/2015-04-23_13-18-13/Trafficlight_6,13,13,1.0,0,0.0,13,4.237360000610352,yolo11n,motionblur_l3
Koeln/Koeln2/2015-04-23_13-18-13/Trafficlight_7,19,7,0.3684210526315789,0,0.0,5,1.4128310680389404,yolo11n,motionblur_l3
Koeln/Koeln2/2015-04-23_13-19-07/Trafficlight_1,12,4,0.3333333333333333,0,0.0,4,5.292745113372803,yolo11n,motionblur_l3
Koeln/Koeln2/2015-04-23_13-19-07/Trafficlight_2,4,3,0.75,0,0.0,2,1.763930082321167,yolo11n,motionblur_l3
Koeln/Koeln2/2015-04-23_13-19-07/Trafficlight_3,5,5,1.0,0,0.0,5,7.0580809116363525,yolo11n,motionblur_l3
Koeln/Koeln2/2015-04-23_13-19-07/Trafficlight_6,12,7,0.5833333333333334,0,0.0,1,0.0,yolo11n,motionblur_l3
Koeln/Koeln2/2015-04-23_13-19-07/Trafficlight_7,5,5,1.0,0,0.0,1,0.0,yolo11n,motionblur_l3
Koeln/Koeln2/2015-04-23_13-19-07/Trafficlight_8,6,6,1.0,0,0.0,1,0.0,yolo11n,motionblur_l3
Koeln/Koeln2/2015-04-23_13-22-16/Trafficlight_5,16,16,1.0,0,0.0,14,11.05482292175293,yolo11n,motionblur_l3
Koeln/Koeln2/2015-04-23_13-22-16/Trafficlight_6,14,14,1.0,0,0.0,14,11.05482292175293,yolo11n,motionblur_l3
Koeln/Koeln2/2015-04-23_13-26-00/Trafficlight_1,5,5,1.0,0,0.0,5,0.23670387268066406,yolo11n,motionblur_l3
Koeln/Koeln2/2015-04-23_13-26-00/Trafficlight_2,11,11,1.0,1,0.09090909090909091,11,0.6478209495544434,yolo11n,motionblur_l3
Koeln/Koeln2/2015-04-23_13-27-52/Trafficlight_2,9,7,0.7777777777777778,0,0.0,6,3.23876690864563,yolo11n,motionblur_l3
Koeln/Koeln2/2015-04-23_13-27-52/Trafficlight_3,9,8,0.8888888888888888,0,0.0,8,4.529943943023682,yolo11n,motionblur_l3
Koeln/Koeln2/2015-04-23_13-28-56/Trafficlight_1,1,0,0.0,0,0.0,0,0.0,yolo11n,motionblur_l3
Koeln/Koeln2/2015-04-23_13-28-56/Trafficlight_3,1,1,1.0,0,0.0,1,0.0,yolo11n,motionblur_l3
Koeln/Koeln2/2015-04-23_13-29-48/Trafficlight_1,17,10,0.5882352941176471,0,0.0,8,2.413206100463867,yolo11n,motionblur_l3
Koeln/Koeln2/2015-04-23_13-29-48/Trafficlight_2,13,13,1.0,0,0.0,13,4.294061899185181,yolo11n,motionblur_l3
Koeln/Koeln2/2015-04-23_13-29-48/Trafficlight_3,17,16,0.9411764705882353,1,0.058823529411764705,13,4.4676971435546875,yolo11n,motionblur_l3
Koeln/Koeln2/2015-04-23_13-30-07/Trafficlight_2,11,11,1.0,0,0.0,11,5.886243104934692,yolo11n,motionblur_l3
Koeln/Koeln2/2015-04-23_13-30-07/Trafficlight_3,14,12,0.8571428571428571,0,0.0,12,6.474306106567383,yolo11n,motionblur_l3
Koeln/Koeln2/2015-04-23_13-30-57/Trafficlight_3,10,6,0.6,0,0.0,3,1.5248119831085205,yolo11n,motionblur_l3
Koeln/Koeln2/2015-04-23_13-30-57/Trafficlight_4,12,10,0.8333333333333334,0,0.0,7,4.59102988243103,yolo11n,motionblur_l3
Essen/Essen2/2015-04-22_11-54-56/Trafficlight_1,16,16,1.0,0,0.0,15,5.597384929656982,yolo12n,motionblur_l3
Essen/Essen2/2015-04-22_11-54-56/Trafficlight_2,12,12,1.0,0,0.0,12,4.397567987442017,yolo12n,motionblur_l3
Essen/Essen2/2015-04-22_11-55-29/Trafficlight_1,22,16,0.7272727272727273,0,0.0,15,5.600295066833496,yolo12n,motionblur_l3
Essen/Essen2/2015-04-22_11-55-29/Trafficlight_2,15,13,0.8666666666666667,0,0.0,11,4.000014066696167,yolo12n,motionblur_l3
Essen/Essen2/2015-04-22_11-55-29/Trafficlight_3,21,13,0.6190476190476191,0,0.0,13,4.798900842666626,yolo12n,motionblur_l3
Essen/Essen2/2015-04-22_11-58-40/Trafficlight_1,1,1,1.0,0,0.0,1,0.0,yolo12n,motionblur_l3
Essen/Essen2/2015-04-22_11-58-40/Trafficlight_2,1,0,0.0,0,0.0,0,0.0,yolo12n,motionblur_l3
Essen/Essen2/2015-04-22_11-59-47/Trafficlight_1,14,13,0.9285714285714286,0,0.0,13,9.5329430103302,yolo12n,motionblur_l3
Essen/Essen2/2015-04-22_11-59-47/Trafficlight_2,18,17,0.9444444444444444,0,0.0,14,6.869848966598511,yolo12n,motionblur_l3
Essen/Essen2/2015-04-22_11-59-47/Trafficlight_3,21,21,1.0,0,0.0,21,10.599853992462158,yolo12n,motionblur_l3
Essen/Essen2/2015-04-22_12-00-12/Trafficlight_1,12,12,1.0,0,0.0,11,2.66969895362854,yolo12n,motionblur_l3
Essen/Essen2/2015-04-22_12-00-12/Trafficlight_2,12,11,0.9166666666666666,0,0.0,11,3.0005722045898438,yolo12n,motionblur_l3
Essen/Essen2/2015-04-22_12-00-12/Trafficlight_3,18,15,0.8333333333333334,0,0.0,15,4.334539175033569,yolo12n,motionblur_l3
Essen/Essen2/2015-04-22_12-00-50/Trafficlight_1,8,6,0.75,0,0.0,5,6.931787967681885,yolo12n,motionblur_l3
Essen/Essen2/2015-04-22_12-00-50/Trafficlight_2,4,1,0.25,0,0.0,1,0.0,yolo12n,motionblur_l3
Essen/Essen2/2015-04-22_12-00-50/Trafficlight_3,7,6,0.8571428571428571,0,0.0,5,6.931787967681885,yolo12n,motionblur_l3
Essen/Essen2/2015-04-22_12-03-07/Trafficlight_7,1,1,1.0,0,0.0,1,0.0,yolo12n,motionblur_l3
Essen/Essen2/2015-04-22_12-03-07/Trafficlight_8,1,1,1.0,0,0.0,1,0.0,yolo12n,motionblur_l3
Essen/Essen2/2015-04-22_12-03-17/Trafficlight_1,11,11,1.0,0,0.0,11,3.3990509510040283,yolo12n,motionblur_l3
Essen/Essen2/2015-04-22_12-03-17/Trafficlight_2,11,11,1.0,0,0.0,11,3.3990509510040283,yolo12n,motionblur_l3
Essen/Essen2/2015-04-22_12-03-17/Trafficlight_3,10,10,1.0,0,0.0,10,3.064750909805298,yolo12n,motionblur_l3
Essen/Essen2/2015-04-22_12-03-17/Trafficlight_4,2,2,1.0,0,0.0,2,0.33318114280700684,yolo12n,motionblur_l3
Essen/Essen2/2015-04-22_12-04-52/Trafficlight_1,18,18,1.0,0,0.0,18,5.7976460456848145,yolo12n,motionblur_l3
Essen/Essen2/2015-04-22_12-04-52/Trafficlight_5,6,6,1.0,0,0.0,6,1.664518117904663,yolo12n,motionblur_l3
Essen/Essen2/2015-04-22_12-07-48/Trafficlight_1,7,7,1.0,0,0.0,7,1.999337911605835,yolo12n,motionblur_l3
Essen/Essen2/2015-04-22_12-07-48/Trafficlight_2,7,7,1.0,0,0.0,7,1.999337911605835,yolo12n,motionblur_l3
Essen/Essen2/2015-04-22_12-07-48/Trafficlight_3,7,7,1.0,0,0.0,7,1.999337911605835,yolo12n,motionblur_l3
Essen/Essen2/2015-04-22_12-10-46/Trafficlight_2,10,6,0.6,0,0.0,6,5.135143995285034,yolo12n,motionblur_l3
Essen/Essen2/2015-04-22_12-10-46/Trafficlight_3,16,9,0.5625,0,0.0,9,8.335385084152222,yolo12n,motionblur_l3
Essen/Essen2/2015-04-22_12-10-46/Trafficlight_1,13,7,0.5384615384615384,0,0.0,4,3.0016729831695557,yolo12n,motionblur_l3
Essen/Essen2/2015-04-22_12-12-38/Trafficlight_1,14,12,0.8571428571428571,0,0.0,12,5.331057071685791,yolo12n,motionblur_l3
Essen/Essen2/2015-04-22_12-12-38/Trafficlight_2,16,16,1.0,0,0.0,16,5.730792999267578,yolo12n,motionblur_l3
Essen/Essen2/2015-04-22_12-14-33/Trafficlight_1,5,5,1.0,0,0.0,5,1.8019039630889893,yolo12n,motionblur_l3
Essen/Essen2/2015-04-22_12-14-33/Trafficlight_2,4,4,1.0,0,0.0,4,1.8019039630889893,yolo12n,motionblur_l3
Essen/Essen2/2015-04-22_12-14-33/Trafficlight_3,5,5,1.0,0,0.0,5,1.8019039630889893,yolo12n,motionblur_l3
Essen/Essen2/2015-04-22_12-16-21/Trafficlight_1,16,16,1.0,0,0.0,16,5.99866795539856,yolo12n,motionblur_l3
Essen/Essen2/2015-04-22_12-16-21/Trafficlight_2,12,10,0.8333333333333334,0,0.0,10,3.600069046020508,yolo12n,motionblur_l3
Essen/Essen2/2015-04-22_12-17-10/Trafficlight_2,9,9,1.0,0,0.0,9,5.531995058059692,yolo12n,motionblur_l3
Essen/Essen2/2015-04-22_12-17-10/Trafficlight_1,17,6,0.35294117647058826,0,0.0,6,3.3997910022735596,yolo12n,motionblur_l3
Essen/Essen2/2015-04-22_12-17-10/Trafficlight_3,13,13,1.0,0,0.0,13,8.866031885147095,yolo12n,motionblur_l3
Essen/Essen3/2015-04-22_12-21-40/Trafficlight_2,20,15,0.75,0,0.0,14,2.6000490188598633,yolo12n,motionblur_l3
Essen/Essen3/2015-04-22_12-21-40/Trafficlight_3,1,1,1.0,0,0.0,1,0.0,yolo12n,motionblur_l3
Essen/Essen3/2015-04-22_12-22-11/Trafficlight_2,4,4,1.0,0,0.0,4,2.125485897064209,yolo12n,motionblur_l3
Essen/Essen3/2015-04-22_12-22-11/Trafficlight_3,6,6,1.0,0,0.0,6,3.45933198928833,yolo12n,motionblur_l3
Essen/Essen3/2015-04-22_12-22-11/Trafficlight_4,11,7,0.6363636363636364,0,0.0,4,2.125485897064209,yolo12n,motionblur_l3
Essen/Essen3/2015-04-22_12-24-28/Trafficlight_1,5,5,1.0,0,0.0,5,3.932101011276245,yolo12n,motionblur_l3
Essen/Essen3/2015-04-22_12-24-28/Trafficlight_2,5,5,1.0,0,0.0,5,3.932101011276245,yolo12n,motionblur_l3
Essen/Essen3/2015-04-22_12-24-28/Trafficlight_3,2,2,1.0,0,0.0,2,1.0009028911590576,yolo12n,motionblur_l3
Essen/Essen3/2015-04-22_12-28-48/Trafficlight_1,20,17,0.85,0,0.0,17,9.066886901855469,yolo12n,motionblur_l3
Essen/Essen3/2015-04-22_12-28-48/Trafficlight_5,10,10,1.0,0,0.0,10,4.799072980880737,yolo12n,motionblur_l3
Essen/Essen3/2015-04-22_12-31-21/Trafficlight_4,1,1,1.0,0,0.0,1,0.0,yolo12n,motionblur_l3
Essen/Essen3/2015-04-22_12-31-56/Trafficlight_1,8,8,1.0,0,0.0,8,0.9274928569793701,yolo12n,motionblur_l3
Essen/Essen3/2015-04-22_12-31-56/Trafficlight_2,19,9,0.47368421052631576,0,0.0,9,1.0621800422668457,yolo12n,motionblur_l3
Essen/Essen3/2015-04-22_12-31-56/Trafficlight_3,9,9,1.0,0,0.0,9,10.398319005966187,yolo12n,motionblur_l3
Essen/Essen3/2015-04-22_12-31-56/Trafficlight_4,9,8,0.8888888888888888,0,0.0,8,9.063285827636719,yolo12n,motionblur_l3
Essen/Essen3/2015-04-22_12-31-56/Trafficlight_16,8,5,0.625,0,0.0,5,2.4028100967407227,yolo12n,motionblur_l3
Essen/Essen3/2015-04-22_12-31-56/Trafficlight_17,6,2,0.3333333333333333,0,0.0,2,0.5977470874786377,yolo12n,motionblur_l3
Essen/Essen3/2015-04-22_12-31-56/Trafficlight_18,10,6,0.6,0,0.0,6,3.0005571842193604,yolo12n,motionblur_l3
Fulda/Fulda2/2015-05-15_18-00-09/Trafficlight_1,10,1,0.1,0,0.0,1,0.0,yolo12n,motionblur_l3
Fulda/Fulda2/2015-05-15_18-00-09/Trafficlight_7,3,2,0.6666666666666666,0,0.0,2,0.592069149017334,yolo12n,motionblur_l3
Fulda/Fulda2/2015-05-15_18-00-57/Trafficlight_1,14,10,0.7142857142857143,0,0.0,10,5.2941648960113525,yolo12n,motionblur_l3
Fulda/Fulda2/2015-05-15_18-00-57/Trafficlight_2,10,10,1.0,0,0.0,10,5.2941648960113525,yolo12n,motionblur_l3
Fulda/Fulda2/2015-05-15_18-00-57/Trafficlight_3,10,10,1.0,0,0.0,10,5.290283918380737,yolo12n,motionblur_l3
Fulda/Fulda2/2015-05-15_18-01-58/Trafficlight_14,3,3,1.0,0,0.0,3,1.1750850677490234,yolo12n,motionblur_l3
Fulda/Fulda2/2015-05-15_18-03-39/Trafficlight_5,11,8,0.7272727272727273,0,0.0,6,2.944856882095337,yolo12n,motionblur_l3
Fulda/Fulda2/2015-05-15_18-03-39/Trafficlight_6,7,6,0.8571428571428571,0,0.0,6,2.944856882095337,yolo12n,motionblur_l3
Fulda/Fulda2/2015-05-15_18-03-39/Trafficlight_7,11,8,0.7272727272727273,0,0.0,8,4.119768857955933,yolo12n,motionblur_l3
Fulda/Fulda2/2015-05-15_18-04-24/Trafficlight_2,15,6,0.4,0,0.0,2,0.5911819934844971,yolo12n,motionblur_l3
Fulda/Fulda2/2015-05-15_18-05-38/Trafficlight_1,16,16,1.0,0,0.0,16,8.822486162185669,yolo12n,motionblur_l3
Fulda/Fulda2/2015-05-15_18-05-38/Trafficlight_7,14,4,0.2857142857142857,0,0.0,4,1.7645180225372314,yolo12n,motionblur_l3
Fulda/Fulda2/2015-05-15_18-05-38/Trafficlight_12,7,7,1.0,0,0.0,4,1.763545036315918,yolo12n,motionblur_l3
Fulda/Fulda2/2015-05-15_18-07-04/Trafficlight_2,7,7,1.0,0,0.0,7,3.5272409915924072,yolo12n,motionblur_l3
Fulda/Fulda2/2015-05-15_18-07-04/Trafficlight_3,10,10,1.0,0,0.0,10,5.294755935668945,yolo12n,motionblur_l3
Fulda/Fulda2/2015-05-15_18-07-04/Trafficlight_14,2,2,1.0,0,0.0,2,0.5877358913421631,yolo12n,motionblur_l3
Fulda/Fulda2/2015-05-15_18-07-37/Trafficlight_2,2,2,1.0,0,0.0,2,0.5985150337219238,yolo12n,motionblur_l3
Fulda/Fulda2/2015-05-15_18-07-37/Trafficlight_3,3,3,1.0,0,0.0,3,1.1775381565093994,yolo12n,motionblur_l3
Fulda/Fulda2/2015-05-15_18-08-11/Trafficlight_1,8,8,1.0,0,0.0,8,4.119189023971558,yolo12n,motionblur_l3
Fulda/Fulda2/2015-05-15_18-08-11/Trafficlight_2,8,8,1.0,0,0.0,8,4.119189023971558,yolo12n,motionblur_l3
Fulda/Fulda2/2015-05-15_18-09-21/Trafficlight_1,14,14,1.0,0,0.0,14,7.643924951553345,yolo12n,motionblur_l3
Fulda/Fulda2/2015-05-15_18-09-21/Trafficlight_2,5,5,1.0,0,0.0,5,2.3477139472961426,yolo12n,motionblur_l3
Fulda/Fulda2/2015-05-15_18-11-25/Trafficlight_1,14,12,0.8571428571428571,0,0.0,9,4.707410097122192,yolo12n,motionblur_l3
Fulda/Fulda2/2015-05-15_18-11-25/Trafficlight_2,9,6,0.6666666666666666,0,0.0,5,2.3541300296783447,yolo12n,motionblur_l3
Fulda/Fulda2/2015-05-15_18-11-25/Trafficlight_3,12,12,1.0,0,0.0,12,6.470483064651489,yolo12n,motionblur_l3
Fulda/Fulda2/2015-05-15_18-12-26/Trafficlight_12,1,1,1.0,0,0.0,1,0.0,yolo12n,motionblur_l3
Fulda/Fulda2/2015-05-15_18-12-26/Trafficlight_13,1,1,1.0,0,0.0,1,0.0,yolo12n,motionblur_l3
Fulda/Fulda2/2015-05-15_18-13-56/Trafficlight_2,3,3,1.0,0,0.0,3,1.1754150390625,yolo12n,motionblur_l3
Fulda/Fulda2/2015-05-15_18-13-56/Trafficlight_3,3,3,1.0,0,0.0,3,1.1754150390625,yolo12n,motionblur_l3
Fulda/Fulda2/2015-05-15_18-13-56/Trafficlight_4,4,4,1.0,0,0.0,4,1.76487398147583,yolo12n,motionblur_l3
Hannover/Hannover4/2015-04-20_13-51-29/Trafficlight_7,20,20,1.0,0,0.0,20,5.936743974685669,yolo12n,motionblur_l3
Hannover/Hannover4/2015-04-20_13-51-36/Trafficlight_4,20,20,1.0,0,0.0,20,1.467405080795288,yolo12n,motionblur_l3
Hannover/Hannover4/2015-04-20_13-51-36/Trafficlight_6,10,10,1.0,0,0.0,10,0.6674211025238037,yolo12n,motionblur_l3
Hannover/Hannover4/2015-04-20_13-51-40/Trafficlight_2,20,17,0.85,0,0.0,9,4.930732011795044,yolo12n,motionblur_l3
Hannover/Hannover4/2015-04-20_13-51-40/Trafficlight_1,18,18,1.0,0,0.0,18,11.801587104797363,yolo12n,motionblur_l3
Hannover/Hannover4/2015-04-20_13-51-40/Trafficlight_3,19,19,1.0,0,0.0,19,11.204802989959717,yolo12n,motionblur_l3
Hannover/Hannover4/2015-04-20_13-54-28/Trafficlight_2,4,4,1.0,0,0.0,4,2.7978789806365967,yolo12n,motionblur_l3
Hannover/Hannover4/2015-04-20_13-54-28/Trafficlight_3,13,13,1.0,0,0.0,7,6.532738924026489,yolo12n,motionblur_l3
Hannover/Hannover4/2015-04-20_13-54-28/Trafficlight_7,5,5,1.0,0,0.0,5,3.7315638065338135,yolo12n,motionblur_l3
Hannover/Hannover4/2015-04-20_13-56-44/Trafficlight_3,12,12,1.0,0,0.0,12,7.867515802383423,yolo12n,motionblur_l3
Hannover/Hannover4/2015-04-20_13-56-44/Trafficlight_4,19,13,0.6842105263157895,0,0.0,12,7.867515802383423,yolo12n,motionblur_l3
Hannover/Hannover4/2015-04-20_13-57-56/Trafficlight_4,19,19,1.0,0,0.0,19,1.1975510120391846,yolo12n,motionblur_l3
Hannover/Hannover4/2015-04-20_13-58-03/Trafficlight_3,16,11,0.6875,0,0.0,10,6.198125123977661,yolo12n,motionblur_l3
Hannover/Hannover4/2015-04-20_13-58-03/Trafficlight_4,23,21,0.9130434782608695,0,0.0,16,10.33044695854187,yolo12n,motionblur_l3
Hannover/Hannover4/2015-04-20_13-59-27/Trafficlight_1,20,20,1.0,0,0.0,20,1.3349270820617676,yolo12n,motionblur_l3
Hannover/Hannover4/2015-04-20_14-00-12/Trafficlight_1,26,26,1.0,0,0.0,14,6.397797107696533,yolo12n,motionblur_l3
Hannover/Hannover4/2015-04-20_14-00-12/Trafficlight_2,29,29,1.0,0,0.0,15,8.126466035842896,yolo12n,motionblur_l3
Hannover/Hannover4/2015-04-20_14-00-12/Trafficlight_3,9,9,1.0,0,0.0,9,4.66677713394165,yolo12n,motionblur_l3
Hannover/Hannover4/2015-04-20_14-01-01/Trafficlight_2,20,6,0.3,0,0.0,6,4.333745002746582,yolo12n,motionblur_l3
Hannover/Hannover4/2015-04-20_14-01-01/Trafficlight_1,20,20,1.0,0,0.0,19,16.600769996643066,yolo12n,motionblur_l3
Hannover/Hannover4/2015-04-20_14-02-07/Trafficlight_4,20,20,1.0,0,0.0,20,5.469353914260864,yolo12n,motionblur_l3
Hannover/Hannover4/2015-04-20_14-02-24/Trafficlight_2,8,8,1.0,0,0.0,8,2.2011499404907227,yolo12n,motionblur_l3
Hannover/Hannover4/2015-04-20_14-02-24/Trafficlight_3,10,10,1.0,0,0.0,9,2.5317258834838867,yolo12n,motionblur_l3
Hannover/Hannover4/2015-04-20_14-02-24/Trafficlight_1,9,9,1.0,0,0.0,9,2.5317258834838867,yolo12n,motionblur_l3
Hannover/Hannover4/2015-04-20_14-02-24/Trafficlight_5,1,1,1.0,0,0.0,1,0.0,yolo12n,motionblur_l3
Hannover/Hannover4/2015-04-20_14-04-24/Trafficlight_3,6,6,1.0,0,0.0,4,1.6685810089111328,yolo12n,motionblur_l3
Hannover/Hannover4/2015-04-20_14-04-24/Trafficlight_4,4,4,1.0,0,0.0,4,1.6685810089111328,yolo12n,motionblur_l3
Hannover/Hannover4/2015-04-20_14-04-24/Trafficlight_5,14,14,1.0,0,0.0,10,5.067967891693115,yolo12n,motionblur_l3
Hannover/Hannover4/2015-04-20_14-05-57/Trafficlight_2,12,12,1.0,0,0.0,12,9.731340885162354,yolo12n,motionblur_l3
Hannover/Hannover4/2015-04-20_14-05-57/Trafficlight_1,7,7,1.0,0,0.0,7,5.333891868591309,yolo12n,motionblur_l3
Hannover/Hannover4/2015-04-20_14-05-57/Trafficlight_3,17,10,0.5882352941176471,0,0.0,9,7.063100099563599,yolo12n,motionblur_l3
Hannover/Hannover4/2015-04-20_14-06-51/Trafficlight_2,15,13,0.8666666666666667,0,0.0,10,4.9340338706970215,yolo12n,motionblur_l3
Hannover/Hannover4/2015-04-20_14-06-51/Trafficlight_1,18,17,0.9444444444444444,0,0.0,9,4.401443958282471,yolo12n,motionblur_l3
Hannover/Hannover4/2015-04-20_14-06-51/Trafficlight_3,18,18,1.0,0,0.0,18,9.332195043563843,yolo12n,motionblur_l3
Hannover/Hannover4/2015-04-20_14-08-36/Trafficlight_4,10,10,1.0,0,0.0,10,3.0629000663757324,yolo12n,motionblur_l3
Hannover/Hannover4/2015-04-20_14-08-36/Trafficlight_5,20,20,1.0,0,0.0,20,6.530776023864746,yolo12n,motionblur_l3
Hannover/Hannover4/2015-04-20_14-08-36/Trafficlight_3,9,9,1.0,0,0.0,9,2.732032060623169,yolo12n,motionblur_l3
Hannover/Hannover4/2015-04-20_14-09-52/Trafficlight_1,20,18,0.9,0,0.0,11,4.800441026687622,yolo12n,motionblur_l3
Hannover/Hannover4/2015-04-20_14-09-52/Trafficlight_2,20,12,0.6,0,0.0,6,2.4013500213623047,yolo12n,motionblur_l3
Hannover/Hannover4/2015-04-20_14-11-20/Trafficlight_1,12,12,1.0,0,0.0,12,5.13437294960022,yolo12n,motionblur_l3
Hannover/Hannover4/2015-04-20_14-11-20/Trafficlight_3,3,3,1.0,0,0.0,3,0.9365520477294922,yolo12n,motionblur_l3
Hannover/Hannover4/2015-04-20_14-12-16/Trafficlight_4,7,7,1.0,0,0.0,7,2.398069143295288,yolo12n,motionblur_l3
Hannover/Hannover4/2015-04-20_14-12-16/Trafficlight_5,7,7,1.0,0,0.0,7,2.398069143295288,yolo12n,motionblur_l3
Hannover/Hannover4/2015-04-20_14-12-16/Trafficlight_6,20,20,1.0,0,0.0,20,7.598844051361084,yolo12n,motionblur_l3
Hannover/Hannover4/2015-04-20_14-16-02/Trafficlight_2,14,14,1.0,0,0.0,9,4.999456167221069,yolo12n,motionblur_l3
Hannover/Hannover4/2015-04-20_14-16-02/Trafficlight_3,19,19,1.0,0,0.0,19,11.200973987579346,yolo12n,motionblur_l3
Hannover/Hannover4/2015-04-20_14-16-02/Trafficlight_1,8,8,1.0,0,0.0,8,4.332615852355957,yolo12n,motionblur_l3
Hannover/Hannover4/2015-04-20_14-17-12/Trafficlight_2,20,20,1.0,0,0.0,20,6.199991941452026,yolo12n,motionblur_l3
Hannover/Hannover4/2015-04-20_14-17-12/TrafficLight_6,20,20,1.0,0,0.0,20,6.199991941452026,yolo12n,motionblur_l3
Hannover/Hannover4/2015-04-20_14-31-46/Trafficlight_3,4,4,1.0,0,0.0,4,1.9333159923553467,yolo12n,motionblur_l3
Hannover/Hannover4/2015-04-20_14-31-46/Trafficlight_4,8,4,0.5,0,0.0,3,1.2638428211212158,yolo12n,motionblur_l3
Hannover/Hannover4/2015-04-20_14-31-46/Trafficlight_2,9,9,1.0,0,0.0,9,5.199236869812012,yolo12n,motionblur_l3
Hannover/Hannover4/2015-04-20_14-32-25/Trafficlight_3,14,10,0.7142857142857143,0,0.0,7,3.332705020904541,yolo12n,motionblur_l3
Hannover/Hannover4/2015-04-20_14-32-25/Trafficlight_4,20,14,0.7,0,0.0,14,7.199410915374756,yolo12n,motionblur_l3
Hannover/Hannover4/2015-04-20_14-33-38/Trafficlight_2,6,6,1.0,0,0.0,6,0.8681881427764893,yolo12n,motionblur_l3
Hannover/Hannover4/2015-04-20_14-33-38/Trafficlight_3,20,19,0.95,0,0.0,11,1.8038280010223389,yolo12n,motionblur_l3
Koeln/Koeln2/2015-04-23_12-31-31/Trafficlight_1,2,2,1.0,0,0.0,2,0.47226786613464355,yolo12n,motionblur_l3
Koeln/Koeln2/2015-04-23_12-31-31/Trafficlight_2,2,2,1.0,0,0.0,2,0.47226786613464355,yolo12n,motionblur_l3
Koeln/Koeln2/2015-04-23_12-31-31/Trafficlight_3,2,2,1.0,0,0.0,2,0.47226786613464355,yolo12n,motionblur_l3
Koeln/Koeln2/2015-04-23_12-33-22/Trafficlight_19,1,1,1.0,0,0.0,1,0.0,yolo12n,motionblur_l3
Koeln/Koeln2/2015-04-23_12-54-40/Trafficlight_3,9,9,1.0,0,0.0,9,6.822049140930176,yolo12n,motionblur_l3
Koeln/Koeln2/2015-04-23_12-54-40/Trafficlight_4,9,9,1.0,0,0.0,9,6.822049140930176,yolo12n,motionblur_l3
Koeln/Koeln2/2015-04-23_12-55-44/Trafficlight_3,8,8,1.0,0,0.0,8,5.351059913635254,yolo12n,motionblur_l3
Koeln/Koeln2/2015-04-23_12-55-44/Trafficlight_1,8,8,1.0,0,0.0,8,5.351059913635254,yolo12n,motionblur_l3
Koeln/Koeln2/2015-04-23_12-55-44/Trafficlight_2,7,6,0.8571428571428571,0,0.0,6,3.821012020111084,yolo12n,motionblur_l3
Koeln/Koeln2/2015-04-23_12-56-08/Trafficlight_2,11,9,0.8181818181818182,0,0.0,5,3.5263469219207764,yolo12n,motionblur_l3
Koeln/Koeln2/2015-04-23_12-56-08/Trafficlight_1,20,13,0.65,0,0.0,13,10.582648038864136,yolo12n,motionblur_l3
Koeln/Koeln2/2015-04-23_12-56-08/Trafficlight_3,15,8,0.5333333333333333,0,0.0,3,1.7635869979858398,yolo12n,motionblur_l3
Koeln/Koeln2/2015-04-23_12-58-12/Trafficlight_1,20,20,1.0,0,0.0,20,18.408507108688354,yolo12n,motionblur_l3
Koeln/Koeln2/2015-04-23_12-58-12/Trafficlight_2,20,15,0.75,0,0.0,7,5.820544958114624,yolo12n,motionblur_l3
Koeln/Koeln2/2015-04-23_13-03-59/Trafficlight_2,5,5,1.0,0,0.0,5,2.116795063018799,yolo12n,motionblur_l3
Koeln/Koeln2/2015-04-23_13-03-59/Trafficlight_3,7,7,1.0,0,0.0,7,3.4705021381378174,yolo12n,motionblur_l3
Koeln/Koeln2/2015-04-23_13-05-35/Trafficlight_4,3,3,1.0,0,0.0,3,1.6492500305175781,yolo12n,motionblur_l3
Koeln/Koeln2/2015-04-23_13-05-35/Trafficlight_5,4,4,1.0,0,0.0,4,2.763115882873535,yolo12n,motionblur_l3
Koeln/Koeln2/2015-04-23_13-10-19/Trafficlight_1,3,1,0.3333333333333333,0,0.0,1,0.0,yolo12n,motionblur_l3
Koeln/Koeln2/2015-04-23_13-10-19/Trafficlight_3,5,0,0.0,0,0.0,0,0.0,yolo12n,motionblur_l3
Koeln/Koeln2/2015-04-23_13-10-19/Trafficlight_7,6,6,1.0,0,0.0,4,2.4686670303344727,yolo12n,motionblur_l3
Koeln/Koeln2/2015-04-23_13-10-19/Trafficlight_8,6,6,1.0,0,0.0,4,2.4686670303344727,yolo12n,motionblur_l3
Koeln/Koeln2/2015-04-23_13-11-46/Trafficlight_1,5,5,1.0,0,0.0,5,4.520406007766724,yolo12n,motionblur_l3
Koeln/Koeln2/2015-04-23_13-11-46/Trafficlight_3,7,7,1.0,0,0.0,6,5.8708062171936035,yolo12n,motionblur_l3
Koeln/Koeln2/2015-04-23_13-15-36/Trafficlight_4,13,13,1.0,0,0.0,13,6.585233926773071,yolo12n,motionblur_l3
Koeln/Koeln2/2015-04-23_13-15-36/Trafficlight_5,2,2,1.0,0,0.0,2,0.7070450782775879,yolo12n,motionblur_l3
Koeln/Koeln2/2015-04-23_13-15-59/Trafficlight_4,15,3,0.2,0,0.0,3,2.116952896118164,yolo12n,motionblur_l3
Koeln/Koeln2/2015-04-23_13-15-59/Trafficlight_3,7,6,0.8571428571428571,0,0.0,6,5.293482780456543,yolo12n,motionblur_l3
Koeln/Koeln2/2015-04-23_13-16-45/Trafficlight_5,2,0,0.0,0,0.0,0,0.0,yolo12n,motionblur_l3
Koeln/Koeln2/2015-04-23_13-18-13/Trafficlight_4,7,7,1.0,0,0.0,5,1.4128310680389404,yolo12n,motionblur_l3
Koeln/Koeln2/2015-04-23_13-18-13/Trafficlight_5,12,12,1.0,0,0.0,12,3.8831870555877686,yolo12n,motionblur_l3
Koeln/Koeln2/2015-04-23_13-18-13/Trafficlight_6,13,13,1.0,0,0.0,13,4.237360000610352,yolo12n,motionblur_l3
Koeln/Koeln2/2015-04-23_13-18-13/Trafficlight_7,19,10,0.5263157894736842,0,0.0,5,1.4128310680389404,yolo12n,motionblur_l3
Koeln/Koeln2/2015-04-23_13-19-07/Trafficlight_1,12,4,0.3333333333333333,0,0.0,4,5.292745113372803,yolo12n,motionblur_l3
Koeln/Koeln2/2015-04-23_13-19-07/Trafficlight_2,4,4,1.0,0,0.0,4,5.292745113372803,yolo12n,motionblur_l3
Koeln/Koeln2/2015-04-23_13-19-07/Trafficlight_3,5,5,1.0,0,0.0,5,7.0580809116363525,yolo12n,motionblur_l3
Koeln/Koeln2/2015-04-23_13-19-07/Trafficlight_6,12,7,0.5833333333333334,0,0.0,1,0.0,yolo12n,motionblur_l3
Koeln/Koeln2/2015-04-23_13-19-07/Trafficlight_7,5,5,1.0,0,0.0,1,0.0,yolo12n,motionblur_l3
Koeln/Koeln2/2015-04-23_13-19-07/Trafficlight_8,6,6,1.0,0,0.0,1,0.0,yolo12n,motionblur_l3
Koeln/Koeln2/2015-04-23_13-22-16/Trafficlight_5,16,16,1.0,0,0.0,14,11.05482292175293,yolo12n,motionblur_l3
Koeln/Koeln2/2015-04-23_13-22-16/Trafficlight_6,14,14,1.0,0,0.0,14,11.05482292175293,yolo12n,motionblur_l3
Koeln/Koeln2/2015-04-23_13-26-00/Trafficlight_1,5,5,1.0,0,0.0,5,0.23670387268066406,yolo12n,motionblur_l3
Koeln/Koeln2/2015-04-23_13-26-00/Trafficlight_2,11,11,1.0,0,0.0,11,0.6478209495544434,yolo12n,motionblur_l3
Koeln/Koeln2/2015-04-23_13-27-52/Trafficlight_2,9,9,1.0,0,0.0,9,5.17716908454895,yolo12n,motionblur_l3
Koeln/Koeln2/2015-04-23_13-27-52/Trafficlight_3,9,9,1.0,0,0.0,9,5.17716908454895,yolo12n,motionblur_l3
Koeln/Koeln2/2015-04-23_13-28-56/Trafficlight_1,1,1,1.0,0,0.0,1,0.0,yolo12n,motionblur_l3
Koeln/Koeln2/2015-04-23_13-28-56/Trafficlight_3,1,0,0.0,0,0.0,0,0.0,yolo12n,motionblur_l3
Koeln/Koeln2/2015-04-23_13-29-48/Trafficlight_1,17,13,0.7647058823529411,0,0.0,8,2.413206100463867,yolo12n,motionblur_l3
Koeln/Koeln2/2015-04-23_13-29-48/Trafficlight_2,13,13,1.0,0,0.0,13,4.294061899185181,yolo12n,motionblur_l3
Koeln/Koeln2/2015-04-23_13-29-48/Trafficlight_3,17,17,1.0,0,0.0,17,5.824321031570435,yolo12n,motionblur_l3
Koeln/Koeln2/2015-04-23_13-30-07/Trafficlight_2,11,11,1.0,0,0.0,11,5.886243104934692,yolo12n,motionblur_l3
Koeln/Koeln2/2015-04-23_13-30-07/Trafficlight_3,14,12,0.8571428571428571,0,0.0,12,6.474306106567383,yolo12n,motionblur_l3
Koeln/Koeln2/2015-04-23_13-30-57/Trafficlight_3,10,9,0.9,0,0.0,5,3.0590569972991943,yolo12n,motionblur_l3
Koeln/Koeln2/2015-04-23_13-30-57/Trafficlight_4,12,12,1.0,0,0.0,12,8.647844076156616,yolo12n,motionblur_l3
